command=/private/tmp/ugreen-android-architecture-20260914/shared-release-1.7.0-9q2u2wrq/gradlew tasks --all -PugreenHomeSharedPath=/private/tmp/ugreen-android-architecture-20260914/shared-release-1.7.0-9q2u2wrq -PfirebaseCrashlyticsMappingUpload=false --no-daemon --console=plain
started_at=2026-09-14T14:27:43+08:00
To honour the JVM settings for this build a single-use Daemon process will be forked. For more on this, please refer to https://docs.gradle.org/9.4.1/userguide/gradle_daemon.html#sec:disabling_the_daemon in the Gradle documentation.
Daemon will be stopped at the end of the build 
[aliyun-mirror] Google: https://dl.google.com/dl/android/maven2/ -> https://maven.aliyun.com/repository/google
[aliyun-mirror] MavenRepo: https://repo.maven.apache.org/maven2/ -> https://maven.aliyun.com/repository/central
[aliyun-mirror] Gradle Central Plugin Repository: https://plugins.gradle.org/m2 -> https://maven.aliyun.com/repository/gradle-plugin
[aliyun-mirror] Google: https://dl.google.com/dl/android/maven2/ -> https://maven.aliyun.com/repository/google
[aliyun-mirror] MavenRepo: https://repo.maven.apache.org/maven2/ -> https://maven.aliyun.com/repository/central
[aliyun-mirror] Google: https://dl.google.com/dl/android/maven2/ -> https://maven.aliyun.com/repository/google
[aliyun-mirror] Gradle Central Plugin Repository: https://plugins.gradle.org/m2 -> https://maven.aliyun.com/repository/gradle-plugin
[aliyun-mirror] MavenRepo: https://repo.maven.apache.org/maven2/ -> https://maven.aliyun.com/repository/central

> Configure project :build-logic:convention
[aliyun-mirror] Gradle Central Plugin Repository: https://plugins.gradle.org/m2 -> https://maven.aliyun.com/repository/gradle-plugin

> Task :build-logic:convention:checkKotlinGradlePluginConfigurationErrors SKIPPED
> Task :build-logic:convention:compileKotlin UP-TO-DATE
> Task :build-logic:convention:compileJava NO-SOURCE
> Task :build-logic:convention:pluginDescriptors UP-TO-DATE
> Task :build-logic:convention:processResources UP-TO-DATE
> Task :build-logic:convention:classes UP-TO-DATE
> Task :build-logic:convention:jar UP-TO-DATE

> Configure project :airtc-appsdk
cocoaPodsInstalled=true
xcodeToolsInstalled=true
iosToolchainAvailable=true
explicitEnableIos=false
enableIos=false

> Configure project :app-shared
cocoaPodsInstalled=true
xcodeToolsInstalled=true
iosToolchainAvailable=true
explicitEnableIos=false
enableIos=false
w: ⚠️ Unused Kotlin Source Sets
The Kotlin source set commonTest was configured but not added to any Kotlin compilation.
Solution: You can add a source set to a target's compilation by connecting it with the compilation's default source set using 'dependsOn'.
See https://kotl.in/connecting-source-sets


> Configure project :core-database
cocoaPodsInstalled=true
xcodeToolsInstalled=true
iosToolchainAvailable=true
explicitEnableIos=false
enableIos=false

> Configure project :core-kv
cocoaPodsInstalled=true
xcodeToolsInstalled=true
iosToolchainAvailable=true
explicitEnableIos=false
enableIos=false

> Configure project :core-logger
cocoaPodsInstalled=true
xcodeToolsInstalled=true
iosToolchainAvailable=true
explicitEnableIos=false
enableIos=false

> Configure project :core-mvi
cocoaPodsInstalled=true
xcodeToolsInstalled=true
iosToolchainAvailable=true
explicitEnableIos=false
enableIos=false
w: ⚠️ Unused Kotlin Source Sets
The Kotlin source set commonTest was configured but not added to any Kotlin compilation.
Solution: You can add a source set to a target's compilation by connecting it with the compilation's default source set using 'dependsOn'.
See https://kotl.in/connecting-source-sets


> Configure project :core-navigation
cocoaPodsInstalled=true
xcodeToolsInstalled=true
iosToolchainAvailable=true
explicitEnableIos=false
enableIos=false
WARNING: The 'commonTest' source directory exists, but android host tests are not enabled. To enable android host tests, add `withHostTest {}` to your android target configuration in the Gradle build file.
w: ⚠️ Unused Kotlin Source Sets
The Kotlin source set commonTest was configured but not added to any Kotlin compilation.
Solution: You can add a source set to a target's compilation by connecting it with the compilation's default source set using 'dependsOn'.
See https://kotl.in/connecting-source-sets


> Configure project :core-net
cocoaPodsInstalled=true
xcodeToolsInstalled=true
iosToolchainAvailable=true
explicitEnableIos=false
enableIos=false
w: ⚠️ iOS Source Set Used Without an iOS Target
Accessed 'source set iosMain' without registering any ios target:
kotlin {
    /* Register at least one of the following targets */
    iosX64()
    iosArm64()
    iosSimulatorArm64()

    /* Use convention */
    sourceSets.iosMain.dependencies {

    }
}
Solution: Please register at least one of the iOS targets.

w: ⚠️ Unused Kotlin Source Sets
The Kotlin source set iosMain was configured but not added to any Kotlin compilation.
Solution: You can add a source set to a target's compilation by connecting it with the compilation's default source set using 'dependsOn'.
See https://kotl.in/connecting-source-sets


> Configure project :core-player
cocoaPodsInstalled=true
xcodeToolsInstalled=true
iosToolchainAvailable=true
explicitEnableIos=false
enableIos=false
w: ⚠️ Unused Kotlin Source Sets
The Kotlin source set commonTest was configured but not added to any Kotlin compilation.
Solution: You can add a source set to a target's compilation by connecting it with the compilation's default source set using 'dependsOn'.
See https://kotl.in/connecting-source-sets


> Configure project :core-secure-package
cocoaPodsInstalled=true
xcodeToolsInstalled=true
iosToolchainAvailable=true
explicitEnableIos=false
enableIos=false

> Configure project :core-ui
cocoaPodsInstalled=true
xcodeToolsInstalled=true
iosToolchainAvailable=true
explicitEnableIos=false
enableIos=false

> Configure project :core-util
cocoaPodsInstalled=true
xcodeToolsInstalled=true
iosToolchainAvailable=true
explicitEnableIos=false
enableIos=false

> Configure project :device-biz
cocoaPodsInstalled=true
xcodeToolsInstalled=true
iosToolchainAvailable=true
explicitEnableIos=false
enableIos=false
WARNING: The 'commonTest' source directory exists, but android host tests are not enabled. To enable android host tests, add `withHostTest {}` to your android target configuration in the Gradle build file.
w: ⚠️ Unused Kotlin Source Sets
The Kotlin source set commonTest was configured but not added to any Kotlin compilation.
Solution: You can add a source set to a target's compilation by connecting it with the compilation's default source set using 'dependsOn'.
See https://kotl.in/connecting-source-sets


> Configure project :device-thing-model
cocoaPodsInstalled=true
xcodeToolsInstalled=true
iosToolchainAvailable=true
explicitEnableIos=false
enableIos=false

> Configure project :domain-device
cocoaPodsInstalled=true
xcodeToolsInstalled=true
iosToolchainAvailable=true
explicitEnableIos=false
enableIos=false

> Configure project :domain-env
cocoaPodsInstalled=true
xcodeToolsInstalled=true
iosToolchainAvailable=true
explicitEnableIos=false
enableIos=false

> Configure project :domain-family
cocoaPodsInstalled=true
xcodeToolsInstalled=true
iosToolchainAvailable=true
explicitEnableIos=false
enableIos=false
w: ⚠️ Unused Kotlin Source Sets
The Kotlin source set commonTest was configured but not added to any Kotlin compilation.
Solution: You can add a source set to a target's compilation by connecting it with the compilation's default source set using 'dependsOn'.
See https://kotl.in/connecting-source-sets


> Configure project :domain-product
cocoaPodsInstalled=true
xcodeToolsInstalled=true
iosToolchainAvailable=true
explicitEnableIos=false
enableIos=false
w: ⚠️ Unused Kotlin Source Sets
The Kotlin source set commonTest was configured but not added to any Kotlin compilation.
Solution: You can add a source set to a target's compilation by connecting it with the compilation's default source set using 'dependsOn'.
See https://kotl.in/connecting-source-sets


> Configure project :feature-auth
cocoaPodsInstalled=true
xcodeToolsInstalled=true
iosToolchainAvailable=true
explicitEnableIos=false
enableIos=false

> Configure project :feature-device-event
cocoaPodsInstalled=true
xcodeToolsInstalled=true
iosToolchainAvailable=true
explicitEnableIos=false
enableIos=false
w: ⚠️ Unused Kotlin Source Sets
The Kotlin source set commonTest was configured but not added to any Kotlin compilation.
Solution: You can add a source set to a target's compilation by connecting it with the compilation's default source set using 'dependsOn'.
See https://kotl.in/connecting-source-sets


> Configure project :feature-home-management
cocoaPodsInstalled=true
xcodeToolsInstalled=true
iosToolchainAvailable=true
explicitEnableIos=false
enableIos=false

> Configure project :feature-ota
cocoaPodsInstalled=true
xcodeToolsInstalled=true
iosToolchainAvailable=true
explicitEnableIos=false
enableIos=false

> Configure project :feature-playback
cocoaPodsInstalled=true
xcodeToolsInstalled=true
iosToolchainAvailable=true
explicitEnableIos=false
enableIos=false

> Configure project :feature-third-party-services
cocoaPodsInstalled=true
xcodeToolsInstalled=true
iosToolchainAvailable=true
explicitEnableIos=false
enableIos=false
WARNING: The 'commonTest' source directory exists, but android host tests are not enabled. To enable android host tests, add `withHostTest {}` to your android target configuration in the Gradle build file.
w: ⚠️ Unused Kotlin Source Sets
The Kotlin source set commonTest was configured but not added to any Kotlin compilation.
Solution: You can add a source set to a target's compilation by connecting it with the compilation's default source set using 'dependsOn'.
See https://kotl.in/connecting-source-sets


> Configure project :sample
cocoaPodsInstalled=true
xcodeToolsInstalled=true
iosToolchainAvailable=true
explicitEnableIos=false
enableIos=false

> Configure project :ugreen-strings-kmp
cocoaPodsInstalled=true
xcodeToolsInstalled=true
iosToolchainAvailable=true
explicitEnableIos=false
enableIos=false

> Task :tasks

------------------------------------------------------------
Tasks runnable from root project 'UgreenHome-Shared'
------------------------------------------------------------

Android tasks
-------------
sample-android:signingReport - Displays the signing info for the base and test modules
ugreen-strings-android:signingReport - Displays the signing info for the base and test modules

Application tasks
-----------------
core-util:runJvm - Run Kotlin jvmMain as a JVM application.

Build tasks
-----------
airtc-appsdk:allMetadataJar - Assembles a jar archive containing the metadata for all Kotlin source sets.
app-shared:allMetadataJar - Assembles a jar archive containing the metadata for all Kotlin source sets.
core-database:allMetadataJar - Assembles a jar archive containing the metadata for all Kotlin source sets.
core-kv:allMetadataJar - Assembles a jar archive containing the metadata for all Kotlin source sets.
core-logger:allMetadataJar - Assembles a jar archive containing the metadata for all Kotlin source sets.
core-mvi:allMetadataJar - Assembles a jar archive containing the metadata for all Kotlin source sets.
core-navigation:allMetadataJar - Assembles a jar archive containing the metadata for all Kotlin source sets.
core-net:allMetadataJar - Assembles a jar archive containing the metadata for all Kotlin source sets.
core-player:allMetadataJar - Assembles a jar archive containing the metadata for all Kotlin source sets.
core-secure-package:allMetadataJar - Assembles a jar archive containing the metadata for all Kotlin source sets.
core-ui:allMetadataJar - Assembles a jar archive containing the metadata for all Kotlin source sets.
core-util:allMetadataJar - Assembles a jar archive containing the metadata for all Kotlin source sets.
device-biz:allMetadataJar - Assembles a jar archive containing the metadata for all Kotlin source sets.
device-thing-model:allMetadataJar - Assembles a jar archive containing the metadata for all Kotlin source sets.
domain-device:allMetadataJar - Assembles a jar archive containing the metadata for all Kotlin source sets.
domain-env:allMetadataJar - Assembles a jar archive containing the metadata for all Kotlin source sets.
domain-family:allMetadataJar - Assembles a jar archive containing the metadata for all Kotlin source sets.
domain-product:allMetadataJar - Assembles a jar archive containing the metadata for all Kotlin source sets.
feature-auth:allMetadataJar - Assembles a jar archive containing the metadata for all Kotlin source sets.
feature-device-event:allMetadataJar - Assembles a jar archive containing the metadata for all Kotlin source sets.
feature-home-management:allMetadataJar - Assembles a jar archive containing the metadata for all Kotlin source sets.
feature-ota:allMetadataJar - Assembles a jar archive containing the metadata for all Kotlin source sets.
feature-playback:allMetadataJar - Assembles a jar archive containing the metadata for all Kotlin source sets.
feature-third-party-services:allMetadataJar - Assembles a jar archive containing the metadata for all Kotlin source sets.
sample:allMetadataJar - Assembles a jar archive containing the metadata for all Kotlin source sets.
ugreen-strings-kmp:allMetadataJar - Assembles a jar archive containing the metadata for all Kotlin source sets.
airtc-appsdk:androidSourcesJar - Assembles a jar archive containing the sources of target 'android'.
app-shared:androidSourcesJar - Assembles a jar archive containing the sources of target 'android'.
core-database:androidSourcesJar - Assembles a jar archive containing the sources of target 'android'.
core-kv:androidSourcesJar - Assembles a jar archive containing the sources of target 'android'.
core-logger:androidSourcesJar - Assembles a jar archive containing the sources of target 'android'.
core-mvi:androidSourcesJar - Assembles a jar archive containing the sources of target 'android'.
core-navigation:androidSourcesJar - Assembles a jar archive containing the sources of target 'android'.
core-net:androidSourcesJar - Assembles a jar archive containing the sources of target 'android'.
core-player:androidSourcesJar - Assembles a jar archive containing the sources of target 'android'.
core-secure-package:androidSourcesJar - Assembles a jar archive containing the sources of target 'android'.
core-ui:androidSourcesJar - Assembles a jar archive containing the sources of target 'android'.
core-util:androidSourcesJar - Assembles a jar archive containing the sources of target 'android'.
device-biz:androidSourcesJar - Assembles a jar archive containing the sources of target 'android'.
device-thing-model:androidSourcesJar - Assembles a jar archive containing the sources of target 'android'.
domain-device:androidSourcesJar - Assembles a jar archive containing the sources of target 'android'.
domain-env:androidSourcesJar - Assembles a jar archive containing the sources of target 'android'.
domain-family:androidSourcesJar - Assembles a jar archive containing the sources of target 'android'.
domain-product:androidSourcesJar - Assembles a jar archive containing the sources of target 'android'.
feature-auth:androidSourcesJar - Assembles a jar archive containing the sources of target 'android'.
feature-device-event:androidSourcesJar - Assembles a jar archive containing the sources of target 'android'.
feature-home-management:androidSourcesJar - Assembles a jar archive containing the sources of target 'android'.
feature-ota:androidSourcesJar - Assembles a jar archive containing the sources of target 'android'.
feature-playback:androidSourcesJar - Assembles a jar archive containing the sources of target 'android'.
feature-third-party-services:androidSourcesJar - Assembles a jar archive containing the sources of target 'android'.
sample:androidSourcesJar - Assembles a jar archive containing the sources of target 'android'.
ugreen-strings-kmp:androidSourcesJar - Assembles a jar archive containing the sources of target 'android'.
airtc-appsdk:assemble - Assembles the outputs of this project.
app-shared:assemble - Assembles the outputs of this project.
core-database:assemble - Assembles the outputs of this project.
core-kv:assemble - Assembles the outputs of this project.
core-logger:assemble - Assembles the outputs of this project.
core-mvi:assemble - Assembles the outputs of this project.
core-navigation:assemble - Assembles the outputs of this project.
core-net:assemble - Assembles the outputs of this project.
core-player:assemble - Assembles the outputs of this project.
core-secure-package:assemble - Assembles the outputs of this project.
core-ui:assemble - Assembles the outputs of this project.
core-util:assemble - Assembles the outputs of this project.
detekt-rules-kmp:assemble - Assembles the outputs of this project.
device-biz:assemble - Assembles the outputs of this project.
device-thing-model:assemble - Assembles the outputs of this project.
domain-device:assemble - Assembles the outputs of this project.
domain-env:assemble - Assembles the outputs of this project.
domain-family:assemble - Assembles the outputs of this project.
domain-product:assemble - Assembles the outputs of this project.
feature-auth:assemble - Assembles the outputs of this project.
feature-device-event:assemble - Assembles the outputs of this project.
feature-home-management:assemble - Assembles the outputs of this project.
feature-ota:assemble - Assembles the outputs of this project.
feature-playback:assemble - Assembles the outputs of this project.
feature-third-party-services:assemble - Assembles the outputs of this project.
sample:assemble - Assembles the outputs of this project.
sample-android:assemble - Assemble main outputs for all the variants.
ugreen-strings-android:assemble - Assemble main outputs for all the variants.
ugreen-strings-kmp:assemble - Assembles the outputs of this project.
airtc-appsdk:assembleAndroidTest - Assembles all the Test applications.
app-shared:assembleAndroidTest - Assembles all the Test applications.
core-database:assembleAndroidTest - Assembles all the Test applications.
core-kv:assembleAndroidTest - Assembles all the Test applications.
core-logger:assembleAndroidTest - Assembles all the Test applications.
core-mvi:assembleAndroidTest - Assembles all the Test applications.
core-navigation:assembleAndroidTest - Assembles all the Test applications.
core-net:assembleAndroidTest - Assembles all the Test applications.
core-player:assembleAndroidTest - Assembles all the Test applications.
core-secure-package:assembleAndroidTest - Assembles all the Test applications.
core-ui:assembleAndroidTest - Assembles all the Test applications.
core-util:assembleAndroidTest - Assembles all the Test applications.
device-biz:assembleAndroidTest - Assembles all the Test applications.
device-thing-model:assembleAndroidTest - Assembles all the Test applications.
domain-device:assembleAndroidTest - Assembles all the Test applications.
domain-env:assembleAndroidTest - Assembles all the Test applications.
domain-family:assembleAndroidTest - Assembles all the Test applications.
domain-product:assembleAndroidTest - Assembles all the Test applications.
feature-auth:assembleAndroidTest - Assembles all the Test applications.
feature-device-event:assembleAndroidTest - Assembles all the Test applications.
feature-home-management:assembleAndroidTest - Assembles all the Test applications.
feature-ota:assembleAndroidTest - Assembles all the Test applications.
feature-playback:assembleAndroidTest - Assembles all the Test applications.
feature-third-party-services:assembleAndroidTest - Assembles all the Test applications.
sample:assembleAndroidTest - Assembles all the Test applications.
sample-android:assembleAndroidTest - Assembles all the Test applications.
ugreen-strings-android:assembleAndroidTest - Assembles all the Test applications.
ugreen-strings-kmp:assembleAndroidTest - Assembles all the Test applications.
airtc-appsdk:assembleUnitTest - Assembles all the unit test applications.
app-shared:assembleUnitTest - Assembles all the unit test applications.
core-database:assembleUnitTest - Assembles all the unit test applications.
core-kv:assembleUnitTest - Assembles all the unit test applications.
core-logger:assembleUnitTest - Assembles all the unit test applications.
core-mvi:assembleUnitTest - Assembles all the unit test applications.
core-navigation:assembleUnitTest - Assembles all the unit test applications.
core-net:assembleUnitTest - Assembles all the unit test applications.
core-player:assembleUnitTest - Assembles all the unit test applications.
core-secure-package:assembleUnitTest - Assembles all the unit test applications.
core-ui:assembleUnitTest - Assembles all the unit test applications.
core-util:assembleUnitTest - Assembles all the unit test applications.
device-biz:assembleUnitTest - Assembles all the unit test applications.
device-thing-model:assembleUnitTest - Assembles all the unit test applications.
domain-device:assembleUnitTest - Assembles all the unit test applications.
domain-env:assembleUnitTest - Assembles all the unit test applications.
domain-family:assembleUnitTest - Assembles all the unit test applications.
domain-product:assembleUnitTest - Assembles all the unit test applications.
feature-auth:assembleUnitTest - Assembles all the unit test applications.
feature-device-event:assembleUnitTest - Assembles all the unit test applications.
feature-home-management:assembleUnitTest - Assembles all the unit test applications.
feature-ota:assembleUnitTest - Assembles all the unit test applications.
feature-playback:assembleUnitTest - Assembles all the unit test applications.
feature-third-party-services:assembleUnitTest - Assembles all the unit test applications.
sample:assembleUnitTest - Assembles all the unit test applications.
sample-android:assembleUnitTest - Assembles all the unit test applications.
ugreen-strings-android:assembleUnitTest - Assembles all the unit test applications.
ugreen-strings-kmp:assembleUnitTest - Assembles all the unit test applications.
airtc-appsdk:build - Assembles and tests this project.
app-shared:build - Assembles and tests this project.
core-database:build - Assembles and tests this project.
core-kv:build - Assembles and tests this project.
core-logger:build - Assembles and tests this project.
core-mvi:build - Assembles and tests this project.
core-navigation:build - Assembles and tests this project.
core-net:build - Assembles and tests this project.
core-player:build - Assembles and tests this project.
core-secure-package:build - Assembles and tests this project.
core-ui:build - Assembles and tests this project.
core-util:build - Assembles and tests this project.
detekt-rules-kmp:build - Assembles and tests this project.
device-biz:build - Assembles and tests this project.
device-thing-model:build - Assembles and tests this project.
domain-device:build - Assembles and tests this project.
domain-env:build - Assembles and tests this project.
domain-family:build - Assembles and tests this project.
domain-product:build - Assembles and tests this project.
feature-auth:build - Assembles and tests this project.
feature-device-event:build - Assembles and tests this project.
feature-home-management:build - Assembles and tests this project.
feature-ota:build - Assembles and tests this project.
feature-playback:build - Assembles and tests this project.
feature-third-party-services:build - Assembles and tests this project.
sample:build - Assembles and tests this project.
sample-android:build - Assembles and tests this project.
ugreen-strings-android:build - Assembles and tests this project.
ugreen-strings-kmp:build - Assembles and tests this project.
airtc-appsdk:buildDependents - Assembles and tests this project and all projects that depend on it.
app-shared:buildDependents - Assembles and tests this project and all projects that depend on it.
core-database:buildDependents - Assembles and tests this project and all projects that depend on it.
core-kv:buildDependents - Assembles and tests this project and all projects that depend on it.
core-logger:buildDependents - Assembles and tests this project and all projects that depend on it.
core-mvi:buildDependents - Assembles and tests this project and all projects that depend on it.
core-navigation:buildDependents - Assembles and tests this project and all projects that depend on it.
core-net:buildDependents - Assembles and tests this project and all projects that depend on it.
core-player:buildDependents - Assembles and tests this project and all projects that depend on it.
core-secure-package:buildDependents - Assembles and tests this project and all projects that depend on it.
core-ui:buildDependents - Assembles and tests this project and all projects that depend on it.
core-util:buildDependents - Assembles and tests this project and all projects that depend on it.
detekt-rules-kmp:buildDependents - Assembles and tests this project and all projects that depend on it.
device-biz:buildDependents - Assembles and tests this project and all projects that depend on it.
device-thing-model:buildDependents - Assembles and tests this project and all projects that depend on it.
domain-device:buildDependents - Assembles and tests this project and all projects that depend on it.
domain-env:buildDependents - Assembles and tests this project and all projects that depend on it.
domain-family:buildDependents - Assembles and tests this project and all projects that depend on it.
domain-product:buildDependents - Assembles and tests this project and all projects that depend on it.
feature-auth:buildDependents - Assembles and tests this project and all projects that depend on it.
feature-device-event:buildDependents - Assembles and tests this project and all projects that depend on it.
feature-home-management:buildDependents - Assembles and tests this project and all projects that depend on it.
feature-ota:buildDependents - Assembles and tests this project and all projects that depend on it.
feature-playback:buildDependents - Assembles and tests this project and all projects that depend on it.
feature-third-party-services:buildDependents - Assembles and tests this project and all projects that depend on it.
sample:buildDependents - Assembles and tests this project and all projects that depend on it.
sample-android:buildDependents - Assembles and tests this project and all projects that depend on it.
ugreen-strings-android:buildDependents - Assembles and tests this project and all projects that depend on it.
ugreen-strings-kmp:buildDependents - Assembles and tests this project and all projects that depend on it.
airtc-appsdk:buildKotlinToolingMetadata - Build metadata json file containing information about the used Kotlin tooling
app-shared:buildKotlinToolingMetadata - Build metadata json file containing information about the used Kotlin tooling
core-database:buildKotlinToolingMetadata - Build metadata json file containing information about the used Kotlin tooling
core-kv:buildKotlinToolingMetadata - Build metadata json file containing information about the used Kotlin tooling
core-logger:buildKotlinToolingMetadata - Build metadata json file containing information about the used Kotlin tooling
core-mvi:buildKotlinToolingMetadata - Build metadata json file containing information about the used Kotlin tooling
core-navigation:buildKotlinToolingMetadata - Build metadata json file containing information about the used Kotlin tooling
core-net:buildKotlinToolingMetadata - Build metadata json file containing information about the used Kotlin tooling
core-player:buildKotlinToolingMetadata - Build metadata json file containing information about the used Kotlin tooling
core-secure-package:buildKotlinToolingMetadata - Build metadata json file containing information about the used Kotlin tooling
core-ui:buildKotlinToolingMetadata - Build metadata json file containing information about the used Kotlin tooling
core-util:buildKotlinToolingMetadata - Build metadata json file containing information about the used Kotlin tooling
detekt-rules-kmp:buildKotlinToolingMetadata - Build metadata json file containing information about the used Kotlin tooling
device-biz:buildKotlinToolingMetadata - Build metadata json file containing information about the used Kotlin tooling
device-thing-model:buildKotlinToolingMetadata - Build metadata json file containing information about the used Kotlin tooling
domain-device:buildKotlinToolingMetadata - Build metadata json file containing information about the used Kotlin tooling
domain-env:buildKotlinToolingMetadata - Build metadata json file containing information about the used Kotlin tooling
domain-family:buildKotlinToolingMetadata - Build metadata json file containing information about the used Kotlin tooling
domain-product:buildKotlinToolingMetadata - Build metadata json file containing information about the used Kotlin tooling
feature-auth:buildKotlinToolingMetadata - Build metadata json file containing information about the used Kotlin tooling
feature-device-event:buildKotlinToolingMetadata - Build metadata json file containing information about the used Kotlin tooling
feature-home-management:buildKotlinToolingMetadata - Build metadata json file containing information about the used Kotlin tooling
feature-ota:buildKotlinToolingMetadata - Build metadata json file containing information about the used Kotlin tooling
feature-playback:buildKotlinToolingMetadata - Build metadata json file containing information about the used Kotlin tooling
feature-third-party-services:buildKotlinToolingMetadata - Build metadata json file containing information about the used Kotlin tooling
sample:buildKotlinToolingMetadata - Build metadata json file containing information about the used Kotlin tooling
ugreen-strings-kmp:buildKotlinToolingMetadata - Build metadata json file containing information about the used Kotlin tooling
airtc-appsdk:buildNeeded - Assembles and tests this project and all projects it depends on.
app-shared:buildNeeded - Assembles and tests this project and all projects it depends on.
core-database:buildNeeded - Assembles and tests this project and all projects it depends on.
core-kv:buildNeeded - Assembles and tests this project and all projects it depends on.
core-logger:buildNeeded - Assembles and tests this project and all projects it depends on.
core-mvi:buildNeeded - Assembles and tests this project and all projects it depends on.
core-navigation:buildNeeded - Assembles and tests this project and all projects it depends on.
core-net:buildNeeded - Assembles and tests this project and all projects it depends on.
core-player:buildNeeded - Assembles and tests this project and all projects it depends on.
core-secure-package:buildNeeded - Assembles and tests this project and all projects it depends on.
core-ui:buildNeeded - Assembles and tests this project and all projects it depends on.
core-util:buildNeeded - Assembles and tests this project and all projects it depends on.
detekt-rules-kmp:buildNeeded - Assembles and tests this project and all projects it depends on.
device-biz:buildNeeded - Assembles and tests this project and all projects it depends on.
device-thing-model:buildNeeded - Assembles and tests this project and all projects it depends on.
domain-device:buildNeeded - Assembles and tests this project and all projects it depends on.
domain-env:buildNeeded - Assembles and tests this project and all projects it depends on.
domain-family:buildNeeded - Assembles and tests this project and all projects it depends on.
domain-product:buildNeeded - Assembles and tests this project and all projects it depends on.
feature-auth:buildNeeded - Assembles and tests this project and all projects it depends on.
feature-device-event:buildNeeded - Assembles and tests this project and all projects it depends on.
feature-home-management:buildNeeded - Assembles and tests this project and all projects it depends on.
feature-ota:buildNeeded - Assembles and tests this project and all projects it depends on.
feature-playback:buildNeeded - Assembles and tests this project and all projects it depends on.
feature-third-party-services:buildNeeded - Assembles and tests this project and all projects it depends on.
sample:buildNeeded - Assembles and tests this project and all projects it depends on.
sample-android:buildNeeded - Assembles and tests this project and all projects it depends on.
ugreen-strings-android:buildNeeded - Assembles and tests this project and all projects it depends on.
ugreen-strings-kmp:buildNeeded - Assembles and tests this project and all projects it depends on.
sample-android:bundle - Assemble bundles for all the variants.
detekt-rules-kmp:classes - Assembles main classes.
airtc-appsdk:clean - Deletes the build directory.
app-shared:clean - Deletes the build directory.
core-database:clean - Deletes the build directory.
core-kv:clean - Deletes the build directory.
core-logger:clean - Deletes the build directory.
core-mvi:clean - Deletes the build directory.
core-navigation:clean - Deletes the build directory.
core-net:clean - Deletes the build directory.
core-player:clean - Deletes the build directory.
core-secure-package:clean - Deletes the build directory.
core-ui:clean - Deletes the build directory.
core-util:clean - Deletes the build directory.
detekt-rules-kmp:clean - Deletes the build directory.
device-biz:clean - Deletes the build directory.
device-thing-model:clean - Deletes the build directory.
domain-device:clean - Deletes the build directory.
domain-env:clean - Deletes the build directory.
domain-family:clean - Deletes the build directory.
domain-product:clean - Deletes the build directory.
feature-auth:clean - Deletes the build directory.
feature-device-event:clean - Deletes the build directory.
feature-home-management:clean - Deletes the build directory.
feature-ota:clean - Deletes the build directory.
feature-playback:clean - Deletes the build directory.
feature-third-party-services:clean - Deletes the build directory.
sample:clean - Deletes the build directory.
sample-android:clean - Deletes the build directory.
ugreen-strings-android:clean - Deletes the build directory.
ugreen-strings-kmp:clean - Deletes the build directory.
airtc-appsdk:cleanAllTests - Deletes all the test results.
core-database:cleanAllTests - Deletes all the test results.
core-kv:cleanAllTests - Deletes all the test results.
core-logger:cleanAllTests - Deletes all the test results.
core-net:cleanAllTests - Deletes all the test results.
core-secure-package:cleanAllTests - Deletes all the test results.
core-ui:cleanAllTests - Deletes all the test results.
core-util:cleanAllTests - Deletes all the test results.
device-thing-model:cleanAllTests - Deletes all the test results.
domain-device:cleanAllTests - Deletes all the test results.
domain-env:cleanAllTests - Deletes all the test results.
feature-auth:cleanAllTests - Deletes all the test results.
feature-home-management:cleanAllTests - Deletes all the test results.
feature-ota:cleanAllTests - Deletes all the test results.
feature-playback:cleanAllTests - Deletes all the test results.
sample:cleanAllTests - Deletes all the test results.
ugreen-strings-kmp:cleanAllTests - Deletes all the test results.
core-database:compileAndroidDeviceTestSources
core-net:compileAndroidDeviceTestSources
airtc-appsdk:compileAndroidHostTestSources
core-database:compileAndroidHostTestSources
core-kv:compileAndroidHostTestSources
core-logger:compileAndroidHostTestSources
core-net:compileAndroidHostTestSources
core-secure-package:compileAndroidHostTestSources
core-ui:compileAndroidHostTestSources
core-util:compileAndroidHostTestSources
device-thing-model:compileAndroidHostTestSources
domain-device:compileAndroidHostTestSources
domain-env:compileAndroidHostTestSources
feature-auth:compileAndroidHostTestSources
feature-home-management:compileAndroidHostTestSources
feature-ota:compileAndroidHostTestSources
feature-playback:compileAndroidHostTestSources
sample:compileAndroidHostTestSources
ugreen-strings-kmp:compileAndroidHostTestSources
sample-android:compileDebugAndroidTestSources
ugreen-strings-android:compileDebugAndroidTestSources
sample-android:compileDebugSources
ugreen-strings-android:compileDebugSources
sample-android:compileDebugUnitTestSources
ugreen-strings-android:compileDebugUnitTestSources
sample-android:compileReleaseSources
ugreen-strings-android:compileReleaseSources
airtc-appsdk:extractAndroidMainAnnotations - Extracts Android annotations for the androidMain variant into the archive file
app-shared:extractAndroidMainAnnotations - Extracts Android annotations for the androidMain variant into the archive file
core-database:extractAndroidMainAnnotations - Extracts Android annotations for the androidMain variant into the archive file
core-kv:extractAndroidMainAnnotations - Extracts Android annotations for the androidMain variant into the archive file
core-logger:extractAndroidMainAnnotations - Extracts Android annotations for the androidMain variant into the archive file
core-mvi:extractAndroidMainAnnotations - Extracts Android annotations for the androidMain variant into the archive file
core-navigation:extractAndroidMainAnnotations - Extracts Android annotations for the androidMain variant into the archive file
core-net:extractAndroidMainAnnotations - Extracts Android annotations for the androidMain variant into the archive file
core-player:extractAndroidMainAnnotations - Extracts Android annotations for the androidMain variant into the archive file
core-secure-package:extractAndroidMainAnnotations - Extracts Android annotations for the androidMain variant into the archive file
core-ui:extractAndroidMainAnnotations - Extracts Android annotations for the androidMain variant into the archive file
core-util:extractAndroidMainAnnotations - Extracts Android annotations for the androidMain variant into the archive file
device-biz:extractAndroidMainAnnotations - Extracts Android annotations for the androidMain variant into the archive file
device-thing-model:extractAndroidMainAnnotations - Extracts Android annotations for the androidMain variant into the archive file
domain-device:extractAndroidMainAnnotations - Extracts Android annotations for the androidMain variant into the archive file
domain-env:extractAndroidMainAnnotations - Extracts Android annotations for the androidMain variant into the archive file
domain-family:extractAndroidMainAnnotations - Extracts Android annotations for the androidMain variant into the archive file
domain-product:extractAndroidMainAnnotations - Extracts Android annotations for the androidMain variant into the archive file
feature-auth:extractAndroidMainAnnotations - Extracts Android annotations for the androidMain variant into the archive file
feature-device-event:extractAndroidMainAnnotations - Extracts Android annotations for the androidMain variant into the archive file
feature-home-management:extractAndroidMainAnnotations - Extracts Android annotations for the androidMain variant into the archive file
feature-ota:extractAndroidMainAnnotations - Extracts Android annotations for the androidMain variant into the archive file
feature-playback:extractAndroidMainAnnotations - Extracts Android annotations for the androidMain variant into the archive file
feature-third-party-services:extractAndroidMainAnnotations - Extracts Android annotations for the androidMain variant into the archive file
sample:extractAndroidMainAnnotations - Extracts Android annotations for the androidMain variant into the archive file
ugreen-strings-kmp:extractAndroidMainAnnotations - Extracts Android annotations for the androidMain variant into the archive file
ugreen-strings-android:extractDebugAnnotations - Extracts Android annotations for the debug variant into the archive file
ugreen-strings-android:extractReleaseAnnotations - Extracts Android annotations for the release variant into the archive file
domain-env:generateEncryptedBuiltinAsset - Encrypt a plaintext asset and generate Kotlin embedded Base64 source
detekt-rules-kmp:jar - Assembles a jar archive containing the classes of the 'main' feature.
core-util:jvmJar - Assembles an archive containing the main classes.
core-util:jvmMainClasses - Assembles outputs for compilation 'main' of target 'jvm'
core-util:jvmSourcesJar - Assembles a jar archive containing the sources of target 'jvm'.
core-util:jvmTestClasses - Assembles outputs for compilation 'test' of target 'jvm'
detekt-rules-kmp:kotlinSourcesJar - Assembles a jar archive containing the sources of target 'kotlin'.
core-util:metadataCommonMainClasses - Assembles outputs for compilation 'commonMain' of target 'metadata'
airtc-appsdk:metadataMainClasses - Assembles outputs for compilation 'main' of target 'metadata'
app-shared:metadataMainClasses - Assembles outputs for compilation 'main' of target 'metadata'
core-database:metadataMainClasses - Assembles outputs for compilation 'main' of target 'metadata'
core-kv:metadataMainClasses - Assembles outputs for compilation 'main' of target 'metadata'
core-logger:metadataMainClasses - Assembles outputs for compilation 'main' of target 'metadata'
core-mvi:metadataMainClasses - Assembles outputs for compilation 'main' of target 'metadata'
core-navigation:metadataMainClasses - Assembles outputs for compilation 'main' of target 'metadata'
core-net:metadataMainClasses - Assembles outputs for compilation 'main' of target 'metadata'
core-player:metadataMainClasses - Assembles outputs for compilation 'main' of target 'metadata'
core-secure-package:metadataMainClasses - Assembles outputs for compilation 'main' of target 'metadata'
core-ui:metadataMainClasses - Assembles outputs for compilation 'main' of target 'metadata'
core-util:metadataMainClasses - Assembles outputs for compilation 'main' of target 'metadata'
device-biz:metadataMainClasses - Assembles outputs for compilation 'main' of target 'metadata'
device-thing-model:metadataMainClasses - Assembles outputs for compilation 'main' of target 'metadata'
domain-device:metadataMainClasses - Assembles outputs for compilation 'main' of target 'metadata'
domain-env:metadataMainClasses - Assembles outputs for compilation 'main' of target 'metadata'
domain-family:metadataMainClasses - Assembles outputs for compilation 'main' of target 'metadata'
domain-product:metadataMainClasses - Assembles outputs for compilation 'main' of target 'metadata'
feature-auth:metadataMainClasses - Assembles outputs for compilation 'main' of target 'metadata'
feature-device-event:metadataMainClasses - Assembles outputs for compilation 'main' of target 'metadata'
feature-home-management:metadataMainClasses - Assembles outputs for compilation 'main' of target 'metadata'
feature-ota:metadataMainClasses - Assembles outputs for compilation 'main' of target 'metadata'
feature-playback:metadataMainClasses - Assembles outputs for compilation 'main' of target 'metadata'
feature-third-party-services:metadataMainClasses - Assembles outputs for compilation 'main' of target 'metadata'
sample:metadataMainClasses - Assembles outputs for compilation 'main' of target 'metadata'
ugreen-strings-kmp:metadataMainClasses - Assembles outputs for compilation 'main' of target 'metadata'
airtc-appsdk:metadataSourcesJar - Assembles a jar archive containing the sources of target 'metadata'.
app-shared:metadataSourcesJar - Assembles a jar archive containing the sources of target 'metadata'.
core-database:metadataSourcesJar - Assembles a jar archive containing the sources of target 'metadata'.
core-kv:metadataSourcesJar - Assembles a jar archive containing the sources of target 'metadata'.
core-logger:metadataSourcesJar - Assembles a jar archive containing the sources of target 'metadata'.
core-mvi:metadataSourcesJar - Assembles a jar archive containing the sources of target 'metadata'.
core-navigation:metadataSourcesJar - Assembles a jar archive containing the sources of target 'metadata'.
core-net:metadataSourcesJar - Assembles a jar archive containing the sources of target 'metadata'.
core-player:metadataSourcesJar - Assembles a jar archive containing the sources of target 'metadata'.
core-secure-package:metadataSourcesJar - Assembles a jar archive containing the sources of target 'metadata'.
core-ui:metadataSourcesJar - Assembles a jar archive containing the sources of target 'metadata'.
core-util:metadataSourcesJar - Assembles a jar archive containing the sources of target 'metadata'.
device-biz:metadataSourcesJar - Assembles a jar archive containing the sources of target 'metadata'.
device-thing-model:metadataSourcesJar - Assembles a jar archive containing the sources of target 'metadata'.
domain-device:metadataSourcesJar - Assembles a jar archive containing the sources of target 'metadata'.
domain-env:metadataSourcesJar - Assembles a jar archive containing the sources of target 'metadata'.
domain-family:metadataSourcesJar - Assembles a jar archive containing the sources of target 'metadata'.
domain-product:metadataSourcesJar - Assembles a jar archive containing the sources of target 'metadata'.
feature-auth:metadataSourcesJar - Assembles a jar archive containing the sources of target 'metadata'.
feature-device-event:metadataSourcesJar - Assembles a jar archive containing the sources of target 'metadata'.
feature-home-management:metadataSourcesJar - Assembles a jar archive containing the sources of target 'metadata'.
feature-ota:metadataSourcesJar - Assembles a jar archive containing the sources of target 'metadata'.
feature-playback:metadataSourcesJar - Assembles a jar archive containing the sources of target 'metadata'.
feature-third-party-services:metadataSourcesJar - Assembles a jar archive containing the sources of target 'metadata'.
sample:metadataSourcesJar - Assembles a jar archive containing the sources of target 'metadata'.
ugreen-strings-kmp:metadataSourcesJar - Assembles a jar archive containing the sources of target 'metadata'.
airtc-appsdk:sourcesJar - Assembles a jar archive containing the sources of target 'kotlin'.
app-shared:sourcesJar - Assembles a jar archive containing the sources of target 'kotlin'.
core-database:sourcesJar - Assembles a jar archive containing the sources of target 'kotlin'.
core-kv:sourcesJar - Assembles a jar archive containing the sources of target 'kotlin'.
core-logger:sourcesJar - Assembles a jar archive containing the sources of target 'kotlin'.
core-mvi:sourcesJar - Assembles a jar archive containing the sources of target 'kotlin'.
core-navigation:sourcesJar - Assembles a jar archive containing the sources of target 'kotlin'.
core-net:sourcesJar - Assembles a jar archive containing the sources of target 'kotlin'.
core-player:sourcesJar - Assembles a jar archive containing the sources of target 'kotlin'.
core-secure-package:sourcesJar - Assembles a jar archive containing the sources of target 'kotlin'.
core-ui:sourcesJar - Assembles a jar archive containing the sources of target 'kotlin'.
core-util:sourcesJar - Assembles a jar archive containing the sources of target 'kotlin'.
device-biz:sourcesJar - Assembles a jar archive containing the sources of target 'kotlin'.
device-thing-model:sourcesJar - Assembles a jar archive containing the sources of target 'kotlin'.
domain-device:sourcesJar - Assembles a jar archive containing the sources of target 'kotlin'.
domain-env:sourcesJar - Assembles a jar archive containing the sources of target 'kotlin'.
domain-family:sourcesJar - Assembles a jar archive containing the sources of target 'kotlin'.
domain-product:sourcesJar - Assembles a jar archive containing the sources of target 'kotlin'.
feature-auth:sourcesJar - Assembles a jar archive containing the sources of target 'kotlin'.
feature-device-event:sourcesJar - Assembles a jar archive containing the sources of target 'kotlin'.
feature-home-management:sourcesJar - Assembles a jar archive containing the sources of target 'kotlin'.
feature-ota:sourcesJar - Assembles a jar archive containing the sources of target 'kotlin'.
feature-playback:sourcesJar - Assembles a jar archive containing the sources of target 'kotlin'.
feature-third-party-services:sourcesJar - Assembles a jar archive containing the sources of target 'kotlin'.
sample:sourcesJar - Assembles a jar archive containing the sources of target 'kotlin'.
ugreen-strings-kmp:sourcesJar - Assembles a jar archive containing the sources of target 'kotlin'.
detekt-rules-kmp:testClasses - Assembles test classes.

Build Setup tasks
-----------------
init - Initializes a new Gradle build.
updateDaemonJvm - Generates or updates the Gradle Daemon JVM criteria.
wrapper - Generates Gradle wrapper files.

Compose tasks
-------------
app-shared:composeCompatibilityBrowserDistribution - This task combines both js and wasm distributions into one so that wasm application fallback to js target if modern wasm feature are not supported
core-navigation:composeCompatibilityBrowserDistribution - This task combines both js and wasm distributions into one so that wasm application fallback to js target if modern wasm feature are not supported
core-player:composeCompatibilityBrowserDistribution - This task combines both js and wasm distributions into one so that wasm application fallback to js target if modern wasm feature are not supported
core-ui:composeCompatibilityBrowserDistribution - This task combines both js and wasm distributions into one so that wasm application fallback to js target if modern wasm feature are not supported
device-biz:composeCompatibilityBrowserDistribution - This task combines both js and wasm distributions into one so that wasm application fallback to js target if modern wasm feature are not supported
feature-auth:composeCompatibilityBrowserDistribution - This task combines both js and wasm distributions into one so that wasm application fallback to js target if modern wasm feature are not supported
feature-device-event:composeCompatibilityBrowserDistribution - This task combines both js and wasm distributions into one so that wasm application fallback to js target if modern wasm feature are not supported
feature-home-management:composeCompatibilityBrowserDistribution - This task combines both js and wasm distributions into one so that wasm application fallback to js target if modern wasm feature are not supported
feature-ota:composeCompatibilityBrowserDistribution - This task combines both js and wasm distributions into one so that wasm application fallback to js target if modern wasm feature are not supported
feature-third-party-services:composeCompatibilityBrowserDistribution - This task combines both js and wasm distributions into one so that wasm application fallback to js target if modern wasm feature are not supported
sample:composeCompatibilityBrowserDistribution - This task combines both js and wasm distributions into one so that wasm application fallback to js target if modern wasm feature are not supported
ugreen-strings-kmp:composeCompatibilityBrowserDistribution - This task combines both js and wasm distributions into one so that wasm application fallback to js target if modern wasm feature are not supported

Distribution tasks
------------------
core-util:assembleDist - Assembles the main distributions
core-util:assembleJvmDist - Assembles the jvm distributions
core-util:distTar - Bundles the project as a distribution.
core-util:distZip - Bundles the project as a distribution.
core-util:installDist - Installs the project as a distribution as-is.
core-util:installJvmDist - Installs the project as a distribution as-is.
core-util:jvmDistTar - Bundles the project as a distribution.
core-util:jvmDistZip - Bundles the project as a distribution.

Documentation tasks
-------------------
detekt-rules-kmp:javadoc - Generates Javadoc API documentation for the 'main' feature.

Help tasks
----------
artifactTransforms - Displays the Artifact Transforms that can be executed in root project 'UgreenHome-Shared'.
airtc-appsdk:artifactTransforms - Displays the Artifact Transforms that can be executed in project ':airtc-appsdk'.
app-shared:artifactTransforms - Displays the Artifact Transforms that can be executed in project ':app-shared'.
core-database:artifactTransforms - Displays the Artifact Transforms that can be executed in project ':core-database'.
core-kv:artifactTransforms - Displays the Artifact Transforms that can be executed in project ':core-kv'.
core-logger:artifactTransforms - Displays the Artifact Transforms that can be executed in project ':core-logger'.
core-mvi:artifactTransforms - Displays the Artifact Transforms that can be executed in project ':core-mvi'.
core-navigation:artifactTransforms - Displays the Artifact Transforms that can be executed in project ':core-navigation'.
core-net:artifactTransforms - Displays the Artifact Transforms that can be executed in project ':core-net'.
core-player:artifactTransforms - Displays the Artifact Transforms that can be executed in project ':core-player'.
core-secure-package:artifactTransforms - Displays the Artifact Transforms that can be executed in project ':core-secure-package'.
core-ui:artifactTransforms - Displays the Artifact Transforms that can be executed in project ':core-ui'.
core-util:artifactTransforms - Displays the Artifact Transforms that can be executed in project ':core-util'.
detekt-rules-kmp:artifactTransforms - Displays the Artifact Transforms that can be executed in project ':detekt-rules-kmp'.
device-biz:artifactTransforms - Displays the Artifact Transforms that can be executed in project ':device-biz'.
device-thing-model:artifactTransforms - Displays the Artifact Transforms that can be executed in project ':device-thing-model'.
domain-device:artifactTransforms - Displays the Artifact Transforms that can be executed in project ':domain-device'.
domain-env:artifactTransforms - Displays the Artifact Transforms that can be executed in project ':domain-env'.
domain-family:artifactTransforms - Displays the Artifact Transforms that can be executed in project ':domain-family'.
domain-product:artifactTransforms - Displays the Artifact Transforms that can be executed in project ':domain-product'.
feature-auth:artifactTransforms - Displays the Artifact Transforms that can be executed in project ':feature-auth'.
feature-device-event:artifactTransforms - Displays the Artifact Transforms that can be executed in project ':feature-device-event'.
feature-home-management:artifactTransforms - Displays the Artifact Transforms that can be executed in project ':feature-home-management'.
feature-ota:artifactTransforms - Displays the Artifact Transforms that can be executed in project ':feature-ota'.
feature-playback:artifactTransforms - Displays the Artifact Transforms that can be executed in project ':feature-playback'.
feature-third-party-services:artifactTransforms - Displays the Artifact Transforms that can be executed in project ':feature-third-party-services'.
sample:artifactTransforms - Displays the Artifact Transforms that can be executed in project ':sample'.
sample-android:artifactTransforms - Displays the Artifact Transforms that can be executed in project ':sample-android'.
ugreen-strings-android:artifactTransforms - Displays the Artifact Transforms that can be executed in project ':ugreen-strings-android'.
ugreen-strings-kmp:artifactTransforms - Displays the Artifact Transforms that can be executed in project ':ugreen-strings-kmp'.
buildEnvironment - Displays all buildscript dependencies declared in root project 'UgreenHome-Shared'.
airtc-appsdk:buildEnvironment - Displays all buildscript dependencies declared in project ':airtc-appsdk'.
app-shared:buildEnvironment - Displays all buildscript dependencies declared in project ':app-shared'.
core-database:buildEnvironment - Displays all buildscript dependencies declared in project ':core-database'.
core-kv:buildEnvironment - Displays all buildscript dependencies declared in project ':core-kv'.
core-logger:buildEnvironment - Displays all buildscript dependencies declared in project ':core-logger'.
core-mvi:buildEnvironment - Displays all buildscript dependencies declared in project ':core-mvi'.
core-navigation:buildEnvironment - Displays all buildscript dependencies declared in project ':core-navigation'.
core-net:buildEnvironment - Displays all buildscript dependencies declared in project ':core-net'.
core-player:buildEnvironment - Displays all buildscript dependencies declared in project ':core-player'.
core-secure-package:buildEnvironment - Displays all buildscript dependencies declared in project ':core-secure-package'.
core-ui:buildEnvironment - Displays all buildscript dependencies declared in project ':core-ui'.
core-util:buildEnvironment - Displays all buildscript dependencies declared in project ':core-util'.
detekt-rules-kmp:buildEnvironment - Displays all buildscript dependencies declared in project ':detekt-rules-kmp'.
device-biz:buildEnvironment - Displays all buildscript dependencies declared in project ':device-biz'.
device-thing-model:buildEnvironment - Displays all buildscript dependencies declared in project ':device-thing-model'.
domain-device:buildEnvironment - Displays all buildscript dependencies declared in project ':domain-device'.
domain-env:buildEnvironment - Displays all buildscript dependencies declared in project ':domain-env'.
domain-family:buildEnvironment - Displays all buildscript dependencies declared in project ':domain-family'.
domain-product:buildEnvironment - Displays all buildscript dependencies declared in project ':domain-product'.
feature-auth:buildEnvironment - Displays all buildscript dependencies declared in project ':feature-auth'.
feature-device-event:buildEnvironment - Displays all buildscript dependencies declared in project ':feature-device-event'.
feature-home-management:buildEnvironment - Displays all buildscript dependencies declared in project ':feature-home-management'.
feature-ota:buildEnvironment - Displays all buildscript dependencies declared in project ':feature-ota'.
feature-playback:buildEnvironment - Displays all buildscript dependencies declared in project ':feature-playback'.
feature-third-party-services:buildEnvironment - Displays all buildscript dependencies declared in project ':feature-third-party-services'.
sample:buildEnvironment - Displays all buildscript dependencies declared in project ':sample'.
sample-android:buildEnvironment - Displays all buildscript dependencies declared in project ':sample-android'.
ugreen-strings-android:buildEnvironment - Displays all buildscript dependencies declared in project ':ugreen-strings-android'.
ugreen-strings-kmp:buildEnvironment - Displays all buildscript dependencies declared in project ':ugreen-strings-kmp'.
dependencies - Displays all dependencies declared in root project 'UgreenHome-Shared'.
airtc-appsdk:dependencies - Displays all dependencies declared in project ':airtc-appsdk'.
app-shared:dependencies - Displays all dependencies declared in project ':app-shared'.
core-database:dependencies - Displays all dependencies declared in project ':core-database'.
core-kv:dependencies - Displays all dependencies declared in project ':core-kv'.
core-logger:dependencies - Displays all dependencies declared in project ':core-logger'.
core-mvi:dependencies - Displays all dependencies declared in project ':core-mvi'.
core-navigation:dependencies - Displays all dependencies declared in project ':core-navigation'.
core-net:dependencies - Displays all dependencies declared in project ':core-net'.
core-player:dependencies - Displays all dependencies declared in project ':core-player'.
core-secure-package:dependencies - Displays all dependencies declared in project ':core-secure-package'.
core-ui:dependencies - Displays all dependencies declared in project ':core-ui'.
core-util:dependencies - Displays all dependencies declared in project ':core-util'.
detekt-rules-kmp:dependencies - Displays all dependencies declared in project ':detekt-rules-kmp'.
device-biz:dependencies - Displays all dependencies declared in project ':device-biz'.
device-thing-model:dependencies - Displays all dependencies declared in project ':device-thing-model'.
domain-device:dependencies - Displays all dependencies declared in project ':domain-device'.
domain-env:dependencies - Displays all dependencies declared in project ':domain-env'.
domain-family:dependencies - Displays all dependencies declared in project ':domain-family'.
domain-product:dependencies - Displays all dependencies declared in project ':domain-product'.
feature-auth:dependencies - Displays all dependencies declared in project ':feature-auth'.
feature-device-event:dependencies - Displays all dependencies declared in project ':feature-device-event'.
feature-home-management:dependencies - Displays all dependencies declared in project ':feature-home-management'.
feature-ota:dependencies - Displays all dependencies declared in project ':feature-ota'.
feature-playback:dependencies - Displays all dependencies declared in project ':feature-playback'.
feature-third-party-services:dependencies - Displays all dependencies declared in project ':feature-third-party-services'.
sample:dependencies - Displays all dependencies declared in project ':sample'.
sample-android:dependencies - Displays all dependencies declared in project ':sample-android'.
ugreen-strings-android:dependencies - Displays all dependencies declared in project ':ugreen-strings-android'.
ugreen-strings-kmp:dependencies - Displays all dependencies declared in project ':ugreen-strings-kmp'.
dependencyInsight - Displays the insight into a specific dependency in root project 'UgreenHome-Shared'.
airtc-appsdk:dependencyInsight - Displays the insight into a specific dependency in project ':airtc-appsdk'.
app-shared:dependencyInsight - Displays the insight into a specific dependency in project ':app-shared'.
core-database:dependencyInsight - Displays the insight into a specific dependency in project ':core-database'.
core-kv:dependencyInsight - Displays the insight into a specific dependency in project ':core-kv'.
core-logger:dependencyInsight - Displays the insight into a specific dependency in project ':core-logger'.
core-mvi:dependencyInsight - Displays the insight into a specific dependency in project ':core-mvi'.
core-navigation:dependencyInsight - Displays the insight into a specific dependency in project ':core-navigation'.
core-net:dependencyInsight - Displays the insight into a specific dependency in project ':core-net'.
core-player:dependencyInsight - Displays the insight into a specific dependency in project ':core-player'.
core-secure-package:dependencyInsight - Displays the insight into a specific dependency in project ':core-secure-package'.
core-ui:dependencyInsight - Displays the insight into a specific dependency in project ':core-ui'.
core-util:dependencyInsight - Displays the insight into a specific dependency in project ':core-util'.
detekt-rules-kmp:dependencyInsight - Displays the insight into a specific dependency in project ':detekt-rules-kmp'.
device-biz:dependencyInsight - Displays the insight into a specific dependency in project ':device-biz'.
device-thing-model:dependencyInsight - Displays the insight into a specific dependency in project ':device-thing-model'.
domain-device:dependencyInsight - Displays the insight into a specific dependency in project ':domain-device'.
domain-env:dependencyInsight - Displays the insight into a specific dependency in project ':domain-env'.
domain-family:dependencyInsight - Displays the insight into a specific dependency in project ':domain-family'.
domain-product:dependencyInsight - Displays the insight into a specific dependency in project ':domain-product'.
feature-auth:dependencyInsight - Displays the insight into a specific dependency in project ':feature-auth'.
feature-device-event:dependencyInsight - Displays the insight into a specific dependency in project ':feature-device-event'.
feature-home-management:dependencyInsight - Displays the insight into a specific dependency in project ':feature-home-management'.
feature-ota:dependencyInsight - Displays the insight into a specific dependency in project ':feature-ota'.
feature-playback:dependencyInsight - Displays the insight into a specific dependency in project ':feature-playback'.
feature-third-party-services:dependencyInsight - Displays the insight into a specific dependency in project ':feature-third-party-services'.
sample:dependencyInsight - Displays the insight into a specific dependency in project ':sample'.
sample-android:dependencyInsight - Displays the insight into a specific dependency in project ':sample-android'.
ugreen-strings-android:dependencyInsight - Displays the insight into a specific dependency in project ':ugreen-strings-android'.
ugreen-strings-kmp:dependencyInsight - Displays the insight into a specific dependency in project ':ugreen-strings-kmp'.
help - Displays a help message.
airtc-appsdk:help - Displays a help message.
app-shared:help - Displays a help message.
core-database:help - Displays a help message.
core-kv:help - Displays a help message.
core-logger:help - Displays a help message.
core-mvi:help - Displays a help message.
core-navigation:help - Displays a help message.
core-net:help - Displays a help message.
core-player:help - Displays a help message.
core-secure-package:help - Displays a help message.
core-ui:help - Displays a help message.
core-util:help - Displays a help message.
detekt-rules-kmp:help - Displays a help message.
device-biz:help - Displays a help message.
device-thing-model:help - Displays a help message.
domain-device:help - Displays a help message.
domain-env:help - Displays a help message.
domain-family:help - Displays a help message.
domain-product:help - Displays a help message.
feature-auth:help - Displays a help message.
feature-device-event:help - Displays a help message.
feature-home-management:help - Displays a help message.
feature-ota:help - Displays a help message.
feature-playback:help - Displays a help message.
feature-third-party-services:help - Displays a help message.
sample:help - Displays a help message.
sample-android:help - Displays a help message.
ugreen-strings-android:help - Displays a help message.
ugreen-strings-kmp:help - Displays a help message.
javaToolchains - Displays the detected java toolchains.
airtc-appsdk:javaToolchains - Displays the detected java toolchains.
app-shared:javaToolchains - Displays the detected java toolchains.
core-database:javaToolchains - Displays the detected java toolchains.
core-kv:javaToolchains - Displays the detected java toolchains.
core-logger:javaToolchains - Displays the detected java toolchains.
core-mvi:javaToolchains - Displays the detected java toolchains.
core-navigation:javaToolchains - Displays the detected java toolchains.
core-net:javaToolchains - Displays the detected java toolchains.
core-player:javaToolchains - Displays the detected java toolchains.
core-secure-package:javaToolchains - Displays the detected java toolchains.
core-ui:javaToolchains - Displays the detected java toolchains.
core-util:javaToolchains - Displays the detected java toolchains.
detekt-rules-kmp:javaToolchains - Displays the detected java toolchains.
device-biz:javaToolchains - Displays the detected java toolchains.
device-thing-model:javaToolchains - Displays the detected java toolchains.
domain-device:javaToolchains - Displays the detected java toolchains.
domain-env:javaToolchains - Displays the detected java toolchains.
domain-family:javaToolchains - Displays the detected java toolchains.
domain-product:javaToolchains - Displays the detected java toolchains.
feature-auth:javaToolchains - Displays the detected java toolchains.
feature-device-event:javaToolchains - Displays the detected java toolchains.
feature-home-management:javaToolchains - Displays the detected java toolchains.
feature-ota:javaToolchains - Displays the detected java toolchains.
feature-playback:javaToolchains - Displays the detected java toolchains.
feature-third-party-services:javaToolchains - Displays the detected java toolchains.
sample:javaToolchains - Displays the detected java toolchains.
sample-android:javaToolchains - Displays the detected java toolchains.
ugreen-strings-android:javaToolchains - Displays the detected java toolchains.
ugreen-strings-kmp:javaToolchains - Displays the detected java toolchains.
kotlinDslAccessorsReport - Prints the Kotlin code for accessing the currently available project extensions.
airtc-appsdk:kotlinDslAccessorsReport - Prints the Kotlin code for accessing the currently available project extensions.
app-shared:kotlinDslAccessorsReport - Prints the Kotlin code for accessing the currently available project extensions.
core-database:kotlinDslAccessorsReport - Prints the Kotlin code for accessing the currently available project extensions.
core-kv:kotlinDslAccessorsReport - Prints the Kotlin code for accessing the currently available project extensions.
core-logger:kotlinDslAccessorsReport - Prints the Kotlin code for accessing the currently available project extensions.
core-mvi:kotlinDslAccessorsReport - Prints the Kotlin code for accessing the currently available project extensions.
core-navigation:kotlinDslAccessorsReport - Prints the Kotlin code for accessing the currently available project extensions.
core-net:kotlinDslAccessorsReport - Prints the Kotlin code for accessing the currently available project extensions.
core-player:kotlinDslAccessorsReport - Prints the Kotlin code for accessing the currently available project extensions.
core-secure-package:kotlinDslAccessorsReport - Prints the Kotlin code for accessing the currently available project extensions.
core-ui:kotlinDslAccessorsReport - Prints the Kotlin code for accessing the currently available project extensions.
core-util:kotlinDslAccessorsReport - Prints the Kotlin code for accessing the currently available project extensions.
detekt-rules-kmp:kotlinDslAccessorsReport - Prints the Kotlin code for accessing the currently available project extensions.
device-biz:kotlinDslAccessorsReport - Prints the Kotlin code for accessing the currently available project extensions.
device-thing-model:kotlinDslAccessorsReport - Prints the Kotlin code for accessing the currently available project extensions.
domain-device:kotlinDslAccessorsReport - Prints the Kotlin code for accessing the currently available project extensions.
domain-env:kotlinDslAccessorsReport - Prints the Kotlin code for accessing the currently available project extensions.
domain-family:kotlinDslAccessorsReport - Prints the Kotlin code for accessing the currently available project extensions.
domain-product:kotlinDslAccessorsReport - Prints the Kotlin code for accessing the currently available project extensions.
feature-auth:kotlinDslAccessorsReport - Prints the Kotlin code for accessing the currently available project extensions.
feature-device-event:kotlinDslAccessorsReport - Prints the Kotlin code for accessing the currently available project extensions.
feature-home-management:kotlinDslAccessorsReport - Prints the Kotlin code for accessing the currently available project extensions.
feature-ota:kotlinDslAccessorsReport - Prints the Kotlin code for accessing the currently available project extensions.
feature-playback:kotlinDslAccessorsReport - Prints the Kotlin code for accessing the currently available project extensions.
feature-third-party-services:kotlinDslAccessorsReport - Prints the Kotlin code for accessing the currently available project extensions.
sample:kotlinDslAccessorsReport - Prints the Kotlin code for accessing the currently available project extensions.
sample-android:kotlinDslAccessorsReport - Prints the Kotlin code for accessing the currently available project extensions.
ugreen-strings-android:kotlinDslAccessorsReport - Prints the Kotlin code for accessing the currently available project extensions.
ugreen-strings-kmp:kotlinDslAccessorsReport - Prints the Kotlin code for accessing the currently available project extensions.
outgoingVariants - Displays the outgoing variants of root project 'UgreenHome-Shared'.
airtc-appsdk:outgoingVariants - Displays the outgoing variants of project ':airtc-appsdk'.
app-shared:outgoingVariants - Displays the outgoing variants of project ':app-shared'.
core-database:outgoingVariants - Displays the outgoing variants of project ':core-database'.
core-kv:outgoingVariants - Displays the outgoing variants of project ':core-kv'.
core-logger:outgoingVariants - Displays the outgoing variants of project ':core-logger'.
core-mvi:outgoingVariants - Displays the outgoing variants of project ':core-mvi'.
core-navigation:outgoingVariants - Displays the outgoing variants of project ':core-navigation'.
core-net:outgoingVariants - Displays the outgoing variants of project ':core-net'.
core-player:outgoingVariants - Displays the outgoing variants of project ':core-player'.
core-secure-package:outgoingVariants - Displays the outgoing variants of project ':core-secure-package'.
core-ui:outgoingVariants - Displays the outgoing variants of project ':core-ui'.
core-util:outgoingVariants - Displays the outgoing variants of project ':core-util'.
detekt-rules-kmp:outgoingVariants - Displays the outgoing variants of project ':detekt-rules-kmp'.
device-biz:outgoingVariants - Displays the outgoing variants of project ':device-biz'.
device-thing-model:outgoingVariants - Displays the outgoing variants of project ':device-thing-model'.
domain-device:outgoingVariants - Displays the outgoing variants of project ':domain-device'.
domain-env:outgoingVariants - Displays the outgoing variants of project ':domain-env'.
domain-family:outgoingVariants - Displays the outgoing variants of project ':domain-family'.
domain-product:outgoingVariants - Displays the outgoing variants of project ':domain-product'.
feature-auth:outgoingVariants - Displays the outgoing variants of project ':feature-auth'.
feature-device-event:outgoingVariants - Displays the outgoing variants of project ':feature-device-event'.
feature-home-management:outgoingVariants - Displays the outgoing variants of project ':feature-home-management'.
feature-ota:outgoingVariants - Displays the outgoing variants of project ':feature-ota'.
feature-playback:outgoingVariants - Displays the outgoing variants of project ':feature-playback'.
feature-third-party-services:outgoingVariants - Displays the outgoing variants of project ':feature-third-party-services'.
sample:outgoingVariants - Displays the outgoing variants of project ':sample'.
sample-android:outgoingVariants - Displays the outgoing variants of project ':sample-android'.
ugreen-strings-android:outgoingVariants - Displays the outgoing variants of project ':ugreen-strings-android'.
ugreen-strings-kmp:outgoingVariants - Displays the outgoing variants of project ':ugreen-strings-kmp'.
projects - Displays the sub-projects of root project 'UgreenHome-Shared'.
airtc-appsdk:projects - Displays the sub-projects of project ':airtc-appsdk'.
app-shared:projects - Displays the sub-projects of project ':app-shared'.
core-database:projects - Displays the sub-projects of project ':core-database'.
core-kv:projects - Displays the sub-projects of project ':core-kv'.
core-logger:projects - Displays the sub-projects of project ':core-logger'.
core-mvi:projects - Displays the sub-projects of project ':core-mvi'.
core-navigation:projects - Displays the sub-projects of project ':core-navigation'.
core-net:projects - Displays the sub-projects of project ':core-net'.
core-player:projects - Displays the sub-projects of project ':core-player'.
core-secure-package:projects - Displays the sub-projects of project ':core-secure-package'.
core-ui:projects - Displays the sub-projects of project ':core-ui'.
core-util:projects - Displays the sub-projects of project ':core-util'.
detekt-rules-kmp:projects - Displays the sub-projects of project ':detekt-rules-kmp'.
device-biz:projects - Displays the sub-projects of project ':device-biz'.
device-thing-model:projects - Displays the sub-projects of project ':device-thing-model'.
domain-device:projects - Displays the sub-projects of project ':domain-device'.
domain-env:projects - Displays the sub-projects of project ':domain-env'.
domain-family:projects - Displays the sub-projects of project ':domain-family'.
domain-product:projects - Displays the sub-projects of project ':domain-product'.
feature-auth:projects - Displays the sub-projects of project ':feature-auth'.
feature-device-event:projects - Displays the sub-projects of project ':feature-device-event'.
feature-home-management:projects - Displays the sub-projects of project ':feature-home-management'.
feature-ota:projects - Displays the sub-projects of project ':feature-ota'.
feature-playback:projects - Displays the sub-projects of project ':feature-playback'.
feature-third-party-services:projects - Displays the sub-projects of project ':feature-third-party-services'.
sample:projects - Displays the sub-projects of project ':sample'.
sample-android:projects - Displays the sub-projects of project ':sample-android'.
ugreen-strings-android:projects - Displays the sub-projects of project ':ugreen-strings-android'.
ugreen-strings-kmp:projects - Displays the sub-projects of project ':ugreen-strings-kmp'.
properties - Displays the properties of root project 'UgreenHome-Shared'.
airtc-appsdk:properties - Displays the properties of project ':airtc-appsdk'.
app-shared:properties - Displays the properties of project ':app-shared'.
core-database:properties - Displays the properties of project ':core-database'.
core-kv:properties - Displays the properties of project ':core-kv'.
core-logger:properties - Displays the properties of project ':core-logger'.
core-mvi:properties - Displays the properties of project ':core-mvi'.
core-navigation:properties - Displays the properties of project ':core-navigation'.
core-net:properties - Displays the properties of project ':core-net'.
core-player:properties - Displays the properties of project ':core-player'.
core-secure-package:properties - Displays the properties of project ':core-secure-package'.
core-ui:properties - Displays the properties of project ':core-ui'.
core-util:properties - Displays the properties of project ':core-util'.
detekt-rules-kmp:properties - Displays the properties of project ':detekt-rules-kmp'.
device-biz:properties - Displays the properties of project ':device-biz'.
device-thing-model:properties - Displays the properties of project ':device-thing-model'.
domain-device:properties - Displays the properties of project ':domain-device'.
domain-env:properties - Displays the properties of project ':domain-env'.
domain-family:properties - Displays the properties of project ':domain-family'.
domain-product:properties - Displays the properties of project ':domain-product'.
feature-auth:properties - Displays the properties of project ':feature-auth'.
feature-device-event:properties - Displays the properties of project ':feature-device-event'.
feature-home-management:properties - Displays the properties of project ':feature-home-management'.
feature-ota:properties - Displays the properties of project ':feature-ota'.
feature-playback:properties - Displays the properties of project ':feature-playback'.
feature-third-party-services:properties - Displays the properties of project ':feature-third-party-services'.
sample:properties - Displays the properties of project ':sample'.
sample-android:properties - Displays the properties of project ':sample-android'.
ugreen-strings-android:properties - Displays the properties of project ':ugreen-strings-android'.
ugreen-strings-kmp:properties - Displays the properties of project ':ugreen-strings-kmp'.
resolvableConfigurations - Displays the configurations that can be resolved in root project 'UgreenHome-Shared'.
airtc-appsdk:resolvableConfigurations - Displays the configurations that can be resolved in project ':airtc-appsdk'.
app-shared:resolvableConfigurations - Displays the configurations that can be resolved in project ':app-shared'.
core-database:resolvableConfigurations - Displays the configurations that can be resolved in project ':core-database'.
core-kv:resolvableConfigurations - Displays the configurations that can be resolved in project ':core-kv'.
core-logger:resolvableConfigurations - Displays the configurations that can be resolved in project ':core-logger'.
core-mvi:resolvableConfigurations - Displays the configurations that can be resolved in project ':core-mvi'.
core-navigation:resolvableConfigurations - Displays the configurations that can be resolved in project ':core-navigation'.
core-net:resolvableConfigurations - Displays the configurations that can be resolved in project ':core-net'.
core-player:resolvableConfigurations - Displays the configurations that can be resolved in project ':core-player'.
core-secure-package:resolvableConfigurations - Displays the configurations that can be resolved in project ':core-secure-package'.
core-ui:resolvableConfigurations - Displays the configurations that can be resolved in project ':core-ui'.
core-util:resolvableConfigurations - Displays the configurations that can be resolved in project ':core-util'.
detekt-rules-kmp:resolvableConfigurations - Displays the configurations that can be resolved in project ':detekt-rules-kmp'.
device-biz:resolvableConfigurations - Displays the configurations that can be resolved in project ':device-biz'.
device-thing-model:resolvableConfigurations - Displays the configurations that can be resolved in project ':device-thing-model'.
domain-device:resolvableConfigurations - Displays the configurations that can be resolved in project ':domain-device'.
domain-env:resolvableConfigurations - Displays the configurations that can be resolved in project ':domain-env'.
domain-family:resolvableConfigurations - Displays the configurations that can be resolved in project ':domain-family'.
domain-product:resolvableConfigurations - Displays the configurations that can be resolved in project ':domain-product'.
feature-auth:resolvableConfigurations - Displays the configurations that can be resolved in project ':feature-auth'.
feature-device-event:resolvableConfigurations - Displays the configurations that can be resolved in project ':feature-device-event'.
feature-home-management:resolvableConfigurations - Displays the configurations that can be resolved in project ':feature-home-management'.
feature-ota:resolvableConfigurations - Displays the configurations that can be resolved in project ':feature-ota'.
feature-playback:resolvableConfigurations - Displays the configurations that can be resolved in project ':feature-playback'.
feature-third-party-services:resolvableConfigurations - Displays the configurations that can be resolved in project ':feature-third-party-services'.
sample:resolvableConfigurations - Displays the configurations that can be resolved in project ':sample'.
sample-android:resolvableConfigurations - Displays the configurations that can be resolved in project ':sample-android'.
ugreen-strings-android:resolvableConfigurations - Displays the configurations that can be resolved in project ':ugreen-strings-android'.
ugreen-strings-kmp:resolvableConfigurations - Displays the configurations that can be resolved in project ':ugreen-strings-kmp'.
tasks - Displays the tasks runnable from root project 'UgreenHome-Shared' (some of the displayed tasks may belong to subprojects).
airtc-appsdk:tasks - Displays the tasks runnable from project ':airtc-appsdk'.
app-shared:tasks - Displays the tasks runnable from project ':app-shared'.
core-database:tasks - Displays the tasks runnable from project ':core-database'.
core-kv:tasks - Displays the tasks runnable from project ':core-kv'.
core-logger:tasks - Displays the tasks runnable from project ':core-logger'.
core-mvi:tasks - Displays the tasks runnable from project ':core-mvi'.
core-navigation:tasks - Displays the tasks runnable from project ':core-navigation'.
core-net:tasks - Displays the tasks runnable from project ':core-net'.
core-player:tasks - Displays the tasks runnable from project ':core-player'.
core-secure-package:tasks - Displays the tasks runnable from project ':core-secure-package'.
core-ui:tasks - Displays the tasks runnable from project ':core-ui'.
core-util:tasks - Displays the tasks runnable from project ':core-util'.
detekt-rules-kmp:tasks - Displays the tasks runnable from project ':detekt-rules-kmp'.
device-biz:tasks - Displays the tasks runnable from project ':device-biz'.
device-thing-model:tasks - Displays the tasks runnable from project ':device-thing-model'.
domain-device:tasks - Displays the tasks runnable from project ':domain-device'.
domain-env:tasks - Displays the tasks runnable from project ':domain-env'.
domain-family:tasks - Displays the tasks runnable from project ':domain-family'.
domain-product:tasks - Displays the tasks runnable from project ':domain-product'.
feature-auth:tasks - Displays the tasks runnable from project ':feature-auth'.
feature-device-event:tasks - Displays the tasks runnable from project ':feature-device-event'.
feature-home-management:tasks - Displays the tasks runnable from project ':feature-home-management'.
feature-ota:tasks - Displays the tasks runnable from project ':feature-ota'.
feature-playback:tasks - Displays the tasks runnable from project ':feature-playback'.
feature-third-party-services:tasks - Displays the tasks runnable from project ':feature-third-party-services'.
sample:tasks - Displays the tasks runnable from project ':sample'.
sample-android:tasks - Displays the tasks runnable from project ':sample-android'.
ugreen-strings-android:tasks - Displays the tasks runnable from project ':ugreen-strings-android'.
ugreen-strings-kmp:tasks - Displays the tasks runnable from project ':ugreen-strings-kmp'.

Ide tasks
---------
airtc-appsdk:resolveIdeDependencies - Debugging/Diagnosing task that will resolve dependencies for the IDE
app-shared:resolveIdeDependencies - Debugging/Diagnosing task that will resolve dependencies for the IDE
core-database:resolveIdeDependencies - Debugging/Diagnosing task that will resolve dependencies for the IDE
core-kv:resolveIdeDependencies - Debugging/Diagnosing task that will resolve dependencies for the IDE
core-logger:resolveIdeDependencies - Debugging/Diagnosing task that will resolve dependencies for the IDE
core-mvi:resolveIdeDependencies - Debugging/Diagnosing task that will resolve dependencies for the IDE
core-navigation:resolveIdeDependencies - Debugging/Diagnosing task that will resolve dependencies for the IDE
core-net:resolveIdeDependencies - Debugging/Diagnosing task that will resolve dependencies for the IDE
core-player:resolveIdeDependencies - Debugging/Diagnosing task that will resolve dependencies for the IDE
core-secure-package:resolveIdeDependencies - Debugging/Diagnosing task that will resolve dependencies for the IDE
core-ui:resolveIdeDependencies - Debugging/Diagnosing task that will resolve dependencies for the IDE
core-util:resolveIdeDependencies - Debugging/Diagnosing task that will resolve dependencies for the IDE
device-biz:resolveIdeDependencies - Debugging/Diagnosing task that will resolve dependencies for the IDE
device-thing-model:resolveIdeDependencies - Debugging/Diagnosing task that will resolve dependencies for the IDE
domain-device:resolveIdeDependencies - Debugging/Diagnosing task that will resolve dependencies for the IDE
domain-env:resolveIdeDependencies - Debugging/Diagnosing task that will resolve dependencies for the IDE
domain-family:resolveIdeDependencies - Debugging/Diagnosing task that will resolve dependencies for the IDE
domain-product:resolveIdeDependencies - Debugging/Diagnosing task that will resolve dependencies for the IDE
feature-auth:resolveIdeDependencies - Debugging/Diagnosing task that will resolve dependencies for the IDE
feature-device-event:resolveIdeDependencies - Debugging/Diagnosing task that will resolve dependencies for the IDE
feature-home-management:resolveIdeDependencies - Debugging/Diagnosing task that will resolve dependencies for the IDE
feature-ota:resolveIdeDependencies - Debugging/Diagnosing task that will resolve dependencies for the IDE
feature-playback:resolveIdeDependencies - Debugging/Diagnosing task that will resolve dependencies for the IDE
feature-third-party-services:resolveIdeDependencies - Debugging/Diagnosing task that will resolve dependencies for the IDE
sample:resolveIdeDependencies - Debugging/Diagnosing task that will resolve dependencies for the IDE
ugreen-strings-kmp:resolveIdeDependencies - Debugging/Diagnosing task that will resolve dependencies for the IDE

Install tasks
-------------
airtc-appsdk:androidUninstallAll - Uninstall all applications.
app-shared:androidUninstallAll - Uninstall all applications.
core-database:androidUninstallAll - Uninstall all applications.
core-kv:androidUninstallAll - Uninstall all applications.
core-logger:androidUninstallAll - Uninstall all applications.
core-mvi:androidUninstallAll - Uninstall all applications.
core-navigation:androidUninstallAll - Uninstall all applications.
core-net:androidUninstallAll - Uninstall all applications.
core-player:androidUninstallAll - Uninstall all applications.
core-secure-package:androidUninstallAll - Uninstall all applications.
core-ui:androidUninstallAll - Uninstall all applications.
core-util:androidUninstallAll - Uninstall all applications.
device-biz:androidUninstallAll - Uninstall all applications.
device-thing-model:androidUninstallAll - Uninstall all applications.
domain-device:androidUninstallAll - Uninstall all applications.
domain-env:androidUninstallAll - Uninstall all applications.
domain-family:androidUninstallAll - Uninstall all applications.
domain-product:androidUninstallAll - Uninstall all applications.
feature-auth:androidUninstallAll - Uninstall all applications.
feature-device-event:androidUninstallAll - Uninstall all applications.
feature-home-management:androidUninstallAll - Uninstall all applications.
feature-ota:androidUninstallAll - Uninstall all applications.
feature-playback:androidUninstallAll - Uninstall all applications.
feature-third-party-services:androidUninstallAll - Uninstall all applications.
sample:androidUninstallAll - Uninstall all applications.
ugreen-strings-kmp:androidUninstallAll - Uninstall all applications.
core-database:installAndroidDeviceTest - Installs the Kotlin multiplatform android plugin.
core-net:installAndroidDeviceTest - Installs the Kotlin multiplatform android plugin.
sample-android:installDebug - Installs the Debug build.
sample-android:installDebugAndroidTest - Installs the android (on device) tests for the Debug build.
ugreen-strings-android:installDebugAndroidTest - Installs the android (on device) tests for the Debug build.
sample-android:uninstallAll - Uninstall all applications.
ugreen-strings-android:uninstallAll - Uninstall all applications.
core-database:uninstallAndroidDeviceTest - Uninstalls the Kotlin multiplatform android plugin.
core-net:uninstallAndroidDeviceTest - Uninstalls the Kotlin multiplatform android plugin.
sample-android:uninstallDebug - Uninstalls the Debug build.
sample-android:uninstallDebugAndroidTest - Uninstalls the android (on device) tests for the Debug build.
ugreen-strings-android:uninstallDebugAndroidTest - Uninstalls the android (on device) tests for the Debug build.
sample-android:uninstallRelease - Uninstalls the Release build.

Run tasks
---------
core-util:jvmRun - Jvm Run task for target 'jvm' and compilation 'main'. This task can act as carrier for the IDE to execute jvm based code

Rust tasks
----------
core-secure-package:buildRustAndroid - Manually rebuilds the committed Rust age JNI libraries for all Android ABIs.
core-secure-package:buildRustHostJni - Builds the host JNI library used by Android host interoperability tests.
core-secure-package:buildRustIos - Manually rebuilds the committed Rust age static libraries for iOS.
core-secure-package:buildRustNativeArtifacts - Rebuilds all committed Rust age artifacts for Android and iOS.
core-secure-package:createRustAgeXcframework - Packages the Rust age iOS libraries as a static XCFramework.

Verification tasks
------------------
airtc-appsdk:allTests - Runs the tests for all targets and create aggregated report
core-database:allTests - Runs the tests for all targets and create aggregated report
core-kv:allTests - Runs the tests for all targets and create aggregated report
core-logger:allTests - Runs the tests for all targets and create aggregated report
core-net:allTests - Runs the tests for all targets and create aggregated report
core-secure-package:allTests - Runs the tests for all targets and create aggregated report
core-ui:allTests - Runs the tests for all targets and create aggregated report
core-util:allTests - Runs the tests for all targets and create aggregated report
device-thing-model:allTests - Runs the tests for all targets and create aggregated report
domain-device:allTests - Runs the tests for all targets and create aggregated report
domain-env:allTests - Runs the tests for all targets and create aggregated report
feature-auth:allTests - Runs the tests for all targets and create aggregated report
feature-home-management:allTests - Runs the tests for all targets and create aggregated report
feature-ota:allTests - Runs the tests for all targets and create aggregated report
feature-playback:allTests - Runs the tests for all targets and create aggregated report
sample:allTests - Runs the tests for all targets and create aggregated report
ugreen-strings-kmp:allTests - Runs the tests for all targets and create aggregated report
airtc-appsdk:androidConnectedCheck - Runs all device checks on currently connected devices.
app-shared:androidConnectedCheck - Runs all device checks on currently connected devices.
core-database:androidConnectedCheck - Runs all device checks on currently connected devices.
core-kv:androidConnectedCheck - Runs all device checks on currently connected devices.
core-logger:androidConnectedCheck - Runs all device checks on currently connected devices.
core-mvi:androidConnectedCheck - Runs all device checks on currently connected devices.
core-navigation:androidConnectedCheck - Runs all device checks on currently connected devices.
core-net:androidConnectedCheck - Runs all device checks on currently connected devices.
core-player:androidConnectedCheck - Runs all device checks on currently connected devices.
core-secure-package:androidConnectedCheck - Runs all device checks on currently connected devices.
core-ui:androidConnectedCheck - Runs all device checks on currently connected devices.
core-util:androidConnectedCheck - Runs all device checks on currently connected devices.
device-biz:androidConnectedCheck - Runs all device checks on currently connected devices.
device-thing-model:androidConnectedCheck - Runs all device checks on currently connected devices.
domain-device:androidConnectedCheck - Runs all device checks on currently connected devices.
domain-env:androidConnectedCheck - Runs all device checks on currently connected devices.
domain-family:androidConnectedCheck - Runs all device checks on currently connected devices.
domain-product:androidConnectedCheck - Runs all device checks on currently connected devices.
feature-auth:androidConnectedCheck - Runs all device checks on currently connected devices.
feature-device-event:androidConnectedCheck - Runs all device checks on currently connected devices.
feature-home-management:androidConnectedCheck - Runs all device checks on currently connected devices.
feature-ota:androidConnectedCheck - Runs all device checks on currently connected devices.
feature-playback:androidConnectedCheck - Runs all device checks on currently connected devices.
feature-third-party-services:androidConnectedCheck - Runs all device checks on currently connected devices.
sample:androidConnectedCheck - Runs all device checks on currently connected devices.
ugreen-strings-kmp:androidConnectedCheck - Runs all device checks on currently connected devices.
airtc-appsdk:androidDeviceCheck - Runs all device checks using Device Providers and Test Servers.
app-shared:androidDeviceCheck - Runs all device checks using Device Providers and Test Servers.
core-database:androidDeviceCheck - Runs all device checks using Device Providers and Test Servers.
core-kv:androidDeviceCheck - Runs all device checks using Device Providers and Test Servers.
core-logger:androidDeviceCheck - Runs all device checks using Device Providers and Test Servers.
core-mvi:androidDeviceCheck - Runs all device checks using Device Providers and Test Servers.
core-navigation:androidDeviceCheck - Runs all device checks using Device Providers and Test Servers.
core-net:androidDeviceCheck - Runs all device checks using Device Providers and Test Servers.
core-player:androidDeviceCheck - Runs all device checks using Device Providers and Test Servers.
core-secure-package:androidDeviceCheck - Runs all device checks using Device Providers and Test Servers.
core-ui:androidDeviceCheck - Runs all device checks using Device Providers and Test Servers.
core-util:androidDeviceCheck - Runs all device checks using Device Providers and Test Servers.
device-biz:androidDeviceCheck - Runs all device checks using Device Providers and Test Servers.
device-thing-model:androidDeviceCheck - Runs all device checks using Device Providers and Test Servers.
domain-device:androidDeviceCheck - Runs all device checks using Device Providers and Test Servers.
domain-env:androidDeviceCheck - Runs all device checks using Device Providers and Test Servers.
domain-family:androidDeviceCheck - Runs all device checks using Device Providers and Test Servers.
domain-product:androidDeviceCheck - Runs all device checks using Device Providers and Test Servers.
feature-auth:androidDeviceCheck - Runs all device checks using Device Providers and Test Servers.
feature-device-event:androidDeviceCheck - Runs all device checks using Device Providers and Test Servers.
feature-home-management:androidDeviceCheck - Runs all device checks using Device Providers and Test Servers.
feature-ota:androidDeviceCheck - Runs all device checks using Device Providers and Test Servers.
feature-playback:androidDeviceCheck - Runs all device checks using Device Providers and Test Servers.
feature-third-party-services:androidDeviceCheck - Runs all device checks using Device Providers and Test Servers.
sample:androidDeviceCheck - Runs all device checks using Device Providers and Test Servers.
ugreen-strings-kmp:androidDeviceCheck - Runs all device checks using Device Providers and Test Servers.
airtc-appsdk:check - Runs all checks.
app-shared:check - Runs all checks.
core-database:check - Runs all checks.
core-kv:check - Runs all checks.
core-logger:check - Runs all checks.
core-mvi:check - Runs all checks.
core-navigation:check - Runs all checks.
core-net:check - Runs all checks.
core-player:check - Runs all checks.
core-secure-package:check - Runs all checks.
core-ui:check - Runs all checks.
core-util:check - Runs all checks.
detekt-rules-kmp:check - Runs all checks.
device-biz:check - Runs all checks.
device-thing-model:check - Runs all checks.
domain-device:check - Runs all checks.
domain-env:check - Runs all checks.
domain-family:check - Runs all checks.
domain-product:check - Runs all checks.
feature-auth:check - Runs all checks.
feature-device-event:check - Runs all checks.
feature-home-management:check - Runs all checks.
feature-ota:check - Runs all checks.
feature-playback:check - Runs all checks.
feature-third-party-services:check - Runs all checks.
sample:check - Runs all checks.
sample-android:check - Runs all checks.
ugreen-strings-android:check - Runs all checks.
ugreen-strings-kmp:check - Runs all checks.
sample-android:checkJetifier - Checks whether Jetifier is needed for the current project
ugreen-strings-android:checkJetifier - Checks whether Jetifier is needed for the current project
airtc-appsdk:checkKotlinGradlePluginConfigurationErrors - Checks that Kotlin Gradle Plugin hasn't reported project configuration errors, failing otherwise. This task always runs before compileKotlin* or similar tasks.
app-shared:checkKotlinGradlePluginConfigurationErrors - Checks that Kotlin Gradle Plugin hasn't reported project configuration errors, failing otherwise. This task always runs before compileKotlin* or similar tasks.
core-database:checkKotlinGradlePluginConfigurationErrors - Checks that Kotlin Gradle Plugin hasn't reported project configuration errors, failing otherwise. This task always runs before compileKotlin* or similar tasks.
core-kv:checkKotlinGradlePluginConfigurationErrors - Checks that Kotlin Gradle Plugin hasn't reported project configuration errors, failing otherwise. This task always runs before compileKotlin* or similar tasks.
core-logger:checkKotlinGradlePluginConfigurationErrors - Checks that Kotlin Gradle Plugin hasn't reported project configuration errors, failing otherwise. This task always runs before compileKotlin* or similar tasks.
core-mvi:checkKotlinGradlePluginConfigurationErrors - Checks that Kotlin Gradle Plugin hasn't reported project configuration errors, failing otherwise. This task always runs before compileKotlin* or similar tasks.
core-navigation:checkKotlinGradlePluginConfigurationErrors - Checks that Kotlin Gradle Plugin hasn't reported project configuration errors, failing otherwise. This task always runs before compileKotlin* or similar tasks.
core-net:checkKotlinGradlePluginConfigurationErrors - Checks that Kotlin Gradle Plugin hasn't reported project configuration errors, failing otherwise. This task always runs before compileKotlin* or similar tasks.
core-player:checkKotlinGradlePluginConfigurationErrors - Checks that Kotlin Gradle Plugin hasn't reported project configuration errors, failing otherwise. This task always runs before compileKotlin* or similar tasks.
core-secure-package:checkKotlinGradlePluginConfigurationErrors - Checks that Kotlin Gradle Plugin hasn't reported project configuration errors, failing otherwise. This task always runs before compileKotlin* or similar tasks.
core-ui:checkKotlinGradlePluginConfigurationErrors - Checks that Kotlin Gradle Plugin hasn't reported project configuration errors, failing otherwise. This task always runs before compileKotlin* or similar tasks.
core-util:checkKotlinGradlePluginConfigurationErrors - Checks that Kotlin Gradle Plugin hasn't reported project configuration errors, failing otherwise. This task always runs before compileKotlin* or similar tasks.
detekt-rules-kmp:checkKotlinGradlePluginConfigurationErrors - Checks that Kotlin Gradle Plugin hasn't reported project configuration errors, failing otherwise. This task always runs before compileKotlin* or similar tasks.
device-biz:checkKotlinGradlePluginConfigurationErrors - Checks that Kotlin Gradle Plugin hasn't reported project configuration errors, failing otherwise. This task always runs before compileKotlin* or similar tasks.
device-thing-model:checkKotlinGradlePluginConfigurationErrors - Checks that Kotlin Gradle Plugin hasn't reported project configuration errors, failing otherwise. This task always runs before compileKotlin* or similar tasks.
domain-device:checkKotlinGradlePluginConfigurationErrors - Checks that Kotlin Gradle Plugin hasn't reported project configuration errors, failing otherwise. This task always runs before compileKotlin* or similar tasks.
domain-env:checkKotlinGradlePluginConfigurationErrors - Checks that Kotlin Gradle Plugin hasn't reported project configuration errors, failing otherwise. This task always runs before compileKotlin* or similar tasks.
domain-family:checkKotlinGradlePluginConfigurationErrors - Checks that Kotlin Gradle Plugin hasn't reported project configuration errors, failing otherwise. This task always runs before compileKotlin* or similar tasks.
domain-product:checkKotlinGradlePluginConfigurationErrors - Checks that Kotlin Gradle Plugin hasn't reported project configuration errors, failing otherwise. This task always runs before compileKotlin* or similar tasks.
feature-auth:checkKotlinGradlePluginConfigurationErrors - Checks that Kotlin Gradle Plugin hasn't reported project configuration errors, failing otherwise. This task always runs before compileKotlin* or similar tasks.
feature-device-event:checkKotlinGradlePluginConfigurationErrors - Checks that Kotlin Gradle Plugin hasn't reported project configuration errors, failing otherwise. This task always runs before compileKotlin* or similar tasks.
feature-home-management:checkKotlinGradlePluginConfigurationErrors - Checks that Kotlin Gradle Plugin hasn't reported project configuration errors, failing otherwise. This task always runs before compileKotlin* or similar tasks.
feature-ota:checkKotlinGradlePluginConfigurationErrors - Checks that Kotlin Gradle Plugin hasn't reported project configuration errors, failing otherwise. This task always runs before compileKotlin* or similar tasks.
feature-playback:checkKotlinGradlePluginConfigurationErrors - Checks that Kotlin Gradle Plugin hasn't reported project configuration errors, failing otherwise. This task always runs before compileKotlin* or similar tasks.
feature-third-party-services:checkKotlinGradlePluginConfigurationErrors - Checks that Kotlin Gradle Plugin hasn't reported project configuration errors, failing otherwise. This task always runs before compileKotlin* or similar tasks.
sample:checkKotlinGradlePluginConfigurationErrors - Checks that Kotlin Gradle Plugin hasn't reported project configuration errors, failing otherwise. This task always runs before compileKotlin* or similar tasks.
ugreen-strings-kmp:checkKotlinGradlePluginConfigurationErrors - Checks that Kotlin Gradle Plugin hasn't reported project configuration errors, failing otherwise. This task always runs before compileKotlin* or similar tasks.
core-database:connectedAndroidDeviceTest - Installs and runs the tests for androidMain on connected devices.
core-net:connectedAndroidDeviceTest - Installs and runs the tests for androidMain on connected devices.
core-database:connectedAndroidTest - Installs and runs instrumentation tests for all flavors on connected devices.
core-net:connectedAndroidTest - Installs and runs instrumentation tests for all flavors on connected devices.
sample-android:connectedAndroidTest - Installs and runs instrumentation tests for all flavors on connected devices.
ugreen-strings-android:connectedAndroidTest - Installs and runs instrumentation tests for all flavors on connected devices.
sample-android:connectedCheck - Runs all device checks on currently connected devices.
ugreen-strings-android:connectedCheck - Runs all device checks on currently connected devices.
sample-android:connectedDebugAndroidTest - Installs and runs the tests for debug on connected devices.
ugreen-strings-android:connectedDebugAndroidTest - Installs and runs the tests for debug on connected devices.
detekt
feature-auth:detekt
feature-auth:detektAndroidHostTestSourceSet - Run detekt analysis for androidHostTest source set
feature-auth:detektAndroidMainSourceSet - Run detekt analysis for androidMain source set
detektAuth - 检查 feature-auth 架构规则（DET-D1/D2 等）
detektBaseline - Creates a detekt baseline on the given --baseline path.
feature-auth:detektBaseline - Creates a detekt baseline on the given --baseline path.
feature-auth:detektBaselineAndroidHostTestSourceSet - Creates detekt baseline for androidHostTest source set
feature-auth:detektBaselineAndroidMainSourceSet - Creates detekt baseline for androidMain source set
feature-auth:detektBaselineCommonMainSourceSet - Creates detekt baseline for commonMain source set
feature-auth:detektBaselineCommonTestSourceSet - Creates detekt baseline for commonTest source set
feature-auth:detektBaselineHostTestAndroid - Creates detekt baseline for compilation hostTest on target android with type resolution
feature-auth:detektBaselineMainAndroid - Creates detekt baseline for compilation main on target android with type resolution
feature-auth:detektCommonMainSourceSet - Run detekt analysis for commonMain source set
feature-auth:detektCommonTestSourceSet - Run detekt analysis for commonTest source set
detektGenerateConfig - Generate a detekt configuration file inside your project.
feature-auth:detektGenerateConfig - Generate a detekt configuration file inside your project.
feature-auth:detektHostTestAndroid - Run detekt analysis for compilation hostTest on target android with type resolution
feature-auth:detektMainAndroid - Run detekt analysis for compilation main on target android with type resolution
core-database:deviceAndroidTest - Installs and runs instrumentation tests using all Device Providers.
core-net:deviceAndroidTest - Installs and runs instrumentation tests using all Device Providers.
sample-android:deviceAndroidTest - Installs and runs instrumentation tests using all Device Providers.
ugreen-strings-android:deviceAndroidTest - Installs and runs instrumentation tests using all Device Providers.
sample-android:deviceCheck - Runs all device checks using Device Providers and Test Servers.
ugreen-strings-android:deviceCheck - Runs all device checks using Device Providers and Test Servers.
core-util:jvmTest - Runs the tests of the test test run.
airtc-appsdk:lint - Runs lint for project `airtc-appsdk`
core-database:lint - Runs lint for project `core-database`
core-kv:lint - Runs lint for project `core-kv`
core-logger:lint - Runs lint for project `core-logger`
core-mvi:lint - Runs lint for project `core-mvi`
core-navigation:lint - Runs lint for project `core-navigation`
core-net:lint - Runs lint for project `core-net`
core-player:lint - Runs lint for project `core-player`
core-secure-package:lint - Runs lint for project `core-secure-package`
core-ui:lint - Runs lint for project `core-ui`
core-util:lint - Runs lint for project `core-util`
device-biz:lint - Runs lint for project `device-biz`
device-thing-model:lint - Runs lint for project `device-thing-model`
domain-device:lint - Runs lint for project `domain-device`
domain-env:lint - Runs lint for project `domain-env`
domain-family:lint - Runs lint for project `domain-family`
domain-product:lint - Runs lint for project `domain-product`
feature-auth:lint - Runs lint for project `feature-auth`
feature-device-event:lint - Runs lint for project `feature-device-event`
feature-home-management:lint - Runs lint for project `feature-home-management`
feature-ota:lint - Runs lint for project `feature-ota`
feature-third-party-services:lint - Runs lint for project `feature-third-party-services`
sample-android:lint - Runs lint on the default variant.
ugreen-strings-android:lint - Runs lint on the default variant.
ugreen-strings-kmp:lint - Runs lint for project `ugreen-strings-kmp`
airtc-appsdk:lintAndroidMain - Print text output from the corresponding lint report task
core-database:lintAndroidMain - Print text output from the corresponding lint report task
core-kv:lintAndroidMain - Print text output from the corresponding lint report task
core-logger:lintAndroidMain - Print text output from the corresponding lint report task
core-mvi:lintAndroidMain - Print text output from the corresponding lint report task
core-navigation:lintAndroidMain - Print text output from the corresponding lint report task
core-net:lintAndroidMain - Print text output from the corresponding lint report task
core-player:lintAndroidMain - Print text output from the corresponding lint report task
core-secure-package:lintAndroidMain - Print text output from the corresponding lint report task
core-ui:lintAndroidMain - Print text output from the corresponding lint report task
core-util:lintAndroidMain - Print text output from the corresponding lint report task
device-biz:lintAndroidMain - Print text output from the corresponding lint report task
device-thing-model:lintAndroidMain - Print text output from the corresponding lint report task
domain-device:lintAndroidMain - Print text output from the corresponding lint report task
domain-env:lintAndroidMain - Print text output from the corresponding lint report task
domain-family:lintAndroidMain - Print text output from the corresponding lint report task
domain-product:lintAndroidMain - Print text output from the corresponding lint report task
feature-auth:lintAndroidMain - Print text output from the corresponding lint report task
feature-device-event:lintAndroidMain - Print text output from the corresponding lint report task
feature-home-management:lintAndroidMain - Print text output from the corresponding lint report task
feature-ota:lintAndroidMain - Print text output from the corresponding lint report task
feature-third-party-services:lintAndroidMain - Print text output from the corresponding lint report task
ugreen-strings-kmp:lintAndroidMain - Print text output from the corresponding lint report task
sample-android:lintDebug - Print text output from the corresponding lint report task
ugreen-strings-android:lintDebug - Print text output from the corresponding lint report task
airtc-appsdk:lintFix - Generates the lint report for project `airtc-appsdk` and applies any safe suggestions to the source code.
core-database:lintFix - Generates the lint report for project `core-database` and applies any safe suggestions to the source code.
core-kv:lintFix - Generates the lint report for project `core-kv` and applies any safe suggestions to the source code.
core-logger:lintFix - Generates the lint report for project `core-logger` and applies any safe suggestions to the source code.
core-mvi:lintFix - Generates the lint report for project `core-mvi` and applies any safe suggestions to the source code.
core-navigation:lintFix - Generates the lint report for project `core-navigation` and applies any safe suggestions to the source code.
core-net:lintFix - Generates the lint report for project `core-net` and applies any safe suggestions to the source code.
core-player:lintFix - Generates the lint report for project `core-player` and applies any safe suggestions to the source code.
core-secure-package:lintFix - Generates the lint report for project `core-secure-package` and applies any safe suggestions to the source code.
core-ui:lintFix - Generates the lint report for project `core-ui` and applies any safe suggestions to the source code.
core-util:lintFix - Generates the lint report for project `core-util` and applies any safe suggestions to the source code.
device-biz:lintFix - Generates the lint report for project `device-biz` and applies any safe suggestions to the source code.
device-thing-model:lintFix - Generates the lint report for project `device-thing-model` and applies any safe suggestions to the source code.
domain-device:lintFix - Generates the lint report for project `domain-device` and applies any safe suggestions to the source code.
domain-env:lintFix - Generates the lint report for project `domain-env` and applies any safe suggestions to the source code.
domain-family:lintFix - Generates the lint report for project `domain-family` and applies any safe suggestions to the source code.
domain-product:lintFix - Generates the lint report for project `domain-product` and applies any safe suggestions to the source code.
feature-auth:lintFix - Generates the lint report for project `feature-auth` and applies any safe suggestions to the source code.
feature-device-event:lintFix - Generates the lint report for project `feature-device-event` and applies any safe suggestions to the source code.
feature-home-management:lintFix - Generates the lint report for project `feature-home-management` and applies any safe suggestions to the source code.
feature-ota:lintFix - Generates the lint report for project `feature-ota` and applies any safe suggestions to the source code.
feature-third-party-services:lintFix - Generates the lint report for project `feature-third-party-services` and applies any safe suggestions to the source code.
sample-android:lintFix - Runs lint on the default variant and applies any safe suggestions to the source code.
ugreen-strings-android:lintFix - Runs lint on the default variant and applies any safe suggestions to the source code.
ugreen-strings-kmp:lintFix - Generates the lint report for project `ugreen-strings-kmp` and applies any safe suggestions to the source code.
airtc-appsdk:lintJvm - Print text output from the corresponding lint report task
core-database:lintJvm - Print text output from the corresponding lint report task
core-kv:lintJvm - Print text output from the corresponding lint report task
core-logger:lintJvm - Print text output from the corresponding lint report task
core-mvi:lintJvm - Print text output from the corresponding lint report task
core-navigation:lintJvm - Print text output from the corresponding lint report task
core-net:lintJvm - Print text output from the corresponding lint report task
core-player:lintJvm - Print text output from the corresponding lint report task
core-secure-package:lintJvm - Print text output from the corresponding lint report task
core-ui:lintJvm - Print text output from the corresponding lint report task
core-util:lintJvm - Print text output from the corresponding lint report task
device-biz:lintJvm - Print text output from the corresponding lint report task
device-thing-model:lintJvm - Print text output from the corresponding lint report task
domain-device:lintJvm - Print text output from the corresponding lint report task
domain-env:lintJvm - Print text output from the corresponding lint report task
domain-family:lintJvm - Print text output from the corresponding lint report task
domain-product:lintJvm - Print text output from the corresponding lint report task
feature-auth:lintJvm - Print text output from the corresponding lint report task
feature-device-event:lintJvm - Print text output from the corresponding lint report task
feature-home-management:lintJvm - Print text output from the corresponding lint report task
feature-ota:lintJvm - Print text output from the corresponding lint report task
feature-third-party-services:lintJvm - Print text output from the corresponding lint report task
ugreen-strings-kmp:lintJvm - Print text output from the corresponding lint report task
sample-android:lintRelease - Print text output from the corresponding lint report task
ugreen-strings-android:lintRelease - Print text output from the corresponding lint report task
airtc-appsdk:lintVital - Generates the lint report for just the fatal issues for project `airtc-appsdk`
core-database:lintVital - Generates the lint report for just the fatal issues for project `core-database`
core-kv:lintVital - Generates the lint report for just the fatal issues for project `core-kv`
core-logger:lintVital - Generates the lint report for just the fatal issues for project `core-logger`
core-mvi:lintVital - Generates the lint report for just the fatal issues for project `core-mvi`
core-navigation:lintVital - Generates the lint report for just the fatal issues for project `core-navigation`
core-net:lintVital - Generates the lint report for just the fatal issues for project `core-net`
core-player:lintVital - Generates the lint report for just the fatal issues for project `core-player`
core-secure-package:lintVital - Generates the lint report for just the fatal issues for project `core-secure-package`
core-ui:lintVital - Generates the lint report for just the fatal issues for project `core-ui`
core-util:lintVital - Generates the lint report for just the fatal issues for project `core-util`
device-biz:lintVital - Generates the lint report for just the fatal issues for project `device-biz`
device-thing-model:lintVital - Generates the lint report for just the fatal issues for project `device-thing-model`
domain-device:lintVital - Generates the lint report for just the fatal issues for project `domain-device`
domain-env:lintVital - Generates the lint report for just the fatal issues for project `domain-env`
domain-family:lintVital - Generates the lint report for just the fatal issues for project `domain-family`
domain-product:lintVital - Generates the lint report for just the fatal issues for project `domain-product`
feature-auth:lintVital - Generates the lint report for just the fatal issues for project `feature-auth`
feature-device-event:lintVital - Generates the lint report for just the fatal issues for project `feature-device-event`
feature-home-management:lintVital - Generates the lint report for just the fatal issues for project `feature-home-management`
feature-ota:lintVital - Generates the lint report for just the fatal issues for project `feature-ota`
feature-third-party-services:lintVital - Generates the lint report for just the fatal issues for project `feature-third-party-services`
ugreen-strings-kmp:lintVital - Generates the lint report for just the fatal issues for project `ugreen-strings-kmp`
airtc-appsdk:lintVitalJvm - Print text output from the corresponding lint report task
core-database:lintVitalJvm - Print text output from the corresponding lint report task
core-kv:lintVitalJvm - Print text output from the corresponding lint report task
core-logger:lintVitalJvm - Print text output from the corresponding lint report task
core-mvi:lintVitalJvm - Print text output from the corresponding lint report task
core-navigation:lintVitalJvm - Print text output from the corresponding lint report task
core-net:lintVitalJvm - Print text output from the corresponding lint report task
core-player:lintVitalJvm - Print text output from the corresponding lint report task
core-secure-package:lintVitalJvm - Print text output from the corresponding lint report task
core-ui:lintVitalJvm - Print text output from the corresponding lint report task
core-util:lintVitalJvm - Print text output from the corresponding lint report task
device-biz:lintVitalJvm - Print text output from the corresponding lint report task
device-thing-model:lintVitalJvm - Print text output from the corresponding lint report task
domain-device:lintVitalJvm - Print text output from the corresponding lint report task
domain-env:lintVitalJvm - Print text output from the corresponding lint report task
domain-family:lintVitalJvm - Print text output from the corresponding lint report task
domain-product:lintVitalJvm - Print text output from the corresponding lint report task
feature-auth:lintVitalJvm - Print text output from the corresponding lint report task
feature-device-event:lintVitalJvm - Print text output from the corresponding lint report task
feature-home-management:lintVitalJvm - Print text output from the corresponding lint report task
feature-ota:lintVitalJvm - Print text output from the corresponding lint report task
feature-third-party-services:lintVitalJvm - Print text output from the corresponding lint report task
ugreen-strings-kmp:lintVitalJvm - Print text output from the corresponding lint report task
sample-android:lintVitalRelease - Print text output from the corresponding lint report task
detekt-rules-kmp:test - Runs the test suite.
sample-android:test - Run unit tests for all variants.
ugreen-strings-android:test - Run unit tests for all variants.
airtc-appsdk:testAndroid - Run unit tests for all variants.
core-database:testAndroid - Run unit tests for all variants.
core-kv:testAndroid - Run unit tests for all variants.
core-logger:testAndroid - Run unit tests for all variants.
core-net:testAndroid - Run unit tests for all variants.
core-secure-package:testAndroid - Run unit tests for all variants.
core-ui:testAndroid - Run unit tests for all variants.
core-util:testAndroid - Run unit tests for all variants.
device-thing-model:testAndroid - Run unit tests for all variants.
domain-device:testAndroid - Run unit tests for all variants.
domain-env:testAndroid - Run unit tests for all variants.
feature-auth:testAndroid - Run unit tests for all variants.
feature-home-management:testAndroid - Run unit tests for all variants.
feature-ota:testAndroid - Run unit tests for all variants.
feature-playback:testAndroid - Run unit tests for all variants.
sample:testAndroid - Run unit tests for all variants.
ugreen-strings-kmp:testAndroid - Run unit tests for all variants.
airtc-appsdk:testAndroidHostTest - Run unit tests for the androidMain build.
core-database:testAndroidHostTest - Run unit tests for the androidMain build.
core-kv:testAndroidHostTest - Run unit tests for the androidMain build.
core-logger:testAndroidHostTest - Run unit tests for the androidMain build.
core-net:testAndroidHostTest - Run unit tests for the androidMain build.
core-secure-package:testAndroidHostTest - Run unit tests for the androidMain build.
core-ui:testAndroidHostTest - Run unit tests for the androidMain build.
core-util:testAndroidHostTest - Run unit tests for the androidMain build.
device-thing-model:testAndroidHostTest - Run unit tests for the androidMain build.
domain-device:testAndroidHostTest - Run unit tests for the androidMain build.
domain-env:testAndroidHostTest - Run unit tests for the androidMain build.
feature-auth:testAndroidHostTest - Run unit tests for the androidMain build.
feature-home-management:testAndroidHostTest - Run unit tests for the androidMain build.
feature-ota:testAndroidHostTest - Run unit tests for the androidMain build.
feature-playback:testAndroidHostTest - Run unit tests for the androidMain build.
sample:testAndroidHostTest - Run unit tests for the androidMain build.
ugreen-strings-kmp:testAndroidHostTest - Run unit tests for the androidMain build.
sample-android:testDebugUnitTest - Run unit tests for the debug build.
ugreen-strings-android:testDebugUnitTest - Run unit tests for the debug build.
airtc-appsdk:updateLintBaseline - Updates the lint baseline for project `airtc-appsdk`.
core-database:updateLintBaseline - Updates the lint baseline for project `core-database`.
core-kv:updateLintBaseline - Updates the lint baseline for project `core-kv`.
core-logger:updateLintBaseline - Updates the lint baseline for project `core-logger`.
core-mvi:updateLintBaseline - Updates the lint baseline for project `core-mvi`.
core-navigation:updateLintBaseline - Updates the lint baseline for project `core-navigation`.
core-net:updateLintBaseline - Updates the lint baseline for project `core-net`.
core-player:updateLintBaseline - Updates the lint baseline for project `core-player`.
core-secure-package:updateLintBaseline - Updates the lint baseline for project `core-secure-package`.
core-ui:updateLintBaseline - Updates the lint baseline for project `core-ui`.
core-util:updateLintBaseline - Updates the lint baseline for project `core-util`.
device-biz:updateLintBaseline - Updates the lint baseline for project `device-biz`.
device-thing-model:updateLintBaseline - Updates the lint baseline for project `device-thing-model`.
domain-device:updateLintBaseline - Updates the lint baseline for project `domain-device`.
domain-env:updateLintBaseline - Updates the lint baseline for project `domain-env`.
domain-family:updateLintBaseline - Updates the lint baseline for project `domain-family`.
domain-product:updateLintBaseline - Updates the lint baseline for project `domain-product`.
feature-auth:updateLintBaseline - Updates the lint baseline for project `feature-auth`.
feature-device-event:updateLintBaseline - Updates the lint baseline for project `feature-device-event`.
feature-home-management:updateLintBaseline - Updates the lint baseline for project `feature-home-management`.
feature-ota:updateLintBaseline - Updates the lint baseline for project `feature-ota`.
feature-third-party-services:updateLintBaseline - Updates the lint baseline for project `feature-third-party-services`.
sample-android:updateLintBaseline - Updates the lint baseline using the default variant.
ugreen-strings-android:updateLintBaseline - Updates the lint baseline using the default variant.
ugreen-strings-kmp:updateLintBaseline - Updates the lint baseline for project `ugreen-strings-kmp`.
core-secure-package:verifyAndroidNativeArtifacts - Verifies that all committed Android age JNI libraries are available.
core-secure-package:verifyIosNativeArtifacts - Verifies that the committed iOS age static libraries are available.
core-secure-package:verifyRustAgeArtifacts
airtc-appsdk:writeJvmLintModelMetadata
core-database:writeJvmLintModelMetadata
core-kv:writeJvmLintModelMetadata
core-logger:writeJvmLintModelMetadata
core-mvi:writeJvmLintModelMetadata
core-navigation:writeJvmLintModelMetadata
core-net:writeJvmLintModelMetadata
core-player:writeJvmLintModelMetadata
core-secure-package:writeJvmLintModelMetadata
core-ui:writeJvmLintModelMetadata
core-util:writeJvmLintModelMetadata
device-biz:writeJvmLintModelMetadata
device-thing-model:writeJvmLintModelMetadata
domain-device:writeJvmLintModelMetadata
domain-env:writeJvmLintModelMetadata
domain-family:writeJvmLintModelMetadata
domain-product:writeJvmLintModelMetadata
feature-auth:writeJvmLintModelMetadata
feature-device-event:writeJvmLintModelMetadata
feature-home-management:writeJvmLintModelMetadata
feature-ota:writeJvmLintModelMetadata
feature-third-party-services:writeJvmLintModelMetadata
ugreen-strings-kmp:writeJvmLintModelMetadata

Other tasks
-----------
sample-android:analyzeDebugAndroidTestDependencies
ugreen-strings-android:analyzeDebugAndroidTestDependencies
sample-android:analyzeDebugDependencies
ugreen-strings-android:analyzeDebugDependencies
sample-android:analyzeDebugUnitTestDependencies
ugreen-strings-android:analyzeDebugUnitTestDependencies
sample-android:analyzeReleaseDependencies
ugreen-strings-android:analyzeReleaseDependencies
airtc-appsdk:androidCompileLintChecks
app-shared:androidCompileLintChecks
core-database:androidCompileLintChecks
core-kv:androidCompileLintChecks
core-logger:androidCompileLintChecks
core-mvi:androidCompileLintChecks
core-navigation:androidCompileLintChecks
core-net:androidCompileLintChecks
core-player:androidCompileLintChecks
core-secure-package:androidCompileLintChecks
core-ui:androidCompileLintChecks
core-util:androidCompileLintChecks
device-biz:androidCompileLintChecks
device-thing-model:androidCompileLintChecks
domain-device:androidCompileLintChecks
domain-env:androidCompileLintChecks
domain-family:androidCompileLintChecks
domain-product:androidCompileLintChecks
feature-auth:androidCompileLintChecks
feature-device-event:androidCompileLintChecks
feature-home-management:androidCompileLintChecks
feature-ota:androidCompileLintChecks
feature-playback:androidCompileLintChecks
feature-third-party-services:androidCompileLintChecks
sample:androidCompileLintChecks
ugreen-strings-kmp:androidCompileLintChecks
core-database:androidCreateMockableJar
core-net:androidCreateMockableJar
airtc-appsdk:androidJar
app-shared:androidJar
core-database:androidJar
core-kv:androidJar
core-logger:androidJar
core-mvi:androidJar
core-navigation:androidJar
core-net:androidJar
core-player:androidJar
core-secure-package:androidJar
core-ui:androidJar
core-util:androidJar
device-biz:androidJar
device-thing-model:androidJar
domain-device:androidJar
domain-env:androidJar
domain-family:androidJar
domain-product:androidJar
feature-auth:androidJar
feature-device-event:androidJar
feature-home-management:androidJar
feature-ota:androidJar
feature-playback:androidJar
feature-third-party-services:androidJar
sample:androidJar
ugreen-strings-kmp:androidJar
airtc-appsdk:androidPreBuild
app-shared:androidPreBuild
core-database:androidPreBuild
core-kv:androidPreBuild
core-logger:androidPreBuild
core-mvi:androidPreBuild
core-navigation:androidPreBuild
core-net:androidPreBuild
core-player:androidPreBuild
core-secure-package:androidPreBuild
core-ui:androidPreBuild
core-util:androidPreBuild
device-biz:androidPreBuild
device-thing-model:androidPreBuild
domain-device:androidPreBuild
domain-env:androidPreBuild
domain-family:androidPreBuild
domain-product:androidPreBuild
feature-auth:androidPreBuild
feature-device-event:androidPreBuild
feature-home-management:androidPreBuild
feature-ota:androidPreBuild
feature-playback:androidPreBuild
feature-third-party-services:androidPreBuild
sample:androidPreBuild
ugreen-strings-kmp:androidPreBuild
core-database:assembleAndroidDeviceTest - Assembles main Android output for variant <androidDeviceTest>
core-net:assembleAndroidDeviceTest - Assembles main Android output for variant <androidDeviceTest>
airtc-appsdk:assembleAndroidHostTest - Assembles main Android output for variant <androidHostTest>
core-database:assembleAndroidHostTest - Assembles main Android output for variant <androidHostTest>
core-kv:assembleAndroidHostTest - Assembles main Android output for variant <androidHostTest>
core-logger:assembleAndroidHostTest - Assembles main Android output for variant <androidHostTest>
core-net:assembleAndroidHostTest - Assembles main Android output for variant <androidHostTest>
core-secure-package:assembleAndroidHostTest - Assembles main Android output for variant <androidHostTest>
core-ui:assembleAndroidHostTest - Assembles main Android output for variant <androidHostTest>
core-util:assembleAndroidHostTest - Assembles main Android output for variant <androidHostTest>
device-thing-model:assembleAndroidHostTest - Assembles main Android output for variant <androidHostTest>
domain-device:assembleAndroidHostTest - Assembles main Android output for variant <androidHostTest>
domain-env:assembleAndroidHostTest - Assembles main Android output for variant <androidHostTest>
feature-auth:assembleAndroidHostTest - Assembles main Android output for variant <androidHostTest>
feature-home-management:assembleAndroidHostTest - Assembles main Android output for variant <androidHostTest>
feature-ota:assembleAndroidHostTest - Assembles main Android output for variant <androidHostTest>
feature-playback:assembleAndroidHostTest - Assembles main Android output for variant <androidHostTest>
sample:assembleAndroidHostTest - Assembles main Android output for variant <androidHostTest>
ugreen-strings-kmp:assembleAndroidHostTest - Assembles main Android output for variant <androidHostTest>
airtc-appsdk:assembleAndroidMain - Assembles main Android output for variant <androidMain>
app-shared:assembleAndroidMain - Assembles main Android output for variant <androidMain>
core-database:assembleAndroidMain - Assembles main Android output for variant <androidMain>
core-kv:assembleAndroidMain - Assembles main Android output for variant <androidMain>
core-logger:assembleAndroidMain - Assembles main Android output for variant <androidMain>
core-mvi:assembleAndroidMain - Assembles main Android output for variant <androidMain>
core-navigation:assembleAndroidMain - Assembles main Android output for variant <androidMain>
core-net:assembleAndroidMain - Assembles main Android output for variant <androidMain>
core-player:assembleAndroidMain - Assembles main Android output for variant <androidMain>
core-secure-package:assembleAndroidMain - Assembles main Android output for variant <androidMain>
core-ui:assembleAndroidMain - Assembles main Android output for variant <androidMain>
core-util:assembleAndroidMain - Assembles main Android output for variant <androidMain>
device-biz:assembleAndroidMain - Assembles main Android output for variant <androidMain>
device-thing-model:assembleAndroidMain - Assembles main Android output for variant <androidMain>
domain-device:assembleAndroidMain - Assembles main Android output for variant <androidMain>
domain-env:assembleAndroidMain - Assembles main Android output for variant <androidMain>
domain-family:assembleAndroidMain - Assembles main Android output for variant <androidMain>
domain-product:assembleAndroidMain - Assembles main Android output for variant <androidMain>
feature-auth:assembleAndroidMain - Assembles main Android output for variant <androidMain>
feature-device-event:assembleAndroidMain - Assembles main Android output for variant <androidMain>
feature-home-management:assembleAndroidMain - Assembles main Android output for variant <androidMain>
feature-ota:assembleAndroidMain - Assembles main Android output for variant <androidMain>
feature-playback:assembleAndroidMain - Assembles main Android output for variant <androidMain>
feature-third-party-services:assembleAndroidMain - Assembles main Android output for variant <androidMain>
sample:assembleAndroidMain - Assembles main Android output for variant <androidMain>
ugreen-strings-kmp:assembleAndroidMain - Assembles main Android output for variant <androidMain>
sample-android:assembleDebug - Assembles main output for variant debug
ugreen-strings-android:assembleDebug - Assembles main output for variant debug
sample-android:assembleDebugAndroidTest - Assembles main output for variant debugAndroidTest
ugreen-strings-android:assembleDebugAndroidTest - Assembles main output for variant debugAndroidTest
sample-android:assembleDebugUnitTest - Assembles main output for variant debugUnitTest
ugreen-strings-android:assembleDebugUnitTest - Assembles main output for variant debugUnitTest
sample-android:assembleRelease - Assembles main output for variant release
ugreen-strings-android:assembleRelease - Assembles main output for variant release
sample-android:buildDebugPreBundle
sample-android:buildReleasePreBundle
airtc-appsdk:bundleAndroidMainAar
app-shared:bundleAndroidMainAar
core-database:bundleAndroidMainAar
core-kv:bundleAndroidMainAar
core-logger:bundleAndroidMainAar
core-mvi:bundleAndroidMainAar
core-navigation:bundleAndroidMainAar
core-net:bundleAndroidMainAar
core-player:bundleAndroidMainAar
core-secure-package:bundleAndroidMainAar
core-ui:bundleAndroidMainAar
core-util:bundleAndroidMainAar
device-biz:bundleAndroidMainAar
device-thing-model:bundleAndroidMainAar
domain-device:bundleAndroidMainAar
domain-env:bundleAndroidMainAar
domain-family:bundleAndroidMainAar
domain-product:bundleAndroidMainAar
feature-auth:bundleAndroidMainAar
feature-device-event:bundleAndroidMainAar
feature-home-management:bundleAndroidMainAar
feature-ota:bundleAndroidMainAar
feature-playback:bundleAndroidMainAar
feature-third-party-services:bundleAndroidMainAar
sample:bundleAndroidMainAar
ugreen-strings-kmp:bundleAndroidMainAar
airtc-appsdk:bundleAndroidMainClassesToCompileJar
app-shared:bundleAndroidMainClassesToCompileJar
core-database:bundleAndroidMainClassesToCompileJar
core-kv:bundleAndroidMainClassesToCompileJar
core-logger:bundleAndroidMainClassesToCompileJar
core-mvi:bundleAndroidMainClassesToCompileJar
core-navigation:bundleAndroidMainClassesToCompileJar
core-net:bundleAndroidMainClassesToCompileJar
core-player:bundleAndroidMainClassesToCompileJar
core-secure-package:bundleAndroidMainClassesToCompileJar
core-ui:bundleAndroidMainClassesToCompileJar
core-util:bundleAndroidMainClassesToCompileJar
device-biz:bundleAndroidMainClassesToCompileJar
device-thing-model:bundleAndroidMainClassesToCompileJar
domain-device:bundleAndroidMainClassesToCompileJar
domain-env:bundleAndroidMainClassesToCompileJar
domain-family:bundleAndroidMainClassesToCompileJar
domain-product:bundleAndroidMainClassesToCompileJar
feature-auth:bundleAndroidMainClassesToCompileJar
feature-device-event:bundleAndroidMainClassesToCompileJar
feature-home-management:bundleAndroidMainClassesToCompileJar
feature-ota:bundleAndroidMainClassesToCompileJar
feature-playback:bundleAndroidMainClassesToCompileJar
feature-third-party-services:bundleAndroidMainClassesToCompileJar
sample:bundleAndroidMainClassesToCompileJar
ugreen-strings-kmp:bundleAndroidMainClassesToCompileJar
airtc-appsdk:bundleAndroidMainClassesToRuntimeJar
app-shared:bundleAndroidMainClassesToRuntimeJar
core-database:bundleAndroidMainClassesToRuntimeJar
core-kv:bundleAndroidMainClassesToRuntimeJar
core-logger:bundleAndroidMainClassesToRuntimeJar
core-mvi:bundleAndroidMainClassesToRuntimeJar
core-navigation:bundleAndroidMainClassesToRuntimeJar
core-net:bundleAndroidMainClassesToRuntimeJar
core-player:bundleAndroidMainClassesToRuntimeJar
core-secure-package:bundleAndroidMainClassesToRuntimeJar
core-ui:bundleAndroidMainClassesToRuntimeJar
core-util:bundleAndroidMainClassesToRuntimeJar
device-biz:bundleAndroidMainClassesToRuntimeJar
device-thing-model:bundleAndroidMainClassesToRuntimeJar
domain-device:bundleAndroidMainClassesToRuntimeJar
domain-env:bundleAndroidMainClassesToRuntimeJar
domain-family:bundleAndroidMainClassesToRuntimeJar
domain-product:bundleAndroidMainClassesToRuntimeJar
feature-auth:bundleAndroidMainClassesToRuntimeJar
feature-device-event:bundleAndroidMainClassesToRuntimeJar
feature-home-management:bundleAndroidMainClassesToRuntimeJar
feature-ota:bundleAndroidMainClassesToRuntimeJar
feature-playback:bundleAndroidMainClassesToRuntimeJar
feature-third-party-services:bundleAndroidMainClassesToRuntimeJar
sample:bundleAndroidMainClassesToRuntimeJar
ugreen-strings-kmp:bundleAndroidMainClassesToRuntimeJar
airtc-appsdk:bundleAndroidMainLocalLintAar
app-shared:bundleAndroidMainLocalLintAar
core-database:bundleAndroidMainLocalLintAar
core-kv:bundleAndroidMainLocalLintAar
core-logger:bundleAndroidMainLocalLintAar
core-mvi:bundleAndroidMainLocalLintAar
core-navigation:bundleAndroidMainLocalLintAar
core-net:bundleAndroidMainLocalLintAar
core-player:bundleAndroidMainLocalLintAar
core-secure-package:bundleAndroidMainLocalLintAar
core-ui:bundleAndroidMainLocalLintAar
core-util:bundleAndroidMainLocalLintAar
device-biz:bundleAndroidMainLocalLintAar
device-thing-model:bundleAndroidMainLocalLintAar
domain-device:bundleAndroidMainLocalLintAar
domain-env:bundleAndroidMainLocalLintAar
domain-family:bundleAndroidMainLocalLintAar
domain-product:bundleAndroidMainLocalLintAar
feature-auth:bundleAndroidMainLocalLintAar
feature-device-event:bundleAndroidMainLocalLintAar
feature-home-management:bundleAndroidMainLocalLintAar
feature-ota:bundleAndroidMainLocalLintAar
feature-playback:bundleAndroidMainLocalLintAar
feature-third-party-services:bundleAndroidMainLocalLintAar
sample:bundleAndroidMainLocalLintAar
ugreen-strings-kmp:bundleAndroidMainLocalLintAar
sample-android:bundleDebug - Assembles bundle for variant debug
ugreen-strings-android:bundleDebugAar - Assembles a bundle containing the library in debug.
sample-android:bundleDebugClassesToCompileJar
sample-android:bundleDebugClassesToRuntimeJar
ugreen-strings-android:bundleDebugLocalLintAar - Assembles a bundle containing the library in debug.
sample-android:bundleDebugResources
ugreen-strings-android:bundleLibCompileToJarDebug
ugreen-strings-android:bundleLibCompileToJarRelease
airtc-appsdk:bundleLibRuntimeToDirAndroidMain
app-shared:bundleLibRuntimeToDirAndroidMain
core-database:bundleLibRuntimeToDirAndroidMain
core-kv:bundleLibRuntimeToDirAndroidMain
core-logger:bundleLibRuntimeToDirAndroidMain
core-mvi:bundleLibRuntimeToDirAndroidMain
core-navigation:bundleLibRuntimeToDirAndroidMain
core-net:bundleLibRuntimeToDirAndroidMain
core-player:bundleLibRuntimeToDirAndroidMain
core-secure-package:bundleLibRuntimeToDirAndroidMain
core-ui:bundleLibRuntimeToDirAndroidMain
core-util:bundleLibRuntimeToDirAndroidMain
device-biz:bundleLibRuntimeToDirAndroidMain
device-thing-model:bundleLibRuntimeToDirAndroidMain
domain-device:bundleLibRuntimeToDirAndroidMain
domain-env:bundleLibRuntimeToDirAndroidMain
domain-family:bundleLibRuntimeToDirAndroidMain
domain-product:bundleLibRuntimeToDirAndroidMain
feature-auth:bundleLibRuntimeToDirAndroidMain
feature-device-event:bundleLibRuntimeToDirAndroidMain
feature-home-management:bundleLibRuntimeToDirAndroidMain
feature-ota:bundleLibRuntimeToDirAndroidMain
feature-playback:bundleLibRuntimeToDirAndroidMain
feature-third-party-services:bundleLibRuntimeToDirAndroidMain
sample:bundleLibRuntimeToDirAndroidMain
ugreen-strings-kmp:bundleLibRuntimeToDirAndroidMain
ugreen-strings-android:bundleLibRuntimeToDirDebug
ugreen-strings-android:bundleLibRuntimeToDirRelease
ugreen-strings-android:bundleLibRuntimeToJarDebug
ugreen-strings-android:bundleLibRuntimeToJarRelease
sample-android:bundleRelease - Assembles bundle for variant release
ugreen-strings-android:bundleReleaseAar - Assembles a bundle containing the library in release.
sample-android:bundleReleaseClassesToCompileJar
sample-android:bundleReleaseClassesToRuntimeJar
ugreen-strings-android:bundleReleaseLocalLintAar - Assembles a bundle containing the library in release.
sample-android:bundleReleaseResources
core-database:checkAndroidDeviceTestAarMetadata
core-net:checkAndroidDeviceTestAarMetadata
core-database:checkAndroidDeviceTestDuplicateClasses
core-net:checkAndroidDeviceTestDuplicateClasses
core-ui:checkAndroidHostTestAarMetadata
domain-device:checkAndroidHostTestAarMetadata
domain-env:checkAndroidHostTestAarMetadata
feature-auth:checkAndroidHostTestAarMetadata
feature-home-management:checkAndroidHostTestAarMetadata
feature-ota:checkAndroidHostTestAarMetadata
feature-playback:checkAndroidHostTestAarMetadata
sample:checkAndroidHostTestAarMetadata
ugreen-strings-kmp:checkAndroidHostTestAarMetadata
airtc-appsdk:checkAndroidMainAarMetadata
app-shared:checkAndroidMainAarMetadata
core-database:checkAndroidMainAarMetadata
core-kv:checkAndroidMainAarMetadata
core-logger:checkAndroidMainAarMetadata
core-mvi:checkAndroidMainAarMetadata
core-navigation:checkAndroidMainAarMetadata
core-net:checkAndroidMainAarMetadata
core-player:checkAndroidMainAarMetadata
core-secure-package:checkAndroidMainAarMetadata
core-ui:checkAndroidMainAarMetadata
core-util:checkAndroidMainAarMetadata
device-biz:checkAndroidMainAarMetadata
device-thing-model:checkAndroidMainAarMetadata
domain-device:checkAndroidMainAarMetadata
domain-env:checkAndroidMainAarMetadata
domain-family:checkAndroidMainAarMetadata
domain-product:checkAndroidMainAarMetadata
feature-auth:checkAndroidMainAarMetadata
feature-device-event:checkAndroidMainAarMetadata
feature-home-management:checkAndroidMainAarMetadata
feature-ota:checkAndroidMainAarMetadata
feature-playback:checkAndroidMainAarMetadata
feature-third-party-services:checkAndroidMainAarMetadata
sample:checkAndroidMainAarMetadata
ugreen-strings-kmp:checkAndroidMainAarMetadata
sample-android:checkDebugAarMetadata
ugreen-strings-android:checkDebugAarMetadata
sample-android:checkDebugAndroidTestAarMetadata
ugreen-strings-android:checkDebugAndroidTestAarMetadata
sample-android:checkDebugAndroidTestDuplicateClasses
ugreen-strings-android:checkDebugAndroidTestDuplicateClasses
sample-android:checkDebugDuplicateClasses
sample-android:checkDebugManifest
ugreen-strings-android:checkDebugManifest
sample-android:checkReleaseAarMetadata
ugreen-strings-android:checkReleaseAarMetadata
sample-android:checkReleaseDuplicateClasses
sample-android:checkReleaseManifest
ugreen-strings-android:checkReleaseManifest
sample-android:collectReleaseDependencies
core-database:compileAndroidDeviceTest - Compiles the compilation 'deviceTest' in target 'android'.
core-net:compileAndroidDeviceTest - Compiles the compilation 'deviceTest' in target 'android'.
core-database:compileAndroidDeviceTestNavigationResources
core-net:compileAndroidDeviceTestNavigationResources
airtc-appsdk:compileAndroidHostTest - Compiles the compilation 'hostTest' in target 'android'.
core-database:compileAndroidHostTest - Compiles the compilation 'hostTest' in target 'android'.
core-kv:compileAndroidHostTest - Compiles the compilation 'hostTest' in target 'android'.
core-logger:compileAndroidHostTest - Compiles the compilation 'hostTest' in target 'android'.
core-net:compileAndroidHostTest - Compiles the compilation 'hostTest' in target 'android'.
core-secure-package:compileAndroidHostTest - Compiles the compilation 'hostTest' in target 'android'.
core-ui:compileAndroidHostTest - Compiles the compilation 'hostTest' in target 'android'.
core-util:compileAndroidHostTest - Compiles the compilation 'hostTest' in target 'android'.
device-thing-model:compileAndroidHostTest - Compiles the compilation 'hostTest' in target 'android'.
domain-device:compileAndroidHostTest - Compiles the compilation 'hostTest' in target 'android'.
domain-env:compileAndroidHostTest - Compiles the compilation 'hostTest' in target 'android'.
feature-auth:compileAndroidHostTest - Compiles the compilation 'hostTest' in target 'android'.
feature-home-management:compileAndroidHostTest - Compiles the compilation 'hostTest' in target 'android'.
feature-ota:compileAndroidHostTest - Compiles the compilation 'hostTest' in target 'android'.
feature-playback:compileAndroidHostTest - Compiles the compilation 'hostTest' in target 'android'.
sample:compileAndroidHostTest - Compiles the compilation 'hostTest' in target 'android'.
ugreen-strings-kmp:compileAndroidHostTest - Compiles the compilation 'hostTest' in target 'android'.
airtc-appsdk:compileAndroidMain - Compiles the compilation 'main' in target 'android'.
app-shared:compileAndroidMain - Compiles the compilation 'main' in target 'android'.
core-database:compileAndroidMain - Compiles the compilation 'main' in target 'android'.
core-kv:compileAndroidMain - Compiles the compilation 'main' in target 'android'.
core-logger:compileAndroidMain - Compiles the compilation 'main' in target 'android'.
core-mvi:compileAndroidMain - Compiles the compilation 'main' in target 'android'.
core-navigation:compileAndroidMain - Compiles the compilation 'main' in target 'android'.
core-net:compileAndroidMain - Compiles the compilation 'main' in target 'android'.
core-player:compileAndroidMain - Compiles the compilation 'main' in target 'android'.
core-secure-package:compileAndroidMain - Compiles the compilation 'main' in target 'android'.
core-ui:compileAndroidMain - Compiles the compilation 'main' in target 'android'.
core-util:compileAndroidMain - Compiles the compilation 'main' in target 'android'.
device-biz:compileAndroidMain - Compiles the compilation 'main' in target 'android'.
device-thing-model:compileAndroidMain - Compiles the compilation 'main' in target 'android'.
domain-device:compileAndroidMain - Compiles the compilation 'main' in target 'android'.
domain-env:compileAndroidMain - Compiles the compilation 'main' in target 'android'.
domain-family:compileAndroidMain - Compiles the compilation 'main' in target 'android'.
domain-product:compileAndroidMain - Compiles the compilation 'main' in target 'android'.
feature-auth:compileAndroidMain - Compiles the compilation 'main' in target 'android'.
feature-device-event:compileAndroidMain - Compiles the compilation 'main' in target 'android'.
feature-home-management:compileAndroidMain - Compiles the compilation 'main' in target 'android'.
feature-ota:compileAndroidMain - Compiles the compilation 'main' in target 'android'.
feature-playback:compileAndroidMain - Compiles the compilation 'main' in target 'android'.
feature-third-party-services:compileAndroidMain - Compiles the compilation 'main' in target 'android'.
sample:compileAndroidMain - Compiles the compilation 'main' in target 'android'.
ugreen-strings-kmp:compileAndroidMain - Compiles the compilation 'main' in target 'android'.
app-shared:compileAndroidMainLibraryResources
core-ui:compileAndroidMainLibraryResources
feature-auth:compileAndroidMainLibraryResources
feature-device-event:compileAndroidMainLibraryResources
feature-home-management:compileAndroidMainLibraryResources
feature-ota:compileAndroidMainLibraryResources
feature-third-party-services:compileAndroidMainLibraryResources
sample:compileAndroidMainLibraryResources
ugreen-strings-kmp:compileAndroidMainLibraryResources
core-util:compileCommonMainKotlinMetadata - Compiles the kotlin sources in compilation 'commonMain' in target 'metadata' to Metadata.
sample-android:compileDebugAndroidTestJavaWithJavac
ugreen-strings-android:compileDebugAndroidTestJavaWithJavac
sample-android:compileDebugAndroidTestKotlin
ugreen-strings-android:compileDebugAndroidTestKotlin
sample-android:compileDebugAndroidTestNavigationResources
ugreen-strings-android:compileDebugAndroidTestNavigationResources
sample-android:compileDebugArtProfile
sample-android:compileDebugJavaWithJavac
ugreen-strings-android:compileDebugJavaWithJavac
sample-android:compileDebugKotlin
ugreen-strings-android:compileDebugKotlin
ugreen-strings-android:compileDebugLibraryResources
sample-android:compileDebugNavigationResources
ugreen-strings-android:compileDebugNavigationResources
sample-android:compileDebugUnitTestJavaWithJavac
ugreen-strings-android:compileDebugUnitTestJavaWithJavac
sample-android:compileDebugUnitTestKotlin
ugreen-strings-android:compileDebugUnitTestKotlin
detekt-rules-kmp:compileJava - Compiles main Java source.
core-util:compileJvmMainJava - Compiles jvm main Java source.
core-util:compileJvmTestJava - Compiles jvm test Java source.
detekt-rules-kmp:compileKotlin - Compiles the compilation 'main' in target ''.
core-util:compileKotlinJvm - Compiles the compilation 'main' in target 'jvm'.
airtc-appsdk:compileKotlinMetadata - Compiles the kotlin sources in compilation 'main' in target 'metadata' to Metadata.
app-shared:compileKotlinMetadata - Compiles the kotlin sources in compilation 'main' in target 'metadata' to Metadata.
core-database:compileKotlinMetadata - Compiles the kotlin sources in compilation 'main' in target 'metadata' to Metadata.
core-kv:compileKotlinMetadata - Compiles the kotlin sources in compilation 'main' in target 'metadata' to Metadata.
core-logger:compileKotlinMetadata - Compiles the kotlin sources in compilation 'main' in target 'metadata' to Metadata.
core-mvi:compileKotlinMetadata - Compiles the kotlin sources in compilation 'main' in target 'metadata' to Metadata.
core-navigation:compileKotlinMetadata - Compiles the kotlin sources in compilation 'main' in target 'metadata' to Metadata.
core-net:compileKotlinMetadata - Compiles the kotlin sources in compilation 'main' in target 'metadata' to Metadata.
core-player:compileKotlinMetadata - Compiles the kotlin sources in compilation 'main' in target 'metadata' to Metadata.
core-secure-package:compileKotlinMetadata - Compiles the kotlin sources in compilation 'main' in target 'metadata' to Metadata.
core-ui:compileKotlinMetadata - Compiles the kotlin sources in compilation 'main' in target 'metadata' to Metadata.
core-util:compileKotlinMetadata - Compiles the kotlin sources in compilation 'main' in target 'metadata' to Metadata.
device-biz:compileKotlinMetadata - Compiles the kotlin sources in compilation 'main' in target 'metadata' to Metadata.
device-thing-model:compileKotlinMetadata - Compiles the kotlin sources in compilation 'main' in target 'metadata' to Metadata.
domain-device:compileKotlinMetadata - Compiles the kotlin sources in compilation 'main' in target 'metadata' to Metadata.
domain-env:compileKotlinMetadata - Compiles the kotlin sources in compilation 'main' in target 'metadata' to Metadata.
domain-family:compileKotlinMetadata - Compiles the kotlin sources in compilation 'main' in target 'metadata' to Metadata.
domain-product:compileKotlinMetadata - Compiles the kotlin sources in compilation 'main' in target 'metadata' to Metadata.
feature-auth:compileKotlinMetadata - Compiles the kotlin sources in compilation 'main' in target 'metadata' to Metadata.
feature-device-event:compileKotlinMetadata - Compiles the kotlin sources in compilation 'main' in target 'metadata' to Metadata.
feature-home-management:compileKotlinMetadata - Compiles the kotlin sources in compilation 'main' in target 'metadata' to Metadata.
feature-ota:compileKotlinMetadata - Compiles the kotlin sources in compilation 'main' in target 'metadata' to Metadata.
feature-playback:compileKotlinMetadata - Compiles the kotlin sources in compilation 'main' in target 'metadata' to Metadata.
feature-third-party-services:compileKotlinMetadata - Compiles the kotlin sources in compilation 'main' in target 'metadata' to Metadata.
sample:compileKotlinMetadata - Compiles the kotlin sources in compilation 'main' in target 'metadata' to Metadata.
ugreen-strings-kmp:compileKotlinMetadata - Compiles the kotlin sources in compilation 'main' in target 'metadata' to Metadata.
airtc-appsdk:compileLint
app-shared:compileLint
core-database:compileLint
core-kv:compileLint
core-logger:compileLint
core-mvi:compileLint
core-navigation:compileLint
core-net:compileLint
core-player:compileLint
core-secure-package:compileLint
core-ui:compileLint
core-util:compileLint
device-biz:compileLint
device-thing-model:compileLint
domain-device:compileLint
domain-env:compileLint
domain-family:compileLint
domain-product:compileLint
feature-auth:compileLint
feature-device-event:compileLint
feature-home-management:compileLint
feature-ota:compileLint
feature-playback:compileLint
feature-third-party-services:compileLint
sample:compileLint
sample-android:compileLint
ugreen-strings-android:compileLint
ugreen-strings-kmp:compileLint
sample-android:compileLintChecks
ugreen-strings-android:compileLintChecks
sample-android:compileReleaseArtProfile
sample-android:compileReleaseJavaWithJavac
ugreen-strings-android:compileReleaseJavaWithJavac
sample-android:compileReleaseKotlin
ugreen-strings-android:compileReleaseKotlin
ugreen-strings-android:compileReleaseLibraryResources
sample-android:compileReleaseNavigationResources
ugreen-strings-android:compileReleaseNavigationResources
detekt-rules-kmp:compileTestJava - Compiles test Java source.
detekt-rules-kmp:compileTestKotlin - Compiles the compilation 'test' in target ''.
core-util:compileTestKotlinJvm - Compiles the compilation 'test' in target 'jvm'.
core-database:compressAndroidDeviceTestAssets
core-net:compressAndroidDeviceTestAssets
sample-android:compressDebugAndroidTestAssets
ugreen-strings-android:compressDebugAndroidTestAssets
sample-android:compressDebugAssets
sample-android:compressReleaseAssets
airtc-appsdk:computeLocalPackageDependencyInputFiles
app-shared:computeLocalPackageDependencyInputFiles
core-database:computeLocalPackageDependencyInputFiles
core-kv:computeLocalPackageDependencyInputFiles
core-logger:computeLocalPackageDependencyInputFiles
core-mvi:computeLocalPackageDependencyInputFiles
core-navigation:computeLocalPackageDependencyInputFiles
core-net:computeLocalPackageDependencyInputFiles
core-player:computeLocalPackageDependencyInputFiles
core-secure-package:computeLocalPackageDependencyInputFiles
core-ui:computeLocalPackageDependencyInputFiles
core-util:computeLocalPackageDependencyInputFiles
device-biz:computeLocalPackageDependencyInputFiles
device-thing-model:computeLocalPackageDependencyInputFiles
domain-device:computeLocalPackageDependencyInputFiles
domain-env:computeLocalPackageDependencyInputFiles
domain-family:computeLocalPackageDependencyInputFiles
domain-product:computeLocalPackageDependencyInputFiles
feature-auth:computeLocalPackageDependencyInputFiles
feature-device-event:computeLocalPackageDependencyInputFiles
feature-home-management:computeLocalPackageDependencyInputFiles
feature-ota:computeLocalPackageDependencyInputFiles
feature-playback:computeLocalPackageDependencyInputFiles
feature-third-party-services:computeLocalPackageDependencyInputFiles
sample:computeLocalPackageDependencyInputFiles
ugreen-strings-kmp:computeLocalPackageDependencyInputFiles
sample-android:configureReleaseDependencies
airtc-appsdk:consumeConfigAttr
app-shared:consumeConfigAttr
core-database:consumeConfigAttr
core-kv:consumeConfigAttr
core-logger:consumeConfigAttr
core-mvi:consumeConfigAttr
core-navigation:consumeConfigAttr
core-net:consumeConfigAttr
core-player:consumeConfigAttr
core-secure-package:consumeConfigAttr
core-ui:consumeConfigAttr
core-util:consumeConfigAttr
device-biz:consumeConfigAttr
device-thing-model:consumeConfigAttr
domain-device:consumeConfigAttr
domain-env:consumeConfigAttr
domain-family:consumeConfigAttr
domain-product:consumeConfigAttr
feature-auth:consumeConfigAttr
feature-device-event:consumeConfigAttr
feature-home-management:consumeConfigAttr
feature-ota:consumeConfigAttr
feature-playback:consumeConfigAttr
feature-third-party-services:consumeConfigAttr
sample:consumeConfigAttr
sample-android:consumeConfigAttr
ugreen-strings-android:consumeConfigAttr
ugreen-strings-kmp:consumeConfigAttr
core-ui:convertXmlValueResourcesForAndroidHostTest
feature-auth:convertXmlValueResourcesForAndroidHostTest
feature-home-management:convertXmlValueResourcesForAndroidHostTest
feature-ota:convertXmlValueResourcesForAndroidHostTest
sample:convertXmlValueResourcesForAndroidHostTest
ugreen-strings-kmp:convertXmlValueResourcesForAndroidHostTest
app-shared:convertXmlValueResourcesForAndroidMain
core-navigation:convertXmlValueResourcesForAndroidMain
core-player:convertXmlValueResourcesForAndroidMain
core-ui:convertXmlValueResourcesForAndroidMain
device-biz:convertXmlValueResourcesForAndroidMain
feature-auth:convertXmlValueResourcesForAndroidMain
feature-device-event:convertXmlValueResourcesForAndroidMain
feature-home-management:convertXmlValueResourcesForAndroidMain
feature-ota:convertXmlValueResourcesForAndroidMain
feature-third-party-services:convertXmlValueResourcesForAndroidMain
sample:convertXmlValueResourcesForAndroidMain
ugreen-strings-kmp:convertXmlValueResourcesForAndroidMain
app-shared:convertXmlValueResourcesForCommonMain
core-navigation:convertXmlValueResourcesForCommonMain
core-player:convertXmlValueResourcesForCommonMain
core-ui:convertXmlValueResourcesForCommonMain
device-biz:convertXmlValueResourcesForCommonMain
feature-auth:convertXmlValueResourcesForCommonMain
feature-device-event:convertXmlValueResourcesForCommonMain
feature-home-management:convertXmlValueResourcesForCommonMain
feature-ota:convertXmlValueResourcesForCommonMain
feature-third-party-services:convertXmlValueResourcesForCommonMain
sample:convertXmlValueResourcesForCommonMain
ugreen-strings-kmp:convertXmlValueResourcesForCommonMain
app-shared:convertXmlValueResourcesForCommonTest
core-navigation:convertXmlValueResourcesForCommonTest
core-player:convertXmlValueResourcesForCommonTest
core-ui:convertXmlValueResourcesForCommonTest
device-biz:convertXmlValueResourcesForCommonTest
feature-auth:convertXmlValueResourcesForCommonTest
feature-device-event:convertXmlValueResourcesForCommonTest
feature-home-management:convertXmlValueResourcesForCommonTest
feature-ota:convertXmlValueResourcesForCommonTest
feature-third-party-services:convertXmlValueResourcesForCommonTest
sample:convertXmlValueResourcesForCommonTest
ugreen-strings-kmp:convertXmlValueResourcesForCommonTest
app-shared:copyAndroidMainComposeResourcesToAndroidAssets
core-navigation:copyAndroidMainComposeResourcesToAndroidAssets
core-player:copyAndroidMainComposeResourcesToAndroidAssets
core-ui:copyAndroidMainComposeResourcesToAndroidAssets
device-biz:copyAndroidMainComposeResourcesToAndroidAssets
feature-auth:copyAndroidMainComposeResourcesToAndroidAssets
feature-device-event:copyAndroidMainComposeResourcesToAndroidAssets
feature-home-management:copyAndroidMainComposeResourcesToAndroidAssets
feature-ota:copyAndroidMainComposeResourcesToAndroidAssets
feature-third-party-services:copyAndroidMainComposeResourcesToAndroidAssets
sample:copyAndroidMainComposeResourcesToAndroidAssets
ugreen-strings-kmp:copyAndroidMainComposeResourcesToAndroidAssets
airtc-appsdk:copyAndroidMainJniLibsProjectOnly
app-shared:copyAndroidMainJniLibsProjectOnly
core-database:copyAndroidMainJniLibsProjectOnly
core-kv:copyAndroidMainJniLibsProjectOnly
core-logger:copyAndroidMainJniLibsProjectOnly
core-mvi:copyAndroidMainJniLibsProjectOnly
core-navigation:copyAndroidMainJniLibsProjectOnly
core-net:copyAndroidMainJniLibsProjectOnly
core-player:copyAndroidMainJniLibsProjectOnly
core-secure-package:copyAndroidMainJniLibsProjectOnly
core-ui:copyAndroidMainJniLibsProjectOnly
core-util:copyAndroidMainJniLibsProjectOnly
device-biz:copyAndroidMainJniLibsProjectOnly
device-thing-model:copyAndroidMainJniLibsProjectOnly
domain-device:copyAndroidMainJniLibsProjectOnly
domain-env:copyAndroidMainJniLibsProjectOnly
domain-family:copyAndroidMainJniLibsProjectOnly
domain-product:copyAndroidMainJniLibsProjectOnly
feature-auth:copyAndroidMainJniLibsProjectOnly
feature-device-event:copyAndroidMainJniLibsProjectOnly
feature-home-management:copyAndroidMainJniLibsProjectOnly
feature-ota:copyAndroidMainJniLibsProjectOnly
feature-playback:copyAndroidMainJniLibsProjectOnly
feature-third-party-services:copyAndroidMainJniLibsProjectOnly
sample:copyAndroidMainJniLibsProjectOnly
ugreen-strings-kmp:copyAndroidMainJniLibsProjectOnly
ugreen-strings-android:copyDebugJniLibsProjectAndLocalJars
ugreen-strings-android:copyDebugJniLibsProjectOnly
core-ui:copyNonXmlValueResourcesForAndroidHostTest
feature-auth:copyNonXmlValueResourcesForAndroidHostTest
feature-home-management:copyNonXmlValueResourcesForAndroidHostTest
feature-ota:copyNonXmlValueResourcesForAndroidHostTest
sample:copyNonXmlValueResourcesForAndroidHostTest
ugreen-strings-kmp:copyNonXmlValueResourcesForAndroidHostTest
app-shared:copyNonXmlValueResourcesForAndroidMain
core-navigation:copyNonXmlValueResourcesForAndroidMain
core-player:copyNonXmlValueResourcesForAndroidMain
core-ui:copyNonXmlValueResourcesForAndroidMain
device-biz:copyNonXmlValueResourcesForAndroidMain
feature-auth:copyNonXmlValueResourcesForAndroidMain
feature-device-event:copyNonXmlValueResourcesForAndroidMain
feature-home-management:copyNonXmlValueResourcesForAndroidMain
feature-ota:copyNonXmlValueResourcesForAndroidMain
feature-third-party-services:copyNonXmlValueResourcesForAndroidMain
sample:copyNonXmlValueResourcesForAndroidMain
ugreen-strings-kmp:copyNonXmlValueResourcesForAndroidMain
app-shared:copyNonXmlValueResourcesForCommonMain
core-navigation:copyNonXmlValueResourcesForCommonMain
core-player:copyNonXmlValueResourcesForCommonMain
core-ui:copyNonXmlValueResourcesForCommonMain
device-biz:copyNonXmlValueResourcesForCommonMain
feature-auth:copyNonXmlValueResourcesForCommonMain
feature-device-event:copyNonXmlValueResourcesForCommonMain
feature-home-management:copyNonXmlValueResourcesForCommonMain
feature-ota:copyNonXmlValueResourcesForCommonMain
feature-third-party-services:copyNonXmlValueResourcesForCommonMain
sample:copyNonXmlValueResourcesForCommonMain
ugreen-strings-kmp:copyNonXmlValueResourcesForCommonMain
app-shared:copyNonXmlValueResourcesForCommonTest
core-navigation:copyNonXmlValueResourcesForCommonTest
core-player:copyNonXmlValueResourcesForCommonTest
core-ui:copyNonXmlValueResourcesForCommonTest
device-biz:copyNonXmlValueResourcesForCommonTest
feature-auth:copyNonXmlValueResourcesForCommonTest
feature-device-event:copyNonXmlValueResourcesForCommonTest
feature-home-management:copyNonXmlValueResourcesForCommonTest
feature-ota:copyNonXmlValueResourcesForCommonTest
feature-third-party-services:copyNonXmlValueResourcesForCommonTest
sample:copyNonXmlValueResourcesForCommonTest
ugreen-strings-kmp:copyNonXmlValueResourcesForCommonTest
ugreen-strings-android:copyReleaseJniLibsProjectAndLocalJars
ugreen-strings-android:copyReleaseJniLibsProjectOnly
core-database:copyRoomSchemas
device-biz:copyRoomSchemas
sample:copyRoomSchemas
core-database:createAndroidDeviceTestApkListingFileRedirect
core-net:createAndroidDeviceTestApkListingFileRedirect
sample-android:createDebugAndroidTestApkListingFileRedirect
ugreen-strings-android:createDebugAndroidTestApkListingFileRedirect
sample-android:createDebugApkListingFileRedirect
sample-android:createDebugApksFromBundleListingFileRedirect
sample-android:createDebugBundleListingFileRedirect
sample-android:createDebugCompatibleScreenManifests
airtc-appsdk:createFullJarAndroidMain
app-shared:createFullJarAndroidMain
core-database:createFullJarAndroidMain
core-kv:createFullJarAndroidMain
core-logger:createFullJarAndroidMain
core-mvi:createFullJarAndroidMain
core-navigation:createFullJarAndroidMain
core-net:createFullJarAndroidMain
core-player:createFullJarAndroidMain
core-secure-package:createFullJarAndroidMain
core-ui:createFullJarAndroidMain
core-util:createFullJarAndroidMain
device-biz:createFullJarAndroidMain
device-thing-model:createFullJarAndroidMain
domain-device:createFullJarAndroidMain
domain-env:createFullJarAndroidMain
domain-family:createFullJarAndroidMain
domain-product:createFullJarAndroidMain
feature-auth:createFullJarAndroidMain
feature-device-event:createFullJarAndroidMain
feature-home-management:createFullJarAndroidMain
feature-ota:createFullJarAndroidMain
feature-playback:createFullJarAndroidMain
feature-third-party-services:createFullJarAndroidMain
sample:createFullJarAndroidMain
ugreen-strings-kmp:createFullJarAndroidMain
ugreen-strings-android:createFullJarDebug
ugreen-strings-android:createFullJarRelease
sample-android:createMockableJar
ugreen-strings-android:createMockableJar
sample-android:createReleaseApkListingFileRedirect
sample-android:createReleaseApksFromBundleListingFileRedirect
sample-android:createReleaseBundleListingFileRedirect
sample-android:createReleaseCompatibleScreenManifests
core-database:desugarAndroidDeviceTestFileDependencies
core-net:desugarAndroidDeviceTestFileDependencies
sample-android:desugarDebugAndroidTestFileDependencies
ugreen-strings-android:desugarDebugAndroidTestFileDependencies
sample-android:desugarDebugFileDependencies
sample-android:desugarReleaseFileDependencies
core-database:dexBuilderAndroidDeviceTest
core-net:dexBuilderAndroidDeviceTest
sample-android:dexBuilderDebug
sample-android:dexBuilderDebugAndroidTest
ugreen-strings-android:dexBuilderDebugAndroidTest
sample-android:dexBuilderRelease
airtc-appsdk:exportCommonSourceSetsMetadataLocationsForMetadataApiElements
app-shared:exportCommonSourceSetsMetadataLocationsForMetadataApiElements
core-database:exportCommonSourceSetsMetadataLocationsForMetadataApiElements
core-kv:exportCommonSourceSetsMetadataLocationsForMetadataApiElements
core-logger:exportCommonSourceSetsMetadataLocationsForMetadataApiElements
core-mvi:exportCommonSourceSetsMetadataLocationsForMetadataApiElements
core-navigation:exportCommonSourceSetsMetadataLocationsForMetadataApiElements
core-net:exportCommonSourceSetsMetadataLocationsForMetadataApiElements
core-player:exportCommonSourceSetsMetadataLocationsForMetadataApiElements
core-secure-package:exportCommonSourceSetsMetadataLocationsForMetadataApiElements
core-ui:exportCommonSourceSetsMetadataLocationsForMetadataApiElements
core-util:exportCommonSourceSetsMetadataLocationsForMetadataApiElements
device-biz:exportCommonSourceSetsMetadataLocationsForMetadataApiElements
device-thing-model:exportCommonSourceSetsMetadataLocationsForMetadataApiElements
domain-device:exportCommonSourceSetsMetadataLocationsForMetadataApiElements
domain-env:exportCommonSourceSetsMetadataLocationsForMetadataApiElements
domain-family:exportCommonSourceSetsMetadataLocationsForMetadataApiElements
domain-product:exportCommonSourceSetsMetadataLocationsForMetadataApiElements
feature-auth:exportCommonSourceSetsMetadataLocationsForMetadataApiElements
feature-device-event:exportCommonSourceSetsMetadataLocationsForMetadataApiElements
feature-home-management:exportCommonSourceSetsMetadataLocationsForMetadataApiElements
feature-ota:exportCommonSourceSetsMetadataLocationsForMetadataApiElements
feature-playback:exportCommonSourceSetsMetadataLocationsForMetadataApiElements
feature-third-party-services:exportCommonSourceSetsMetadataLocationsForMetadataApiElements
sample:exportCommonSourceSetsMetadataLocationsForMetadataApiElements
ugreen-strings-kmp:exportCommonSourceSetsMetadataLocationsForMetadataApiElements
ugreen-strings-android:exportDebugConsumerProguardFiles
ugreen-strings-android:exportReleaseConsumerProguardFiles
airtc-appsdk:exportRootPublicationCoordinatesForMetadataApiElements
app-shared:exportRootPublicationCoordinatesForMetadataApiElements
core-database:exportRootPublicationCoordinatesForMetadataApiElements
core-kv:exportRootPublicationCoordinatesForMetadataApiElements
core-logger:exportRootPublicationCoordinatesForMetadataApiElements
core-mvi:exportRootPublicationCoordinatesForMetadataApiElements
core-navigation:exportRootPublicationCoordinatesForMetadataApiElements
core-net:exportRootPublicationCoordinatesForMetadataApiElements
core-player:exportRootPublicationCoordinatesForMetadataApiElements
core-secure-package:exportRootPublicationCoordinatesForMetadataApiElements
core-ui:exportRootPublicationCoordinatesForMetadataApiElements
core-util:exportRootPublicationCoordinatesForMetadataApiElements
device-biz:exportRootPublicationCoordinatesForMetadataApiElements
device-thing-model:exportRootPublicationCoordinatesForMetadataApiElements
domain-device:exportRootPublicationCoordinatesForMetadataApiElements
domain-env:exportRootPublicationCoordinatesForMetadataApiElements
domain-family:exportRootPublicationCoordinatesForMetadataApiElements
domain-product:exportRootPublicationCoordinatesForMetadataApiElements
feature-auth:exportRootPublicationCoordinatesForMetadataApiElements
feature-device-event:exportRootPublicationCoordinatesForMetadataApiElements
feature-home-management:exportRootPublicationCoordinatesForMetadataApiElements
feature-ota:exportRootPublicationCoordinatesForMetadataApiElements
feature-playback:exportRootPublicationCoordinatesForMetadataApiElements
feature-third-party-services:exportRootPublicationCoordinatesForMetadataApiElements
sample:exportRootPublicationCoordinatesForMetadataApiElements
ugreen-strings-kmp:exportRootPublicationCoordinatesForMetadataApiElements
airtc-appsdk:exportTargetPublicationCoordinatesForAndroidApiElements
app-shared:exportTargetPublicationCoordinatesForAndroidApiElements
core-database:exportTargetPublicationCoordinatesForAndroidApiElements
core-kv:exportTargetPublicationCoordinatesForAndroidApiElements
core-logger:exportTargetPublicationCoordinatesForAndroidApiElements
core-mvi:exportTargetPublicationCoordinatesForAndroidApiElements
core-navigation:exportTargetPublicationCoordinatesForAndroidApiElements
core-net:exportTargetPublicationCoordinatesForAndroidApiElements
core-player:exportTargetPublicationCoordinatesForAndroidApiElements
core-secure-package:exportTargetPublicationCoordinatesForAndroidApiElements
core-ui:exportTargetPublicationCoordinatesForAndroidApiElements
core-util:exportTargetPublicationCoordinatesForAndroidApiElements
device-biz:exportTargetPublicationCoordinatesForAndroidApiElements
device-thing-model:exportTargetPublicationCoordinatesForAndroidApiElements
domain-device:exportTargetPublicationCoordinatesForAndroidApiElements
domain-env:exportTargetPublicationCoordinatesForAndroidApiElements
domain-family:exportTargetPublicationCoordinatesForAndroidApiElements
domain-product:exportTargetPublicationCoordinatesForAndroidApiElements
feature-auth:exportTargetPublicationCoordinatesForAndroidApiElements
feature-device-event:exportTargetPublicationCoordinatesForAndroidApiElements
feature-home-management:exportTargetPublicationCoordinatesForAndroidApiElements
feature-ota:exportTargetPublicationCoordinatesForAndroidApiElements
feature-playback:exportTargetPublicationCoordinatesForAndroidApiElements
feature-third-party-services:exportTargetPublicationCoordinatesForAndroidApiElements
sample:exportTargetPublicationCoordinatesForAndroidApiElements
ugreen-strings-kmp:exportTargetPublicationCoordinatesForAndroidApiElements
airtc-appsdk:exportTargetPublicationCoordinatesForAndroidRuntimeElements
app-shared:exportTargetPublicationCoordinatesForAndroidRuntimeElements
core-database:exportTargetPublicationCoordinatesForAndroidRuntimeElements
core-kv:exportTargetPublicationCoordinatesForAndroidRuntimeElements
core-logger:exportTargetPublicationCoordinatesForAndroidRuntimeElements
core-mvi:exportTargetPublicationCoordinatesForAndroidRuntimeElements
core-navigation:exportTargetPublicationCoordinatesForAndroidRuntimeElements
core-net:exportTargetPublicationCoordinatesForAndroidRuntimeElements
core-player:exportTargetPublicationCoordinatesForAndroidRuntimeElements
core-secure-package:exportTargetPublicationCoordinatesForAndroidRuntimeElements
core-ui:exportTargetPublicationCoordinatesForAndroidRuntimeElements
core-util:exportTargetPublicationCoordinatesForAndroidRuntimeElements
device-biz:exportTargetPublicationCoordinatesForAndroidRuntimeElements
device-thing-model:exportTargetPublicationCoordinatesForAndroidRuntimeElements
domain-device:exportTargetPublicationCoordinatesForAndroidRuntimeElements
domain-env:exportTargetPublicationCoordinatesForAndroidRuntimeElements
domain-family:exportTargetPublicationCoordinatesForAndroidRuntimeElements
domain-product:exportTargetPublicationCoordinatesForAndroidRuntimeElements
feature-auth:exportTargetPublicationCoordinatesForAndroidRuntimeElements
feature-device-event:exportTargetPublicationCoordinatesForAndroidRuntimeElements
feature-home-management:exportTargetPublicationCoordinatesForAndroidRuntimeElements
feature-ota:exportTargetPublicationCoordinatesForAndroidRuntimeElements
feature-playback:exportTargetPublicationCoordinatesForAndroidRuntimeElements
feature-third-party-services:exportTargetPublicationCoordinatesForAndroidRuntimeElements
sample:exportTargetPublicationCoordinatesForAndroidRuntimeElements
ugreen-strings-kmp:exportTargetPublicationCoordinatesForAndroidRuntimeElements
core-util:exportTargetPublicationCoordinatesForJvmApiElements
core-util:exportTargetPublicationCoordinatesForJvmRuntimeElements
sample-android:extractApksForDebug
sample-android:extractApksForRelease
sample-android:extractApksFromBundleForDebug
sample-android:extractApksFromBundleForRelease
sample-android:extractDebugNativeDebugMetadata
sample-android:extractDebugNativeSymbolTables
ugreen-strings-android:extractDebugSupportedLocales
sample-android:extractDeepLinksDebug
ugreen-strings-android:extractDeepLinksDebug
ugreen-strings-android:extractDeepLinksForAarDebug
ugreen-strings-android:extractDeepLinksForAarRelease
sample-android:extractDeepLinksRelease
ugreen-strings-android:extractDeepLinksRelease
airtc-appsdk:extractProguardFiles
app-shared:extractProguardFiles
core-database:extractProguardFiles
core-kv:extractProguardFiles
core-logger:extractProguardFiles
core-mvi:extractProguardFiles
core-navigation:extractProguardFiles
core-net:extractProguardFiles
core-player:extractProguardFiles
core-secure-package:extractProguardFiles
core-ui:extractProguardFiles
core-util:extractProguardFiles
device-biz:extractProguardFiles
device-thing-model:extractProguardFiles
domain-device:extractProguardFiles
domain-env:extractProguardFiles
domain-family:extractProguardFiles
domain-product:extractProguardFiles
feature-auth:extractProguardFiles
feature-device-event:extractProguardFiles
feature-home-management:extractProguardFiles
feature-ota:extractProguardFiles
feature-playback:extractProguardFiles
feature-third-party-services:extractProguardFiles
sample:extractProguardFiles
sample-android:extractProguardFiles
ugreen-strings-android:extractProguardFiles
ugreen-strings-kmp:extractProguardFiles
sample-android:extractReleaseNativeDebugMetadata
sample-android:extractReleaseNativeSymbolTables
ugreen-strings-android:extractReleaseSupportedLocales
sample-android:extractReleaseVersionControlInfo
airtc-appsdk:fetchSyntheticImportProjectPackages
app-shared:fetchSyntheticImportProjectPackages
core-database:fetchSyntheticImportProjectPackages
core-kv:fetchSyntheticImportProjectPackages
core-logger:fetchSyntheticImportProjectPackages
core-mvi:fetchSyntheticImportProjectPackages
core-navigation:fetchSyntheticImportProjectPackages
core-net:fetchSyntheticImportProjectPackages
core-player:fetchSyntheticImportProjectPackages
core-secure-package:fetchSyntheticImportProjectPackages
core-ui:fetchSyntheticImportProjectPackages
core-util:fetchSyntheticImportProjectPackages
device-biz:fetchSyntheticImportProjectPackages
device-thing-model:fetchSyntheticImportProjectPackages
domain-device:fetchSyntheticImportProjectPackages
domain-env:fetchSyntheticImportProjectPackages
domain-family:fetchSyntheticImportProjectPackages
domain-product:fetchSyntheticImportProjectPackages
feature-auth:fetchSyntheticImportProjectPackages
feature-device-event:fetchSyntheticImportProjectPackages
feature-home-management:fetchSyntheticImportProjectPackages
feature-ota:fetchSyntheticImportProjectPackages
feature-playback:fetchSyntheticImportProjectPackages
feature-third-party-services:fetchSyntheticImportProjectPackages
sample:fetchSyntheticImportProjectPackages
ugreen-strings-kmp:fetchSyntheticImportProjectPackages
app-shared:generateActualResourceCollectorsForAndroidMain
core-navigation:generateActualResourceCollectorsForAndroidMain
core-player:generateActualResourceCollectorsForAndroidMain
core-ui:generateActualResourceCollectorsForAndroidMain
device-biz:generateActualResourceCollectorsForAndroidMain
feature-auth:generateActualResourceCollectorsForAndroidMain
feature-device-event:generateActualResourceCollectorsForAndroidMain
feature-home-management:generateActualResourceCollectorsForAndroidMain
feature-ota:generateActualResourceCollectorsForAndroidMain
feature-third-party-services:generateActualResourceCollectorsForAndroidMain
sample:generateActualResourceCollectorsForAndroidMain
ugreen-strings-kmp:generateActualResourceCollectorsForAndroidMain
core-database:generateAndroidDeviceTestAssets
core-net:generateAndroidDeviceTestAssets
core-database:generateAndroidDeviceTestLintModel
core-net:generateAndroidDeviceTestLintModel
core-database:generateAndroidDeviceTestResources
core-net:generateAndroidDeviceTestResources
core-database:generateAndroidDeviceTestRFile
core-net:generateAndroidDeviceTestRFile
core-database:generateAndroidDeviceTestSources
core-net:generateAndroidDeviceTestSources
airtc-appsdk:generateAndroidHostTestAssets
core-database:generateAndroidHostTestAssets
core-kv:generateAndroidHostTestAssets
core-logger:generateAndroidHostTestAssets
core-net:generateAndroidHostTestAssets
core-secure-package:generateAndroidHostTestAssets
core-ui:generateAndroidHostTestAssets
core-util:generateAndroidHostTestAssets
device-thing-model:generateAndroidHostTestAssets
domain-device:generateAndroidHostTestAssets
domain-env:generateAndroidHostTestAssets
feature-auth:generateAndroidHostTestAssets
feature-home-management:generateAndroidHostTestAssets
feature-ota:generateAndroidHostTestAssets
feature-playback:generateAndroidHostTestAssets
sample:generateAndroidHostTestAssets
ugreen-strings-kmp:generateAndroidHostTestAssets
core-ui:generateAndroidHostTestConfig
domain-device:generateAndroidHostTestConfig
domain-env:generateAndroidHostTestConfig
feature-auth:generateAndroidHostTestConfig
feature-home-management:generateAndroidHostTestConfig
feature-ota:generateAndroidHostTestConfig
feature-playback:generateAndroidHostTestConfig
sample:generateAndroidHostTestConfig
ugreen-strings-kmp:generateAndroidHostTestConfig
airtc-appsdk:generateAndroidHostTestLintModel
core-database:generateAndroidHostTestLintModel
core-kv:generateAndroidHostTestLintModel
core-logger:generateAndroidHostTestLintModel
core-net:generateAndroidHostTestLintModel
core-secure-package:generateAndroidHostTestLintModel
core-ui:generateAndroidHostTestLintModel
core-util:generateAndroidHostTestLintModel
device-thing-model:generateAndroidHostTestLintModel
domain-device:generateAndroidHostTestLintModel
domain-env:generateAndroidHostTestLintModel
feature-auth:generateAndroidHostTestLintModel
feature-home-management:generateAndroidHostTestLintModel
feature-ota:generateAndroidHostTestLintModel
feature-playback:generateAndroidHostTestLintModel
sample:generateAndroidHostTestLintModel
ugreen-strings-kmp:generateAndroidHostTestLintModel
airtc-appsdk:generateAndroidHostTestResources
core-database:generateAndroidHostTestResources
core-kv:generateAndroidHostTestResources
core-logger:generateAndroidHostTestResources
core-net:generateAndroidHostTestResources
core-secure-package:generateAndroidHostTestResources
core-ui:generateAndroidHostTestResources
core-util:generateAndroidHostTestResources
device-thing-model:generateAndroidHostTestResources
domain-device:generateAndroidHostTestResources
domain-env:generateAndroidHostTestResources
feature-auth:generateAndroidHostTestResources
feature-home-management:generateAndroidHostTestResources
feature-ota:generateAndroidHostTestResources
feature-playback:generateAndroidHostTestResources
sample:generateAndroidHostTestResources
ugreen-strings-kmp:generateAndroidHostTestResources
airtc-appsdk:generateAndroidHostTestSources
core-database:generateAndroidHostTestSources
core-kv:generateAndroidHostTestSources
core-logger:generateAndroidHostTestSources
core-net:generateAndroidHostTestSources
core-secure-package:generateAndroidHostTestSources
core-ui:generateAndroidHostTestSources
core-util:generateAndroidHostTestSources
device-thing-model:generateAndroidHostTestSources
domain-device:generateAndroidHostTestSources
domain-env:generateAndroidHostTestSources
feature-auth:generateAndroidHostTestSources
feature-home-management:generateAndroidHostTestSources
feature-ota:generateAndroidHostTestSources
feature-playback:generateAndroidHostTestSources
sample:generateAndroidHostTestSources
ugreen-strings-kmp:generateAndroidHostTestSources
app-shared:generateAndroidMainAssets
core-ui:generateAndroidMainAssets
feature-auth:generateAndroidMainAssets
feature-device-event:generateAndroidMainAssets
feature-home-management:generateAndroidMainAssets
feature-ota:generateAndroidMainAssets
feature-third-party-services:generateAndroidMainAssets
sample:generateAndroidMainAssets
ugreen-strings-kmp:generateAndroidMainAssets
airtc-appsdk:generateAndroidMainEmptyResourceFiles
app-shared:generateAndroidMainEmptyResourceFiles
core-database:generateAndroidMainEmptyResourceFiles
core-kv:generateAndroidMainEmptyResourceFiles
core-logger:generateAndroidMainEmptyResourceFiles
core-mvi:generateAndroidMainEmptyResourceFiles
core-navigation:generateAndroidMainEmptyResourceFiles
core-net:generateAndroidMainEmptyResourceFiles
core-player:generateAndroidMainEmptyResourceFiles
core-secure-package:generateAndroidMainEmptyResourceFiles
core-ui:generateAndroidMainEmptyResourceFiles
core-util:generateAndroidMainEmptyResourceFiles
device-biz:generateAndroidMainEmptyResourceFiles
device-thing-model:generateAndroidMainEmptyResourceFiles
domain-device:generateAndroidMainEmptyResourceFiles
domain-env:generateAndroidMainEmptyResourceFiles
domain-family:generateAndroidMainEmptyResourceFiles
domain-product:generateAndroidMainEmptyResourceFiles
feature-auth:generateAndroidMainEmptyResourceFiles
feature-device-event:generateAndroidMainEmptyResourceFiles
feature-home-management:generateAndroidMainEmptyResourceFiles
feature-ota:generateAndroidMainEmptyResourceFiles
feature-playback:generateAndroidMainEmptyResourceFiles
feature-third-party-services:generateAndroidMainEmptyResourceFiles
sample:generateAndroidMainEmptyResourceFiles
ugreen-strings-kmp:generateAndroidMainEmptyResourceFiles
app-shared:generateAndroidMainExternalPublicTxt
core-ui:generateAndroidMainExternalPublicTxt
feature-auth:generateAndroidMainExternalPublicTxt
feature-device-event:generateAndroidMainExternalPublicTxt
feature-home-management:generateAndroidMainExternalPublicTxt
feature-ota:generateAndroidMainExternalPublicTxt
feature-third-party-services:generateAndroidMainExternalPublicTxt
sample:generateAndroidMainExternalPublicTxt
ugreen-strings-kmp:generateAndroidMainExternalPublicTxt
airtc-appsdk:generateAndroidMainLintModel
core-database:generateAndroidMainLintModel
core-kv:generateAndroidMainLintModel
core-logger:generateAndroidMainLintModel
core-mvi:generateAndroidMainLintModel
core-navigation:generateAndroidMainLintModel
core-net:generateAndroidMainLintModel
core-player:generateAndroidMainLintModel
core-secure-package:generateAndroidMainLintModel
core-ui:generateAndroidMainLintModel
core-util:generateAndroidMainLintModel
device-biz:generateAndroidMainLintModel
device-thing-model:generateAndroidMainLintModel
domain-device:generateAndroidMainLintModel
domain-env:generateAndroidMainLintModel
domain-family:generateAndroidMainLintModel
domain-product:generateAndroidMainLintModel
feature-auth:generateAndroidMainLintModel
feature-device-event:generateAndroidMainLintModel
feature-home-management:generateAndroidMainLintModel
feature-ota:generateAndroidMainLintModel
feature-third-party-services:generateAndroidMainLintModel
ugreen-strings-kmp:generateAndroidMainLintModel
airtc-appsdk:generateAndroidMainLintReportModel
core-database:generateAndroidMainLintReportModel
core-kv:generateAndroidMainLintReportModel
core-logger:generateAndroidMainLintReportModel
core-mvi:generateAndroidMainLintReportModel
core-navigation:generateAndroidMainLintReportModel
core-net:generateAndroidMainLintReportModel
core-player:generateAndroidMainLintReportModel
core-secure-package:generateAndroidMainLintReportModel
core-ui:generateAndroidMainLintReportModel
core-util:generateAndroidMainLintReportModel
device-biz:generateAndroidMainLintReportModel
device-thing-model:generateAndroidMainLintReportModel
domain-device:generateAndroidMainLintReportModel
domain-env:generateAndroidMainLintReportModel
domain-family:generateAndroidMainLintReportModel
domain-product:generateAndroidMainLintReportModel
feature-auth:generateAndroidMainLintReportModel
feature-device-event:generateAndroidMainLintReportModel
feature-home-management:generateAndroidMainLintReportModel
feature-ota:generateAndroidMainLintReportModel
feature-third-party-services:generateAndroidMainLintReportModel
ugreen-strings-kmp:generateAndroidMainLintReportModel
airtc-appsdk:generateAndroidMainLintVitalModel
core-database:generateAndroidMainLintVitalModel
core-kv:generateAndroidMainLintVitalModel
core-logger:generateAndroidMainLintVitalModel
core-mvi:generateAndroidMainLintVitalModel
core-navigation:generateAndroidMainLintVitalModel
core-net:generateAndroidMainLintVitalModel
core-player:generateAndroidMainLintVitalModel
core-secure-package:generateAndroidMainLintVitalModel
core-ui:generateAndroidMainLintVitalModel
core-util:generateAndroidMainLintVitalModel
device-biz:generateAndroidMainLintVitalModel
device-thing-model:generateAndroidMainLintVitalModel
domain-device:generateAndroidMainLintVitalModel
domain-env:generateAndroidMainLintVitalModel
domain-family:generateAndroidMainLintVitalModel
domain-product:generateAndroidMainLintVitalModel
feature-auth:generateAndroidMainLintVitalModel
feature-device-event:generateAndroidMainLintVitalModel
feature-home-management:generateAndroidMainLintVitalModel
feature-ota:generateAndroidMainLintVitalModel
feature-third-party-services:generateAndroidMainLintVitalModel
ugreen-strings-kmp:generateAndroidMainLintVitalModel
app-shared:generateAndroidMainRFile
core-ui:generateAndroidMainRFile
feature-auth:generateAndroidMainRFile
feature-device-event:generateAndroidMainRFile
feature-home-management:generateAndroidMainRFile
feature-ota:generateAndroidMainRFile
feature-third-party-services:generateAndroidMainRFile
sample:generateAndroidMainRFile
ugreen-strings-kmp:generateAndroidMainRFile
app-shared:generateComposeResClass
core-navigation:generateComposeResClass
core-player:generateComposeResClass
core-ui:generateComposeResClass
device-biz:generateComposeResClass
feature-auth:generateComposeResClass
feature-device-event:generateComposeResClass
feature-home-management:generateComposeResClass
feature-ota:generateComposeResClass
feature-third-party-services:generateComposeResClass
sample:generateComposeResClass
ugreen-strings-kmp:generateComposeResClass
sample-android:generateDebugAndroidTestAssets
ugreen-strings-android:generateDebugAndroidTestAssets
sample-android:generateDebugAndroidTestGlobalSynthetics
ugreen-strings-android:generateDebugAndroidTestGlobalSynthetics
sample-android:generateDebugAndroidTestLintModel
ugreen-strings-android:generateDebugAndroidTestLintModel
sample-android:generateDebugAndroidTestResources
ugreen-strings-android:generateDebugAndroidTestResources
sample-android:generateDebugAndroidTestRFile
ugreen-strings-android:generateDebugAndroidTestRFile
sample-android:generateDebugAndroidTestSources
ugreen-strings-android:generateDebugAndroidTestSources
sample-android:generateDebugAssets
ugreen-strings-android:generateDebugAssets
ugreen-strings-android:generateDebugExternalPublicTxt
sample-android:generateDebugFeatureMetadata
sample-android:generateDebugFeatureTransitiveDeps
sample-android:generateDebugGlobalSynthetics
sample-android:generateDebugLintModel
ugreen-strings-android:generateDebugLintModel
sample-android:generateDebugLintReportModel
ugreen-strings-android:generateDebugLintReportModel
ugreen-strings-android:generateDebugLintVitalModel
sample-android:generateDebugManifestClass
sample-android:generateDebugResources
ugreen-strings-android:generateDebugResources
sample-android:generateDebugRFile
ugreen-strings-android:generateDebugRFile
sample-android:generateDebugSources
ugreen-strings-android:generateDebugSources
sample-android:generateDebugUnitTestAssets
ugreen-strings-android:generateDebugUnitTestAssets
sample-android:generateDebugUnitTestLintModel
ugreen-strings-android:generateDebugUnitTestLintModel
sample-android:generateDebugUnitTestResources
ugreen-strings-android:generateDebugUnitTestResources
sample-android:generateDebugUnitTestSources
ugreen-strings-android:generateDebugUnitTestSources
ugreen-strings-android:generateDebugUnitTestStubRFile
app-shared:generateExpectResourceCollectorsForCommonMain
core-navigation:generateExpectResourceCollectorsForCommonMain
core-player:generateExpectResourceCollectorsForCommonMain
core-ui:generateExpectResourceCollectorsForCommonMain
device-biz:generateExpectResourceCollectorsForCommonMain
feature-auth:generateExpectResourceCollectorsForCommonMain
feature-device-event:generateExpectResourceCollectorsForCommonMain
feature-home-management:generateExpectResourceCollectorsForCommonMain
feature-ota:generateExpectResourceCollectorsForCommonMain
feature-third-party-services:generateExpectResourceCollectorsForCommonMain
sample:generateExpectResourceCollectorsForCommonMain
ugreen-strings-kmp:generateExpectResourceCollectorsForCommonMain
core-util:generateJvmMainLintModel
core-util:generateJvmTestLintModel
core-util:generateLintVitalJvmMainLintModel
airtc-appsdk:generateProjectStructureMetadata - Generates serialized project structure metadata of the current project (for tooling)
app-shared:generateProjectStructureMetadata - Generates serialized project structure metadata of the current project (for tooling)
core-database:generateProjectStructureMetadata - Generates serialized project structure metadata of the current project (for tooling)
core-kv:generateProjectStructureMetadata - Generates serialized project structure metadata of the current project (for tooling)
core-logger:generateProjectStructureMetadata - Generates serialized project structure metadata of the current project (for tooling)
core-mvi:generateProjectStructureMetadata - Generates serialized project structure metadata of the current project (for tooling)
core-navigation:generateProjectStructureMetadata - Generates serialized project structure metadata of the current project (for tooling)
core-net:generateProjectStructureMetadata - Generates serialized project structure metadata of the current project (for tooling)
core-player:generateProjectStructureMetadata - Generates serialized project structure metadata of the current project (for tooling)
core-secure-package:generateProjectStructureMetadata - Generates serialized project structure metadata of the current project (for tooling)
core-ui:generateProjectStructureMetadata - Generates serialized project structure metadata of the current project (for tooling)
core-util:generateProjectStructureMetadata - Generates serialized project structure metadata of the current project (for tooling)
device-biz:generateProjectStructureMetadata - Generates serialized project structure metadata of the current project (for tooling)
device-thing-model:generateProjectStructureMetadata - Generates serialized project structure metadata of the current project (for tooling)
domain-device:generateProjectStructureMetadata - Generates serialized project structure metadata of the current project (for tooling)
domain-env:generateProjectStructureMetadata - Generates serialized project structure metadata of the current project (for tooling)
domain-family:generateProjectStructureMetadata - Generates serialized project structure metadata of the current project (for tooling)
domain-product:generateProjectStructureMetadata - Generates serialized project structure metadata of the current project (for tooling)
feature-auth:generateProjectStructureMetadata - Generates serialized project structure metadata of the current project (for tooling)
feature-device-event:generateProjectStructureMetadata - Generates serialized project structure metadata of the current project (for tooling)
feature-home-management:generateProjectStructureMetadata - Generates serialized project structure metadata of the current project (for tooling)
feature-ota:generateProjectStructureMetadata - Generates serialized project structure metadata of the current project (for tooling)
feature-playback:generateProjectStructureMetadata - Generates serialized project structure metadata of the current project (for tooling)
feature-third-party-services:generateProjectStructureMetadata - Generates serialized project structure metadata of the current project (for tooling)
sample:generateProjectStructureMetadata - Generates serialized project structure metadata of the current project (for tooling)
ugreen-strings-kmp:generateProjectStructureMetadata - Generates serialized project structure metadata of the current project (for tooling)
sample-android:generateReleaseAssets
ugreen-strings-android:generateReleaseAssets
ugreen-strings-android:generateReleaseExternalPublicTxt
sample-android:generateReleaseFeatureMetadata
sample-android:generateReleaseFeatureTransitiveDeps
sample-android:generateReleaseLintModel
ugreen-strings-android:generateReleaseLintModel
sample-android:generateReleaseLintReportModel
ugreen-strings-android:generateReleaseLintReportModel
ugreen-strings-android:generateReleaseLintVitalModel
sample-android:generateReleaseLintVitalReportModel
sample-android:generateReleaseManifestClass
sample-android:generateReleaseResources
ugreen-strings-android:generateReleaseResources
sample-android:generateReleaseRFile
ugreen-strings-android:generateReleaseRFile
sample-android:generateReleaseSources
ugreen-strings-android:generateReleaseSources
core-ui:generateResourceAccessorsForAndroidHostTest
feature-auth:generateResourceAccessorsForAndroidHostTest
feature-home-management:generateResourceAccessorsForAndroidHostTest
feature-ota:generateResourceAccessorsForAndroidHostTest
sample:generateResourceAccessorsForAndroidHostTest
ugreen-strings-kmp:generateResourceAccessorsForAndroidHostTest
app-shared:generateResourceAccessorsForAndroidMain
core-navigation:generateResourceAccessorsForAndroidMain
core-player:generateResourceAccessorsForAndroidMain
core-ui:generateResourceAccessorsForAndroidMain
device-biz:generateResourceAccessorsForAndroidMain
feature-auth:generateResourceAccessorsForAndroidMain
feature-device-event:generateResourceAccessorsForAndroidMain
feature-home-management:generateResourceAccessorsForAndroidMain
feature-ota:generateResourceAccessorsForAndroidMain
feature-third-party-services:generateResourceAccessorsForAndroidMain
sample:generateResourceAccessorsForAndroidMain
ugreen-strings-kmp:generateResourceAccessorsForAndroidMain
app-shared:generateResourceAccessorsForCommonMain
core-navigation:generateResourceAccessorsForCommonMain
core-player:generateResourceAccessorsForCommonMain
core-ui:generateResourceAccessorsForCommonMain
device-biz:generateResourceAccessorsForCommonMain
feature-auth:generateResourceAccessorsForCommonMain
feature-device-event:generateResourceAccessorsForCommonMain
feature-home-management:generateResourceAccessorsForCommonMain
feature-ota:generateResourceAccessorsForCommonMain
feature-third-party-services:generateResourceAccessorsForCommonMain
sample:generateResourceAccessorsForCommonMain
ugreen-strings-kmp:generateResourceAccessorsForCommonMain
app-shared:generateResourceAccessorsForCommonTest
core-navigation:generateResourceAccessorsForCommonTest
core-player:generateResourceAccessorsForCommonTest
core-ui:generateResourceAccessorsForCommonTest
device-biz:generateResourceAccessorsForCommonTest
feature-auth:generateResourceAccessorsForCommonTest
feature-device-event:generateResourceAccessorsForCommonTest
feature-home-management:generateResourceAccessorsForCommonTest
feature-ota:generateResourceAccessorsForCommonTest
feature-third-party-services:generateResourceAccessorsForCommonTest
sample:generateResourceAccessorsForCommonTest
ugreen-strings-kmp:generateResourceAccessorsForCommonTest
airtc-appsdk:generateSyntheticLinkageSwiftPMImportProjectForCinteropsAndLdDump
app-shared:generateSyntheticLinkageSwiftPMImportProjectForCinteropsAndLdDump
core-database:generateSyntheticLinkageSwiftPMImportProjectForCinteropsAndLdDump
core-kv:generateSyntheticLinkageSwiftPMImportProjectForCinteropsAndLdDump
core-logger:generateSyntheticLinkageSwiftPMImportProjectForCinteropsAndLdDump
core-mvi:generateSyntheticLinkageSwiftPMImportProjectForCinteropsAndLdDump
core-navigation:generateSyntheticLinkageSwiftPMImportProjectForCinteropsAndLdDump
core-net:generateSyntheticLinkageSwiftPMImportProjectForCinteropsAndLdDump
core-player:generateSyntheticLinkageSwiftPMImportProjectForCinteropsAndLdDump
core-secure-package:generateSyntheticLinkageSwiftPMImportProjectForCinteropsAndLdDump
core-ui:generateSyntheticLinkageSwiftPMImportProjectForCinteropsAndLdDump
core-util:generateSyntheticLinkageSwiftPMImportProjectForCinteropsAndLdDump
device-biz:generateSyntheticLinkageSwiftPMImportProjectForCinteropsAndLdDump
device-thing-model:generateSyntheticLinkageSwiftPMImportProjectForCinteropsAndLdDump
domain-device:generateSyntheticLinkageSwiftPMImportProjectForCinteropsAndLdDump
domain-env:generateSyntheticLinkageSwiftPMImportProjectForCinteropsAndLdDump
domain-family:generateSyntheticLinkageSwiftPMImportProjectForCinteropsAndLdDump
domain-product:generateSyntheticLinkageSwiftPMImportProjectForCinteropsAndLdDump
feature-auth:generateSyntheticLinkageSwiftPMImportProjectForCinteropsAndLdDump
feature-device-event:generateSyntheticLinkageSwiftPMImportProjectForCinteropsAndLdDump
feature-home-management:generateSyntheticLinkageSwiftPMImportProjectForCinteropsAndLdDump
feature-ota:generateSyntheticLinkageSwiftPMImportProjectForCinteropsAndLdDump
feature-playback:generateSyntheticLinkageSwiftPMImportProjectForCinteropsAndLdDump
feature-third-party-services:generateSyntheticLinkageSwiftPMImportProjectForCinteropsAndLdDump
sample:generateSyntheticLinkageSwiftPMImportProjectForCinteropsAndLdDump
ugreen-strings-kmp:generateSyntheticLinkageSwiftPMImportProjectForCinteropsAndLdDump
airtc-appsdk:generateSyntheticLinkageSwiftPMImportProjectForEmbedAndSignLinkage
app-shared:generateSyntheticLinkageSwiftPMImportProjectForEmbedAndSignLinkage
core-database:generateSyntheticLinkageSwiftPMImportProjectForEmbedAndSignLinkage
core-kv:generateSyntheticLinkageSwiftPMImportProjectForEmbedAndSignLinkage
core-logger:generateSyntheticLinkageSwiftPMImportProjectForEmbedAndSignLinkage
core-mvi:generateSyntheticLinkageSwiftPMImportProjectForEmbedAndSignLinkage
core-navigation:generateSyntheticLinkageSwiftPMImportProjectForEmbedAndSignLinkage
core-net:generateSyntheticLinkageSwiftPMImportProjectForEmbedAndSignLinkage
core-player:generateSyntheticLinkageSwiftPMImportProjectForEmbedAndSignLinkage
core-secure-package:generateSyntheticLinkageSwiftPMImportProjectForEmbedAndSignLinkage
core-ui:generateSyntheticLinkageSwiftPMImportProjectForEmbedAndSignLinkage
core-util:generateSyntheticLinkageSwiftPMImportProjectForEmbedAndSignLinkage
device-biz:generateSyntheticLinkageSwiftPMImportProjectForEmbedAndSignLinkage
device-thing-model:generateSyntheticLinkageSwiftPMImportProjectForEmbedAndSignLinkage
domain-device:generateSyntheticLinkageSwiftPMImportProjectForEmbedAndSignLinkage
domain-env:generateSyntheticLinkageSwiftPMImportProjectForEmbedAndSignLinkage
domain-family:generateSyntheticLinkageSwiftPMImportProjectForEmbedAndSignLinkage
domain-product:generateSyntheticLinkageSwiftPMImportProjectForEmbedAndSignLinkage
feature-auth:generateSyntheticLinkageSwiftPMImportProjectForEmbedAndSignLinkage
feature-device-event:generateSyntheticLinkageSwiftPMImportProjectForEmbedAndSignLinkage
feature-home-management:generateSyntheticLinkageSwiftPMImportProjectForEmbedAndSignLinkage
feature-ota:generateSyntheticLinkageSwiftPMImportProjectForEmbedAndSignLinkage
feature-playback:generateSyntheticLinkageSwiftPMImportProjectForEmbedAndSignLinkage
feature-third-party-services:generateSyntheticLinkageSwiftPMImportProjectForEmbedAndSignLinkage
sample:generateSyntheticLinkageSwiftPMImportProjectForEmbedAndSignLinkage
ugreen-strings-kmp:generateSyntheticLinkageSwiftPMImportProjectForEmbedAndSignLinkage
airtc-appsdk:generateSyntheticLinkageSwiftPMImportProjectForLinkageForCli
app-shared:generateSyntheticLinkageSwiftPMImportProjectForLinkageForCli
core-database:generateSyntheticLinkageSwiftPMImportProjectForLinkageForCli
core-kv:generateSyntheticLinkageSwiftPMImportProjectForLinkageForCli
core-logger:generateSyntheticLinkageSwiftPMImportProjectForLinkageForCli
core-mvi:generateSyntheticLinkageSwiftPMImportProjectForLinkageForCli
core-navigation:generateSyntheticLinkageSwiftPMImportProjectForLinkageForCli
core-net:generateSyntheticLinkageSwiftPMImportProjectForLinkageForCli
core-player:generateSyntheticLinkageSwiftPMImportProjectForLinkageForCli
core-secure-package:generateSyntheticLinkageSwiftPMImportProjectForLinkageForCli
core-ui:generateSyntheticLinkageSwiftPMImportProjectForLinkageForCli
core-util:generateSyntheticLinkageSwiftPMImportProjectForLinkageForCli
device-biz:generateSyntheticLinkageSwiftPMImportProjectForLinkageForCli
device-thing-model:generateSyntheticLinkageSwiftPMImportProjectForLinkageForCli
domain-device:generateSyntheticLinkageSwiftPMImportProjectForLinkageForCli
domain-env:generateSyntheticLinkageSwiftPMImportProjectForLinkageForCli
domain-family:generateSyntheticLinkageSwiftPMImportProjectForLinkageForCli
domain-product:generateSyntheticLinkageSwiftPMImportProjectForLinkageForCli
feature-auth:generateSyntheticLinkageSwiftPMImportProjectForLinkageForCli
feature-device-event:generateSyntheticLinkageSwiftPMImportProjectForLinkageForCli
feature-home-management:generateSyntheticLinkageSwiftPMImportProjectForLinkageForCli
feature-ota:generateSyntheticLinkageSwiftPMImportProjectForLinkageForCli
feature-playback:generateSyntheticLinkageSwiftPMImportProjectForLinkageForCli
feature-third-party-services:generateSyntheticLinkageSwiftPMImportProjectForLinkageForCli
sample:generateSyntheticLinkageSwiftPMImportProjectForLinkageForCli
ugreen-strings-kmp:generateSyntheticLinkageSwiftPMImportProjectForLinkageForCli
airtc-appsdk:integrateEmbedAndSign
app-shared:integrateEmbedAndSign
core-database:integrateEmbedAndSign
core-kv:integrateEmbedAndSign
core-logger:integrateEmbedAndSign
core-mvi:integrateEmbedAndSign
core-navigation:integrateEmbedAndSign
core-net:integrateEmbedAndSign
core-player:integrateEmbedAndSign
core-secure-package:integrateEmbedAndSign
core-ui:integrateEmbedAndSign
core-util:integrateEmbedAndSign
device-biz:integrateEmbedAndSign
device-thing-model:integrateEmbedAndSign
domain-device:integrateEmbedAndSign
domain-env:integrateEmbedAndSign
domain-family:integrateEmbedAndSign
domain-product:integrateEmbedAndSign
feature-auth:integrateEmbedAndSign
feature-device-event:integrateEmbedAndSign
feature-home-management:integrateEmbedAndSign
feature-ota:integrateEmbedAndSign
feature-playback:integrateEmbedAndSign
feature-third-party-services:integrateEmbedAndSign
sample:integrateEmbedAndSign
ugreen-strings-kmp:integrateEmbedAndSign
airtc-appsdk:integrateLinkagePackage
app-shared:integrateLinkagePackage
core-database:integrateLinkagePackage
core-kv:integrateLinkagePackage
core-logger:integrateLinkagePackage
core-mvi:integrateLinkagePackage
core-navigation:integrateLinkagePackage
core-net:integrateLinkagePackage
core-player:integrateLinkagePackage
core-secure-package:integrateLinkagePackage
core-ui:integrateLinkagePackage
core-util:integrateLinkagePackage
device-biz:integrateLinkagePackage
device-thing-model:integrateLinkagePackage
domain-device:integrateLinkagePackage
domain-env:integrateLinkagePackage
domain-family:integrateLinkagePackage
domain-product:integrateLinkagePackage
feature-auth:integrateLinkagePackage
feature-device-event:integrateLinkagePackage
feature-home-management:integrateLinkagePackage
feature-ota:integrateLinkagePackage
feature-playback:integrateLinkagePackage
feature-third-party-services:integrateLinkagePackage
sample:integrateLinkagePackage
ugreen-strings-kmp:integrateLinkagePackage
sample-android:javaPreCompileDebug
ugreen-strings-android:javaPreCompileDebug
sample-android:javaPreCompileDebugAndroidTest
ugreen-strings-android:javaPreCompileDebugAndroidTest
sample-android:javaPreCompileDebugUnitTest
ugreen-strings-android:javaPreCompileDebugUnitTest
sample-android:javaPreCompileRelease
ugreen-strings-android:javaPreCompileRelease
core-util:jvmProcessResources - Processes file collection.
core-util:jvmTestProcessResources - Processes file collection.
airtc-appsdk:kmpPartiallyResolvedDependenciesChecker
app-shared:kmpPartiallyResolvedDependenciesChecker
core-database:kmpPartiallyResolvedDependenciesChecker
core-kv:kmpPartiallyResolvedDependenciesChecker
core-logger:kmpPartiallyResolvedDependenciesChecker
core-mvi:kmpPartiallyResolvedDependenciesChecker
core-navigation:kmpPartiallyResolvedDependenciesChecker
core-net:kmpPartiallyResolvedDependenciesChecker
core-player:kmpPartiallyResolvedDependenciesChecker
core-secure-package:kmpPartiallyResolvedDependenciesChecker
core-ui:kmpPartiallyResolvedDependenciesChecker
core-util:kmpPartiallyResolvedDependenciesChecker
device-biz:kmpPartiallyResolvedDependenciesChecker
device-thing-model:kmpPartiallyResolvedDependenciesChecker
domain-device:kmpPartiallyResolvedDependenciesChecker
domain-env:kmpPartiallyResolvedDependenciesChecker
domain-family:kmpPartiallyResolvedDependenciesChecker
domain-product:kmpPartiallyResolvedDependenciesChecker
feature-auth:kmpPartiallyResolvedDependenciesChecker
feature-device-event:kmpPartiallyResolvedDependenciesChecker
feature-home-management:kmpPartiallyResolvedDependenciesChecker
feature-ota:kmpPartiallyResolvedDependenciesChecker
feature-playback:kmpPartiallyResolvedDependenciesChecker
feature-third-party-services:kmpPartiallyResolvedDependenciesChecker
sample:kmpPartiallyResolvedDependenciesChecker
ugreen-strings-kmp:kmpPartiallyResolvedDependenciesChecker
core-database:kspAndroidDeviceTest
core-database:kspAndroidHostTest
sample:kspAndroidHostTest
core-database:kspAndroidMain
device-biz:kspAndroidMain
sample:kspAndroidMain
core-database:lintAnalyzeAndroidDeviceTest - Run lint analysis on the androidDeviceTest component
core-net:lintAnalyzeAndroidDeviceTest - Run lint analysis on the androidDeviceTest component
airtc-appsdk:lintAnalyzeAndroidHostTest - Run lint analysis on the androidHostTest component
core-database:lintAnalyzeAndroidHostTest - Run lint analysis on the androidHostTest component
core-kv:lintAnalyzeAndroidHostTest - Run lint analysis on the androidHostTest component
core-logger:lintAnalyzeAndroidHostTest - Run lint analysis on the androidHostTest component
core-net:lintAnalyzeAndroidHostTest - Run lint analysis on the androidHostTest component
core-secure-package:lintAnalyzeAndroidHostTest - Run lint analysis on the androidHostTest component
core-ui:lintAnalyzeAndroidHostTest - Run lint analysis on the androidHostTest component
core-util:lintAnalyzeAndroidHostTest - Run lint analysis on the androidHostTest component
device-thing-model:lintAnalyzeAndroidHostTest - Run lint analysis on the androidHostTest component
domain-device:lintAnalyzeAndroidHostTest - Run lint analysis on the androidHostTest component
domain-env:lintAnalyzeAndroidHostTest - Run lint analysis on the androidHostTest component
feature-auth:lintAnalyzeAndroidHostTest - Run lint analysis on the androidHostTest component
feature-home-management:lintAnalyzeAndroidHostTest - Run lint analysis on the androidHostTest component
feature-ota:lintAnalyzeAndroidHostTest - Run lint analysis on the androidHostTest component
feature-playback:lintAnalyzeAndroidHostTest - Run lint analysis on the androidHostTest component
sample:lintAnalyzeAndroidHostTest - Run lint analysis on the androidHostTest component
ugreen-strings-kmp:lintAnalyzeAndroidHostTest - Run lint analysis on the androidHostTest component
airtc-appsdk:lintAnalyzeAndroidMain - Run lint analysis on the androidMain component
core-database:lintAnalyzeAndroidMain - Run lint analysis on the androidMain component
core-kv:lintAnalyzeAndroidMain - Run lint analysis on the androidMain component
core-logger:lintAnalyzeAndroidMain - Run lint analysis on the androidMain component
core-mvi:lintAnalyzeAndroidMain - Run lint analysis on the androidMain component
core-navigation:lintAnalyzeAndroidMain - Run lint analysis on the androidMain component
core-net:lintAnalyzeAndroidMain - Run lint analysis on the androidMain component
core-player:lintAnalyzeAndroidMain - Run lint analysis on the androidMain component
core-secure-package:lintAnalyzeAndroidMain - Run lint analysis on the androidMain component
core-ui:lintAnalyzeAndroidMain - Run lint analysis on the androidMain component
core-util:lintAnalyzeAndroidMain - Run lint analysis on the androidMain component
device-biz:lintAnalyzeAndroidMain - Run lint analysis on the androidMain component
device-thing-model:lintAnalyzeAndroidMain - Run lint analysis on the androidMain component
domain-device:lintAnalyzeAndroidMain - Run lint analysis on the androidMain component
domain-env:lintAnalyzeAndroidMain - Run lint analysis on the androidMain component
domain-family:lintAnalyzeAndroidMain - Run lint analysis on the androidMain component
domain-product:lintAnalyzeAndroidMain - Run lint analysis on the androidMain component
feature-auth:lintAnalyzeAndroidMain - Run lint analysis on the androidMain component
feature-device-event:lintAnalyzeAndroidMain - Run lint analysis on the androidMain component
feature-home-management:lintAnalyzeAndroidMain - Run lint analysis on the androidMain component
feature-ota:lintAnalyzeAndroidMain - Run lint analysis on the androidMain component
feature-third-party-services:lintAnalyzeAndroidMain - Run lint analysis on the androidMain component
ugreen-strings-kmp:lintAnalyzeAndroidMain - Run lint analysis on the androidMain component
sample-android:lintAnalyzeDebug - Run lint analysis on the debug component
ugreen-strings-android:lintAnalyzeDebug - Run lint analysis on the debug component
sample-android:lintAnalyzeDebugAndroidTest - Run lint analysis on the debugAndroidTest component
ugreen-strings-android:lintAnalyzeDebugAndroidTest - Run lint analysis on the debugAndroidTest component
sample-android:lintAnalyzeDebugUnitTest - Run lint analysis on the debugUnitTest component
ugreen-strings-android:lintAnalyzeDebugUnitTest - Run lint analysis on the debugUnitTest component
core-util:lintAnalyzeJvmMain - Runs JVM lint analysis for main component of project `core-util`
core-util:lintAnalyzeJvmTest - Runs JVM lint analysis for test component of project `core-util`
sample-android:lintAnalyzeRelease - Run lint analysis on the release component
ugreen-strings-android:lintAnalyzeRelease - Run lint analysis on the release component
airtc-appsdk:lintFixAndroidMain - Fix lint on the androidMain variant
core-database:lintFixAndroidMain - Fix lint on the androidMain variant
core-kv:lintFixAndroidMain - Fix lint on the androidMain variant
core-logger:lintFixAndroidMain - Fix lint on the androidMain variant
core-mvi:lintFixAndroidMain - Fix lint on the androidMain variant
core-navigation:lintFixAndroidMain - Fix lint on the androidMain variant
core-net:lintFixAndroidMain - Fix lint on the androidMain variant
core-player:lintFixAndroidMain - Fix lint on the androidMain variant
core-secure-package:lintFixAndroidMain - Fix lint on the androidMain variant
core-ui:lintFixAndroidMain - Fix lint on the androidMain variant
core-util:lintFixAndroidMain - Fix lint on the androidMain variant
device-biz:lintFixAndroidMain - Fix lint on the androidMain variant
device-thing-model:lintFixAndroidMain - Fix lint on the androidMain variant
domain-device:lintFixAndroidMain - Fix lint on the androidMain variant
domain-env:lintFixAndroidMain - Fix lint on the androidMain variant
domain-family:lintFixAndroidMain - Fix lint on the androidMain variant
domain-product:lintFixAndroidMain - Fix lint on the androidMain variant
feature-auth:lintFixAndroidMain - Fix lint on the androidMain variant
feature-device-event:lintFixAndroidMain - Fix lint on the androidMain variant
feature-home-management:lintFixAndroidMain - Fix lint on the androidMain variant
feature-ota:lintFixAndroidMain - Fix lint on the androidMain variant
feature-third-party-services:lintFixAndroidMain - Fix lint on the androidMain variant
ugreen-strings-kmp:lintFixAndroidMain - Fix lint on the androidMain variant
sample-android:lintFixDebug - Fix lint on the debug variant
ugreen-strings-android:lintFixDebug - Fix lint on the debug variant
airtc-appsdk:lintFixJvm - Generates the JVM lint report for project `airtc-appsdk` and applies any safe suggestions to the source code.
core-database:lintFixJvm - Generates the JVM lint report for project `core-database` and applies any safe suggestions to the source code.
core-kv:lintFixJvm - Generates the JVM lint report for project `core-kv` and applies any safe suggestions to the source code.
core-logger:lintFixJvm - Generates the JVM lint report for project `core-logger` and applies any safe suggestions to the source code.
core-mvi:lintFixJvm - Generates the JVM lint report for project `core-mvi` and applies any safe suggestions to the source code.
core-navigation:lintFixJvm - Generates the JVM lint report for project `core-navigation` and applies any safe suggestions to the source code.
core-net:lintFixJvm - Generates the JVM lint report for project `core-net` and applies any safe suggestions to the source code.
core-player:lintFixJvm - Generates the JVM lint report for project `core-player` and applies any safe suggestions to the source code.
core-secure-package:lintFixJvm - Generates the JVM lint report for project `core-secure-package` and applies any safe suggestions to the source code.
core-ui:lintFixJvm - Generates the JVM lint report for project `core-ui` and applies any safe suggestions to the source code.
core-util:lintFixJvm - Generates the JVM lint report for project `core-util` and applies any safe suggestions to the source code.
device-biz:lintFixJvm - Generates the JVM lint report for project `device-biz` and applies any safe suggestions to the source code.
device-thing-model:lintFixJvm - Generates the JVM lint report for project `device-thing-model` and applies any safe suggestions to the source code.
domain-device:lintFixJvm - Generates the JVM lint report for project `domain-device` and applies any safe suggestions to the source code.
domain-env:lintFixJvm - Generates the JVM lint report for project `domain-env` and applies any safe suggestions to the source code.
domain-family:lintFixJvm - Generates the JVM lint report for project `domain-family` and applies any safe suggestions to the source code.
domain-product:lintFixJvm - Generates the JVM lint report for project `domain-product` and applies any safe suggestions to the source code.
feature-auth:lintFixJvm - Generates the JVM lint report for project `feature-auth` and applies any safe suggestions to the source code.
feature-device-event:lintFixJvm - Generates the JVM lint report for project `feature-device-event` and applies any safe suggestions to the source code.
feature-home-management:lintFixJvm - Generates the JVM lint report for project `feature-home-management` and applies any safe suggestions to the source code.
feature-ota:lintFixJvm - Generates the JVM lint report for project `feature-ota` and applies any safe suggestions to the source code.
feature-third-party-services:lintFixJvm - Generates the JVM lint report for project `feature-third-party-services` and applies any safe suggestions to the source code.
ugreen-strings-kmp:lintFixJvm - Generates the JVM lint report for project `ugreen-strings-kmp` and applies any safe suggestions to the source code.
sample-android:lintFixRelease - Fix lint on the release variant
ugreen-strings-android:lintFixRelease - Fix lint on the release variant
airtc-appsdk:lintReportAndroidMain - Run lint on the androidMain variant
core-database:lintReportAndroidMain - Run lint on the androidMain variant
core-kv:lintReportAndroidMain - Run lint on the androidMain variant
core-logger:lintReportAndroidMain - Run lint on the androidMain variant
core-mvi:lintReportAndroidMain - Run lint on the androidMain variant
core-navigation:lintReportAndroidMain - Run lint on the androidMain variant
core-net:lintReportAndroidMain - Run lint on the androidMain variant
core-player:lintReportAndroidMain - Run lint on the androidMain variant
core-secure-package:lintReportAndroidMain - Run lint on the androidMain variant
core-ui:lintReportAndroidMain - Run lint on the androidMain variant
core-util:lintReportAndroidMain - Run lint on the androidMain variant
device-biz:lintReportAndroidMain - Run lint on the androidMain variant
device-thing-model:lintReportAndroidMain - Run lint on the androidMain variant
domain-device:lintReportAndroidMain - Run lint on the androidMain variant
domain-env:lintReportAndroidMain - Run lint on the androidMain variant
domain-family:lintReportAndroidMain - Run lint on the androidMain variant
domain-product:lintReportAndroidMain - Run lint on the androidMain variant
feature-auth:lintReportAndroidMain - Run lint on the androidMain variant
feature-device-event:lintReportAndroidMain - Run lint on the androidMain variant
feature-home-management:lintReportAndroidMain - Run lint on the androidMain variant
feature-ota:lintReportAndroidMain - Run lint on the androidMain variant
feature-third-party-services:lintReportAndroidMain - Run lint on the androidMain variant
ugreen-strings-kmp:lintReportAndroidMain - Run lint on the androidMain variant
sample-android:lintReportDebug - Run lint on the debug variant
ugreen-strings-android:lintReportDebug - Run lint on the debug variant
airtc-appsdk:lintReportJvm - Generates the JVM lint report for project `airtc-appsdk`
core-database:lintReportJvm - Generates the JVM lint report for project `core-database`
core-kv:lintReportJvm - Generates the JVM lint report for project `core-kv`
core-logger:lintReportJvm - Generates the JVM lint report for project `core-logger`
core-mvi:lintReportJvm - Generates the JVM lint report for project `core-mvi`
core-navigation:lintReportJvm - Generates the JVM lint report for project `core-navigation`
core-net:lintReportJvm - Generates the JVM lint report for project `core-net`
core-player:lintReportJvm - Generates the JVM lint report for project `core-player`
core-secure-package:lintReportJvm - Generates the JVM lint report for project `core-secure-package`
core-ui:lintReportJvm - Generates the JVM lint report for project `core-ui`
core-util:lintReportJvm - Generates the JVM lint report for project `core-util`
device-biz:lintReportJvm - Generates the JVM lint report for project `device-biz`
device-thing-model:lintReportJvm - Generates the JVM lint report for project `device-thing-model`
domain-device:lintReportJvm - Generates the JVM lint report for project `domain-device`
domain-env:lintReportJvm - Generates the JVM lint report for project `domain-env`
domain-family:lintReportJvm - Generates the JVM lint report for project `domain-family`
domain-product:lintReportJvm - Generates the JVM lint report for project `domain-product`
feature-auth:lintReportJvm - Generates the JVM lint report for project `feature-auth`
feature-device-event:lintReportJvm - Generates the JVM lint report for project `feature-device-event`
feature-home-management:lintReportJvm - Generates the JVM lint report for project `feature-home-management`
feature-ota:lintReportJvm - Generates the JVM lint report for project `feature-ota`
feature-third-party-services:lintReportJvm - Generates the JVM lint report for project `feature-third-party-services`
ugreen-strings-kmp:lintReportJvm - Generates the JVM lint report for project `ugreen-strings-kmp`
sample-android:lintReportRelease - Run lint on the release variant
ugreen-strings-android:lintReportRelease - Run lint on the release variant
airtc-appsdk:lintVitalAnalyzeAndroidMain - Run lint analysis with only the fatal issues enabled on the androidMain variant
core-database:lintVitalAnalyzeAndroidMain - Run lint analysis with only the fatal issues enabled on the androidMain variant
core-kv:lintVitalAnalyzeAndroidMain - Run lint analysis with only the fatal issues enabled on the androidMain variant
core-logger:lintVitalAnalyzeAndroidMain - Run lint analysis with only the fatal issues enabled on the androidMain variant
core-mvi:lintVitalAnalyzeAndroidMain - Run lint analysis with only the fatal issues enabled on the androidMain variant
core-navigation:lintVitalAnalyzeAndroidMain - Run lint analysis with only the fatal issues enabled on the androidMain variant
core-net:lintVitalAnalyzeAndroidMain - Run lint analysis with only the fatal issues enabled on the androidMain variant
core-player:lintVitalAnalyzeAndroidMain - Run lint analysis with only the fatal issues enabled on the androidMain variant
core-secure-package:lintVitalAnalyzeAndroidMain - Run lint analysis with only the fatal issues enabled on the androidMain variant
core-ui:lintVitalAnalyzeAndroidMain - Run lint analysis with only the fatal issues enabled on the androidMain variant
core-util:lintVitalAnalyzeAndroidMain - Run lint analysis with only the fatal issues enabled on the androidMain variant
device-biz:lintVitalAnalyzeAndroidMain - Run lint analysis with only the fatal issues enabled on the androidMain variant
device-thing-model:lintVitalAnalyzeAndroidMain - Run lint analysis with only the fatal issues enabled on the androidMain variant
domain-device:lintVitalAnalyzeAndroidMain - Run lint analysis with only the fatal issues enabled on the androidMain variant
domain-env:lintVitalAnalyzeAndroidMain - Run lint analysis with only the fatal issues enabled on the androidMain variant
domain-family:lintVitalAnalyzeAndroidMain - Run lint analysis with only the fatal issues enabled on the androidMain variant
domain-product:lintVitalAnalyzeAndroidMain - Run lint analysis with only the fatal issues enabled on the androidMain variant
feature-auth:lintVitalAnalyzeAndroidMain - Run lint analysis with only the fatal issues enabled on the androidMain variant
feature-device-event:lintVitalAnalyzeAndroidMain - Run lint analysis with only the fatal issues enabled on the androidMain variant
feature-home-management:lintVitalAnalyzeAndroidMain - Run lint analysis with only the fatal issues enabled on the androidMain variant
feature-ota:lintVitalAnalyzeAndroidMain - Run lint analysis with only the fatal issues enabled on the androidMain variant
feature-third-party-services:lintVitalAnalyzeAndroidMain - Run lint analysis with only the fatal issues enabled on the androidMain variant
ugreen-strings-kmp:lintVitalAnalyzeAndroidMain - Run lint analysis with only the fatal issues enabled on the androidMain variant
ugreen-strings-android:lintVitalAnalyzeDebug - Run lint analysis with only the fatal issues enabled on the debug variant
core-util:lintVitalAnalyzeJvmMain - Runs JVM lint analysis on just the fatal issues for main component of project `core-util`
sample-android:lintVitalAnalyzeRelease - Run lint analysis with only the fatal issues enabled 
ugreen-strings-android:lintVitalAnalyzeRelease - Run lint analysis with only the fatal issues enabled on the release variant
airtc-appsdk:lintVitalReportJvm - Generates the JVM lint report for just the fatal issues for project `airtc-appsdk`
core-database:lintVitalReportJvm - Generates the JVM lint report for just the fatal issues for project `core-database`
core-kv:lintVitalReportJvm - Generates the JVM lint report for just the fatal issues for project `core-kv`
core-logger:lintVitalReportJvm - Generates the JVM lint report for just the fatal issues for project `core-logger`
core-mvi:lintVitalReportJvm - Generates the JVM lint report for just the fatal issues for project `core-mvi`
core-navigation:lintVitalReportJvm - Generates the JVM lint report for just the fatal issues for project `core-navigation`
core-net:lintVitalReportJvm - Generates the JVM lint report for just the fatal issues for project `core-net`
core-player:lintVitalReportJvm - Generates the JVM lint report for just the fatal issues for project `core-player`
core-secure-package:lintVitalReportJvm - Generates the JVM lint report for just the fatal issues for project `core-secure-package`
core-ui:lintVitalReportJvm - Generates the JVM lint report for just the fatal issues for project `core-ui`
core-util:lintVitalReportJvm - Generates the JVM lint report for just the fatal issues for project `core-util`
device-biz:lintVitalReportJvm - Generates the JVM lint report for just the fatal issues for project `device-biz`
device-thing-model:lintVitalReportJvm - Generates the JVM lint report for just the fatal issues for project `device-thing-model`
domain-device:lintVitalReportJvm - Generates the JVM lint report for just the fatal issues for project `domain-device`
domain-env:lintVitalReportJvm - Generates the JVM lint report for just the fatal issues for project `domain-env`
domain-family:lintVitalReportJvm - Generates the JVM lint report for just the fatal issues for project `domain-family`
domain-product:lintVitalReportJvm - Generates the JVM lint report for just the fatal issues for project `domain-product`
feature-auth:lintVitalReportJvm - Generates the JVM lint report for just the fatal issues for project `feature-auth`
feature-device-event:lintVitalReportJvm - Generates the JVM lint report for just the fatal issues for project `feature-device-event`
feature-home-management:lintVitalReportJvm - Generates the JVM lint report for just the fatal issues for project `feature-home-management`
feature-ota:lintVitalReportJvm - Generates the JVM lint report for just the fatal issues for project `feature-ota`
feature-third-party-services:lintVitalReportJvm - Generates the JVM lint report for just the fatal issues for project `feature-third-party-services`
ugreen-strings-kmp:lintVitalReportJvm - Generates the JVM lint report for just the fatal issues for project `ugreen-strings-kmp`
sample-android:lintVitalReportRelease - Run lint with only the fatal issues enabled on the release variant
detekt-rules-kmp:mainClasses
sample-android:makeApkFromBundleForDebug
sample-android:makeApkFromBundleForRelease
core-database:mapAndroidDeviceTestSourceSetPaths
core-net:mapAndroidDeviceTestSourceSetPaths
core-ui:mapAndroidHostTestSourceSetPaths
domain-device:mapAndroidHostTestSourceSetPaths
domain-env:mapAndroidHostTestSourceSetPaths
feature-auth:mapAndroidHostTestSourceSetPaths
feature-home-management:mapAndroidHostTestSourceSetPaths
feature-ota:mapAndroidHostTestSourceSetPaths
feature-playback:mapAndroidHostTestSourceSetPaths
sample:mapAndroidHostTestSourceSetPaths
ugreen-strings-kmp:mapAndroidHostTestSourceSetPaths
app-shared:mapAndroidMainSourceSetPaths
core-ui:mapAndroidMainSourceSetPaths
feature-auth:mapAndroidMainSourceSetPaths
feature-device-event:mapAndroidMainSourceSetPaths
feature-home-management:mapAndroidMainSourceSetPaths
feature-ota:mapAndroidMainSourceSetPaths
feature-third-party-services:mapAndroidMainSourceSetPaths
sample:mapAndroidMainSourceSetPaths
ugreen-strings-kmp:mapAndroidMainSourceSetPaths
sample-android:mapDebugAndroidTestSourceSetPaths
ugreen-strings-android:mapDebugAndroidTestSourceSetPaths
sample-android:mapDebugSourceSetPaths
ugreen-strings-android:mapDebugSourceSetPaths
sample-android:mapReleaseSourceSetPaths
ugreen-strings-android:mapReleaseSourceSetPaths
core-database:mergeAndroidDeviceTestAssets
core-net:mergeAndroidDeviceTestAssets
core-database:mergeAndroidDeviceTestGeneratedProguardFiles
core-net:mergeAndroidDeviceTestGeneratedProguardFiles
core-database:mergeAndroidDeviceTestJavaResource
core-net:mergeAndroidDeviceTestJavaResource
core-database:mergeAndroidDeviceTestJniLibFolders
core-net:mergeAndroidDeviceTestJniLibFolders
core-database:mergeAndroidDeviceTestNativeLibs
core-net:mergeAndroidDeviceTestNativeLibs
core-database:mergeAndroidDeviceTestResources
core-net:mergeAndroidDeviceTestResources
core-ui:mergeAndroidHostTestAssets
domain-device:mergeAndroidHostTestAssets
domain-env:mergeAndroidHostTestAssets
feature-auth:mergeAndroidHostTestAssets
feature-home-management:mergeAndroidHostTestAssets
feature-ota:mergeAndroidHostTestAssets
feature-playback:mergeAndroidHostTestAssets
sample:mergeAndroidHostTestAssets
ugreen-strings-kmp:mergeAndroidHostTestAssets
core-ui:mergeAndroidHostTestResources
domain-device:mergeAndroidHostTestResources
domain-env:mergeAndroidHostTestResources
feature-auth:mergeAndroidHostTestResources
feature-home-management:mergeAndroidHostTestResources
feature-ota:mergeAndroidHostTestResources
feature-playback:mergeAndroidHostTestResources
sample:mergeAndroidHostTestResources
ugreen-strings-kmp:mergeAndroidHostTestResources
app-shared:mergeAndroidMainAssets
core-ui:mergeAndroidMainAssets
feature-auth:mergeAndroidMainAssets
feature-device-event:mergeAndroidMainAssets
feature-home-management:mergeAndroidMainAssets
feature-ota:mergeAndroidMainAssets
feature-third-party-services:mergeAndroidMainAssets
sample:mergeAndroidMainAssets
ugreen-strings-kmp:mergeAndroidMainAssets
airtc-appsdk:mergeAndroidMainJavaResource
app-shared:mergeAndroidMainJavaResource
core-database:mergeAndroidMainJavaResource
core-kv:mergeAndroidMainJavaResource
core-logger:mergeAndroidMainJavaResource
core-mvi:mergeAndroidMainJavaResource
core-navigation:mergeAndroidMainJavaResource
core-net:mergeAndroidMainJavaResource
core-player:mergeAndroidMainJavaResource
core-secure-package:mergeAndroidMainJavaResource
core-ui:mergeAndroidMainJavaResource
core-util:mergeAndroidMainJavaResource
device-biz:mergeAndroidMainJavaResource
device-thing-model:mergeAndroidMainJavaResource
domain-device:mergeAndroidMainJavaResource
domain-env:mergeAndroidMainJavaResource
domain-family:mergeAndroidMainJavaResource
domain-product:mergeAndroidMainJavaResource
feature-auth:mergeAndroidMainJavaResource
feature-device-event:mergeAndroidMainJavaResource
feature-home-management:mergeAndroidMainJavaResource
feature-ota:mergeAndroidMainJavaResource
feature-playback:mergeAndroidMainJavaResource
feature-third-party-services:mergeAndroidMainJavaResource
sample:mergeAndroidMainJavaResource
ugreen-strings-kmp:mergeAndroidMainJavaResource
airtc-appsdk:mergeAndroidMainJniLibFolders
app-shared:mergeAndroidMainJniLibFolders
core-database:mergeAndroidMainJniLibFolders
core-kv:mergeAndroidMainJniLibFolders
core-logger:mergeAndroidMainJniLibFolders
core-mvi:mergeAndroidMainJniLibFolders
core-navigation:mergeAndroidMainJniLibFolders
core-net:mergeAndroidMainJniLibFolders
core-player:mergeAndroidMainJniLibFolders
core-secure-package:mergeAndroidMainJniLibFolders
core-ui:mergeAndroidMainJniLibFolders
core-util:mergeAndroidMainJniLibFolders
device-biz:mergeAndroidMainJniLibFolders
device-thing-model:mergeAndroidMainJniLibFolders
domain-device:mergeAndroidMainJniLibFolders
domain-env:mergeAndroidMainJniLibFolders
domain-family:mergeAndroidMainJniLibFolders
domain-product:mergeAndroidMainJniLibFolders
feature-auth:mergeAndroidMainJniLibFolders
feature-device-event:mergeAndroidMainJniLibFolders
feature-home-management:mergeAndroidMainJniLibFolders
feature-ota:mergeAndroidMainJniLibFolders
feature-playback:mergeAndroidMainJniLibFolders
feature-third-party-services:mergeAndroidMainJniLibFolders
sample:mergeAndroidMainJniLibFolders
ugreen-strings-kmp:mergeAndroidMainJniLibFolders
airtc-appsdk:mergeAndroidMainNativeLibs
app-shared:mergeAndroidMainNativeLibs
core-database:mergeAndroidMainNativeLibs
core-kv:mergeAndroidMainNativeLibs
core-logger:mergeAndroidMainNativeLibs
core-mvi:mergeAndroidMainNativeLibs
core-navigation:mergeAndroidMainNativeLibs
core-net:mergeAndroidMainNativeLibs
core-player:mergeAndroidMainNativeLibs
core-secure-package:mergeAndroidMainNativeLibs
core-ui:mergeAndroidMainNativeLibs
core-util:mergeAndroidMainNativeLibs
device-biz:mergeAndroidMainNativeLibs
device-thing-model:mergeAndroidMainNativeLibs
domain-device:mergeAndroidMainNativeLibs
domain-env:mergeAndroidMainNativeLibs
domain-family:mergeAndroidMainNativeLibs
domain-product:mergeAndroidMainNativeLibs
feature-auth:mergeAndroidMainNativeLibs
feature-device-event:mergeAndroidMainNativeLibs
feature-home-management:mergeAndroidMainNativeLibs
feature-ota:mergeAndroidMainNativeLibs
feature-playback:mergeAndroidMainNativeLibs
feature-third-party-services:mergeAndroidMainNativeLibs
sample:mergeAndroidMainNativeLibs
ugreen-strings-kmp:mergeAndroidMainNativeLibs
sample-android:mergeDebugAndroidTestAssets
ugreen-strings-android:mergeDebugAndroidTestAssets
sample-android:mergeDebugAndroidTestGeneratedProguardFiles
ugreen-strings-android:mergeDebugAndroidTestGeneratedProguardFiles
sample-android:mergeDebugAndroidTestJavaResource
ugreen-strings-android:mergeDebugAndroidTestJavaResource
sample-android:mergeDebugAndroidTestJniLibFolders
ugreen-strings-android:mergeDebugAndroidTestJniLibFolders
sample-android:mergeDebugAndroidTestNativeLibs
ugreen-strings-android:mergeDebugAndroidTestNativeLibs
sample-android:mergeDebugAndroidTestResources
ugreen-strings-android:mergeDebugAndroidTestResources
sample-android:mergeDebugArtProfile
sample-android:mergeDebugAssets
ugreen-strings-android:mergeDebugAssets
ugreen-strings-android:mergeDebugConsumerProguardFiles
sample-android:mergeDebugGeneratedProguardFiles
ugreen-strings-android:mergeDebugGeneratedProguardFiles
sample-android:mergeDebugJavaResource
ugreen-strings-android:mergeDebugJavaResource
sample-android:mergeDebugJniLibFolders
ugreen-strings-android:mergeDebugJniLibFolders
sample-android:mergeDebugNativeDebugMetadata
sample-android:mergeDebugNativeLibs
ugreen-strings-android:mergeDebugNativeLibs
sample-android:mergeDebugResources
ugreen-strings-android:mergeDebugResources
sample-android:mergeDebugStartupProfile
sample-android:mergeDexRelease
core-database:mergeExtDexAndroidDeviceTest
core-net:mergeExtDexAndroidDeviceTest
sample-android:mergeExtDexDebug
sample-android:mergeExtDexDebugAndroidTest
ugreen-strings-android:mergeExtDexDebugAndroidTest
sample-android:mergeExtDexRelease
core-database:mergeLibDexAndroidDeviceTest
core-net:mergeLibDexAndroidDeviceTest
sample-android:mergeLibDexDebug
sample-android:mergeLibDexDebugAndroidTest
ugreen-strings-android:mergeLibDexDebugAndroidTest
core-database:mergeProjectDexAndroidDeviceTest
core-net:mergeProjectDexAndroidDeviceTest
sample-android:mergeProjectDexDebug
sample-android:mergeProjectDexDebugAndroidTest
ugreen-strings-android:mergeProjectDexDebugAndroidTest
sample-android:mergeReleaseArtProfile
sample-android:mergeReleaseAssets
ugreen-strings-android:mergeReleaseAssets
ugreen-strings-android:mergeReleaseConsumerProguardFiles
sample-android:mergeReleaseGeneratedProguardFiles
ugreen-strings-android:mergeReleaseGeneratedProguardFiles
sample-android:mergeReleaseGlobalSynthetics
sample-android:mergeReleaseJavaResource
ugreen-strings-android:mergeReleaseJavaResource
sample-android:mergeReleaseJniLibFolders
ugreen-strings-android:mergeReleaseJniLibFolders
sample-android:mergeReleaseNativeDebugMetadata
sample-android:mergeReleaseNativeLibs
ugreen-strings-android:mergeReleaseNativeLibs
sample-android:mergeReleaseResources
ugreen-strings-android:mergeReleaseResources
sample-android:mergeReleaseStartupProfile
core-util:metadataCommonMainProcessResources - Processes file collection.
airtc-appsdk:metadataProcessResources - Processes file collection.
app-shared:metadataProcessResources - Processes file collection.
core-database:metadataProcessResources - Processes file collection.
core-kv:metadataProcessResources - Processes file collection.
core-logger:metadataProcessResources - Processes file collection.
core-mvi:metadataProcessResources - Processes file collection.
core-navigation:metadataProcessResources - Processes file collection.
core-net:metadataProcessResources - Processes file collection.
core-player:metadataProcessResources - Processes file collection.
core-secure-package:metadataProcessResources - Processes file collection.
core-ui:metadataProcessResources - Processes file collection.
core-util:metadataProcessResources - Processes file collection.
device-biz:metadataProcessResources - Processes file collection.
device-thing-model:metadataProcessResources - Processes file collection.
domain-device:metadataProcessResources - Processes file collection.
domain-env:metadataProcessResources - Processes file collection.
domain-family:metadataProcessResources - Processes file collection.
domain-product:metadataProcessResources - Processes file collection.
feature-auth:metadataProcessResources - Processes file collection.
feature-device-event:metadataProcessResources - Processes file collection.
feature-home-management:metadataProcessResources - Processes file collection.
feature-ota:metadataProcessResources - Processes file collection.
feature-playback:metadataProcessResources - Processes file collection.
feature-third-party-services:metadataProcessResources - Processes file collection.
sample:metadataProcessResources - Processes file collection.
ugreen-strings-kmp:metadataProcessResources - Processes file collection.
sample-android:optimizeReleaseResources
core-database:packageAndroidDeviceTest
core-net:packageAndroidDeviceTest
core-database:packageAndroidDeviceTestResources
core-net:packageAndroidDeviceTestResources
core-ui:packageAndroidHostTestForUnitTest
domain-device:packageAndroidHostTestForUnitTest
domain-env:packageAndroidHostTestForUnitTest
feature-auth:packageAndroidHostTestForUnitTest
feature-home-management:packageAndroidHostTestForUnitTest
feature-ota:packageAndroidHostTestForUnitTest
feature-playback:packageAndroidHostTestForUnitTest
sample:packageAndroidHostTestForUnitTest
ugreen-strings-kmp:packageAndroidHostTestForUnitTest
app-shared:packageAndroidMainResources
core-ui:packageAndroidMainResources
feature-auth:packageAndroidMainResources
feature-device-event:packageAndroidMainResources
feature-home-management:packageAndroidMainResources
feature-ota:packageAndroidMainResources
feature-third-party-services:packageAndroidMainResources
sample:packageAndroidMainResources
ugreen-strings-kmp:packageAndroidMainResources
sample-android:packageDebug
sample-android:packageDebugAndroidTest
ugreen-strings-android:packageDebugAndroidTest
sample-android:packageDebugAndroidTestResources
ugreen-strings-android:packageDebugAndroidTestResources
sample-android:packageDebugBundle
ugreen-strings-android:packageDebugRenderscript
sample-android:packageDebugResources
ugreen-strings-android:packageDebugResources
sample-android:packageDebugUniversalApk
sample-android:packageRelease
sample-android:packageReleaseBundle
ugreen-strings-android:packageReleaseRenderscript
sample-android:packageReleaseResources
ugreen-strings-android:packageReleaseResources
sample-android:packageReleaseUniversalApk
core-database:parseAndroidDeviceTestLocalResources
core-net:parseAndroidDeviceTestLocalResources
app-shared:parseAndroidMainLocalResources
core-ui:parseAndroidMainLocalResources
feature-auth:parseAndroidMainLocalResources
feature-device-event:parseAndroidMainLocalResources
feature-home-management:parseAndroidMainLocalResources
feature-ota:parseAndroidMainLocalResources
feature-third-party-services:parseAndroidMainLocalResources
sample:parseAndroidMainLocalResources
ugreen-strings-kmp:parseAndroidMainLocalResources
sample-android:parseDebugAndroidTestLocalResources
ugreen-strings-android:parseDebugAndroidTestLocalResources
sample-android:parseDebugIntegrityConfig
sample-android:parseDebugLocalResources
ugreen-strings-android:parseDebugLocalResources
sample-android:parseReleaseIntegrityConfig
sample-android:parseReleaseLocalResources
ugreen-strings-android:parseReleaseLocalResources
core-database:preAndroidDeviceTestBuild
core-net:preAndroidDeviceTestBuild
airtc-appsdk:preAndroidHostTestBuild
core-database:preAndroidHostTestBuild
core-kv:preAndroidHostTestBuild
core-logger:preAndroidHostTestBuild
core-net:preAndroidHostTestBuild
core-secure-package:preAndroidHostTestBuild
core-ui:preAndroidHostTestBuild
core-util:preAndroidHostTestBuild
device-thing-model:preAndroidHostTestBuild
domain-device:preAndroidHostTestBuild
domain-env:preAndroidHostTestBuild
feature-auth:preAndroidHostTestBuild
feature-home-management:preAndroidHostTestBuild
feature-ota:preAndroidHostTestBuild
feature-playback:preAndroidHostTestBuild
sample:preAndroidHostTestBuild
ugreen-strings-kmp:preAndroidHostTestBuild
airtc-appsdk:preAndroidMainBuild
app-shared:preAndroidMainBuild
core-database:preAndroidMainBuild
core-kv:preAndroidMainBuild
core-logger:preAndroidMainBuild
core-mvi:preAndroidMainBuild
core-navigation:preAndroidMainBuild
core-net:preAndroidMainBuild
core-player:preAndroidMainBuild
core-secure-package:preAndroidMainBuild
core-ui:preAndroidMainBuild
core-util:preAndroidMainBuild
device-biz:preAndroidMainBuild
device-thing-model:preAndroidMainBuild
domain-device:preAndroidMainBuild
domain-env:preAndroidMainBuild
domain-family:preAndroidMainBuild
domain-product:preAndroidMainBuild
feature-auth:preAndroidMainBuild
feature-device-event:preAndroidMainBuild
feature-home-management:preAndroidMainBuild
feature-ota:preAndroidMainBuild
feature-playback:preAndroidMainBuild
feature-third-party-services:preAndroidMainBuild
sample:preAndroidMainBuild
ugreen-strings-kmp:preAndroidMainBuild
sample-android:preBuild
ugreen-strings-android:preBuild
sample-android:preDebugAndroidTestBuild
ugreen-strings-android:preDebugAndroidTestBuild
sample-android:preDebugBuild
ugreen-strings-android:preDebugBuild
sample-android:preDebugUnitTestBuild
ugreen-strings-android:preDebugUnitTestBuild
airtc-appsdk:prepareAndroidMainArtProfile
app-shared:prepareAndroidMainArtProfile
core-database:prepareAndroidMainArtProfile
core-kv:prepareAndroidMainArtProfile
core-logger:prepareAndroidMainArtProfile
core-mvi:prepareAndroidMainArtProfile
core-navigation:prepareAndroidMainArtProfile
core-net:prepareAndroidMainArtProfile
core-player:prepareAndroidMainArtProfile
core-secure-package:prepareAndroidMainArtProfile
core-ui:prepareAndroidMainArtProfile
core-util:prepareAndroidMainArtProfile
device-biz:prepareAndroidMainArtProfile
device-thing-model:prepareAndroidMainArtProfile
domain-device:prepareAndroidMainArtProfile
domain-env:prepareAndroidMainArtProfile
domain-family:prepareAndroidMainArtProfile
domain-product:prepareAndroidMainArtProfile
feature-auth:prepareAndroidMainArtProfile
feature-device-event:prepareAndroidMainArtProfile
feature-home-management:prepareAndroidMainArtProfile
feature-ota:prepareAndroidMainArtProfile
feature-playback:prepareAndroidMainArtProfile
feature-third-party-services:prepareAndroidMainArtProfile
sample:prepareAndroidMainArtProfile
ugreen-strings-kmp:prepareAndroidMainArtProfile
core-ui:prepareComposeResourcesTaskForAndroidHostTest
feature-auth:prepareComposeResourcesTaskForAndroidHostTest
feature-home-management:prepareComposeResourcesTaskForAndroidHostTest
feature-ota:prepareComposeResourcesTaskForAndroidHostTest
sample:prepareComposeResourcesTaskForAndroidHostTest
ugreen-strings-kmp:prepareComposeResourcesTaskForAndroidHostTest
app-shared:prepareComposeResourcesTaskForAndroidMain
core-navigation:prepareComposeResourcesTaskForAndroidMain
core-player:prepareComposeResourcesTaskForAndroidMain
core-ui:prepareComposeResourcesTaskForAndroidMain
device-biz:prepareComposeResourcesTaskForAndroidMain
feature-auth:prepareComposeResourcesTaskForAndroidMain
feature-device-event:prepareComposeResourcesTaskForAndroidMain
feature-home-management:prepareComposeResourcesTaskForAndroidMain
feature-ota:prepareComposeResourcesTaskForAndroidMain
feature-third-party-services:prepareComposeResourcesTaskForAndroidMain
sample:prepareComposeResourcesTaskForAndroidMain
ugreen-strings-kmp:prepareComposeResourcesTaskForAndroidMain
app-shared:prepareComposeResourcesTaskForCommonMain
core-navigation:prepareComposeResourcesTaskForCommonMain
core-player:prepareComposeResourcesTaskForCommonMain
core-ui:prepareComposeResourcesTaskForCommonMain
device-biz:prepareComposeResourcesTaskForCommonMain
feature-auth:prepareComposeResourcesTaskForCommonMain
feature-device-event:prepareComposeResourcesTaskForCommonMain
feature-home-management:prepareComposeResourcesTaskForCommonMain
feature-ota:prepareComposeResourcesTaskForCommonMain
feature-third-party-services:prepareComposeResourcesTaskForCommonMain
sample:prepareComposeResourcesTaskForCommonMain
ugreen-strings-kmp:prepareComposeResourcesTaskForCommonMain
app-shared:prepareComposeResourcesTaskForCommonTest
core-navigation:prepareComposeResourcesTaskForCommonTest
core-player:prepareComposeResourcesTaskForCommonTest
core-ui:prepareComposeResourcesTaskForCommonTest
device-biz:prepareComposeResourcesTaskForCommonTest
feature-auth:prepareComposeResourcesTaskForCommonTest
feature-device-event:prepareComposeResourcesTaskForCommonTest
feature-home-management:prepareComposeResourcesTaskForCommonTest
feature-ota:prepareComposeResourcesTaskForCommonTest
feature-third-party-services:prepareComposeResourcesTaskForCommonTest
sample:prepareComposeResourcesTaskForCommonTest
ugreen-strings-kmp:prepareComposeResourcesTaskForCommonTest
ugreen-strings-android:prepareDebugArtProfile
prepareKotlinBuildScriptModel
airtc-appsdk:prepareKotlinIdeaImport - Umbrella for all tasks required to run before IDEA/Gradle import
app-shared:prepareKotlinIdeaImport - Umbrella for all tasks required to run before IDEA/Gradle import
core-database:prepareKotlinIdeaImport - Umbrella for all tasks required to run before IDEA/Gradle import
core-kv:prepareKotlinIdeaImport - Umbrella for all tasks required to run before IDEA/Gradle import
core-logger:prepareKotlinIdeaImport - Umbrella for all tasks required to run before IDEA/Gradle import
core-mvi:prepareKotlinIdeaImport - Umbrella for all tasks required to run before IDEA/Gradle import
core-navigation:prepareKotlinIdeaImport - Umbrella for all tasks required to run before IDEA/Gradle import
core-net:prepareKotlinIdeaImport - Umbrella for all tasks required to run before IDEA/Gradle import
core-player:prepareKotlinIdeaImport - Umbrella for all tasks required to run before IDEA/Gradle import
core-secure-package:prepareKotlinIdeaImport - Umbrella for all tasks required to run before IDEA/Gradle import
core-ui:prepareKotlinIdeaImport - Umbrella for all tasks required to run before IDEA/Gradle import
core-util:prepareKotlinIdeaImport - Umbrella for all tasks required to run before IDEA/Gradle import
device-biz:prepareKotlinIdeaImport - Umbrella for all tasks required to run before IDEA/Gradle import
device-thing-model:prepareKotlinIdeaImport - Umbrella for all tasks required to run before IDEA/Gradle import
domain-device:prepareKotlinIdeaImport - Umbrella for all tasks required to run before IDEA/Gradle import
domain-env:prepareKotlinIdeaImport - Umbrella for all tasks required to run before IDEA/Gradle import
domain-family:prepareKotlinIdeaImport - Umbrella for all tasks required to run before IDEA/Gradle import
domain-product:prepareKotlinIdeaImport - Umbrella for all tasks required to run before IDEA/Gradle import
feature-auth:prepareKotlinIdeaImport - Umbrella for all tasks required to run before IDEA/Gradle import
feature-device-event:prepareKotlinIdeaImport - Umbrella for all tasks required to run before IDEA/Gradle import
feature-home-management:prepareKotlinIdeaImport - Umbrella for all tasks required to run before IDEA/Gradle import
feature-ota:prepareKotlinIdeaImport - Umbrella for all tasks required to run before IDEA/Gradle import
feature-playback:prepareKotlinIdeaImport - Umbrella for all tasks required to run before IDEA/Gradle import
feature-third-party-services:prepareKotlinIdeaImport - Umbrella for all tasks required to run before IDEA/Gradle import
sample:prepareKotlinIdeaImport - Umbrella for all tasks required to run before IDEA/Gradle import
ugreen-strings-kmp:prepareKotlinIdeaImport - Umbrella for all tasks required to run before IDEA/Gradle import
airtc-appsdk:prepareLintJarForPublish
app-shared:prepareLintJarForPublish
core-database:prepareLintJarForPublish
core-kv:prepareLintJarForPublish
core-logger:prepareLintJarForPublish
core-mvi:prepareLintJarForPublish
core-navigation:prepareLintJarForPublish
core-net:prepareLintJarForPublish
core-player:prepareLintJarForPublish
core-secure-package:prepareLintJarForPublish
core-ui:prepareLintJarForPublish
core-util:prepareLintJarForPublish
device-biz:prepareLintJarForPublish
device-thing-model:prepareLintJarForPublish
domain-device:prepareLintJarForPublish
domain-env:prepareLintJarForPublish
domain-family:prepareLintJarForPublish
domain-product:prepareLintJarForPublish
feature-auth:prepareLintJarForPublish
feature-device-event:prepareLintJarForPublish
feature-home-management:prepareLintJarForPublish
feature-ota:prepareLintJarForPublish
feature-playback:prepareLintJarForPublish
feature-third-party-services:prepareLintJarForPublish
sample:prepareLintJarForPublish
sample-android:prepareLintJarForPublish
ugreen-strings-android:prepareLintJarForPublish
ugreen-strings-kmp:prepareLintJarForPublish
ugreen-strings-android:prepareReleaseArtProfile
sample-android:preReleaseBuild
ugreen-strings-android:preReleaseBuild
core-database:processAndroidDeviceTestJavaRes
core-net:processAndroidDeviceTestJavaRes
core-database:processAndroidDeviceTestManifest
core-net:processAndroidDeviceTestManifest
core-database:processAndroidDeviceTestNavigationResources
core-net:processAndroidDeviceTestNavigationResources
core-database:processAndroidDeviceTestResources
core-net:processAndroidDeviceTestResources
airtc-appsdk:processAndroidHostTestJavaRes
core-database:processAndroidHostTestJavaRes
core-kv:processAndroidHostTestJavaRes
core-logger:processAndroidHostTestJavaRes
core-net:processAndroidHostTestJavaRes
core-secure-package:processAndroidHostTestJavaRes
core-ui:processAndroidHostTestJavaRes
core-util:processAndroidHostTestJavaRes
device-thing-model:processAndroidHostTestJavaRes
domain-device:processAndroidHostTestJavaRes
domain-env:processAndroidHostTestJavaRes
feature-auth:processAndroidHostTestJavaRes
feature-home-management:processAndroidHostTestJavaRes
feature-ota:processAndroidHostTestJavaRes
feature-playback:processAndroidHostTestJavaRes
sample:processAndroidHostTestJavaRes
ugreen-strings-kmp:processAndroidHostTestJavaRes
core-ui:processAndroidHostTestManifest
domain-device:processAndroidHostTestManifest
domain-env:processAndroidHostTestManifest
feature-auth:processAndroidHostTestManifest
feature-home-management:processAndroidHostTestManifest
feature-ota:processAndroidHostTestManifest
feature-playback:processAndroidHostTestManifest
sample:processAndroidHostTestManifest
ugreen-strings-kmp:processAndroidHostTestManifest
core-ui:processAndroidHostTestResources
domain-device:processAndroidHostTestResources
domain-env:processAndroidHostTestResources
feature-auth:processAndroidHostTestResources
feature-home-management:processAndroidHostTestResources
feature-ota:processAndroidHostTestResources
feature-playback:processAndroidHostTestResources
sample:processAndroidHostTestResources
ugreen-strings-kmp:processAndroidHostTestResources
airtc-appsdk:processAndroidMainJavaRes
app-shared:processAndroidMainJavaRes
core-database:processAndroidMainJavaRes
core-kv:processAndroidMainJavaRes
core-logger:processAndroidMainJavaRes
core-mvi:processAndroidMainJavaRes
core-navigation:processAndroidMainJavaRes
core-net:processAndroidMainJavaRes
core-player:processAndroidMainJavaRes
core-secure-package:processAndroidMainJavaRes
core-ui:processAndroidMainJavaRes
core-util:processAndroidMainJavaRes
device-biz:processAndroidMainJavaRes
device-thing-model:processAndroidMainJavaRes
domain-device:processAndroidMainJavaRes
domain-env:processAndroidMainJavaRes
domain-family:processAndroidMainJavaRes
domain-product:processAndroidMainJavaRes
feature-auth:processAndroidMainJavaRes
feature-device-event:processAndroidMainJavaRes
feature-home-management:processAndroidMainJavaRes
feature-ota:processAndroidMainJavaRes
feature-playback:processAndroidMainJavaRes
feature-third-party-services:processAndroidMainJavaRes
sample:processAndroidMainJavaRes
ugreen-strings-kmp:processAndroidMainJavaRes
airtc-appsdk:processAndroidMainManifest
app-shared:processAndroidMainManifest
core-database:processAndroidMainManifest
core-kv:processAndroidMainManifest
core-logger:processAndroidMainManifest
core-mvi:processAndroidMainManifest
core-navigation:processAndroidMainManifest
core-net:processAndroidMainManifest
core-player:processAndroidMainManifest
core-secure-package:processAndroidMainManifest
core-ui:processAndroidMainManifest
core-util:processAndroidMainManifest
device-biz:processAndroidMainManifest
device-thing-model:processAndroidMainManifest
domain-device:processAndroidMainManifest
domain-env:processAndroidMainManifest
domain-family:processAndroidMainManifest
domain-product:processAndroidMainManifest
feature-auth:processAndroidMainManifest
feature-device-event:processAndroidMainManifest
feature-home-management:processAndroidMainManifest
feature-ota:processAndroidMainManifest
feature-playback:processAndroidMainManifest
feature-third-party-services:processAndroidMainManifest
sample:processAndroidMainManifest
ugreen-strings-kmp:processAndroidMainManifest
sample-android:processApplicationManifestDebugForBundle
sample-android:processApplicationManifestReleaseForBundle
sample-android:processDebugAndroidTestJavaRes
ugreen-strings-android:processDebugAndroidTestJavaRes
sample-android:processDebugAndroidTestManifest
ugreen-strings-android:processDebugAndroidTestManifest
sample-android:processDebugAndroidTestNavigationResources
ugreen-strings-android:processDebugAndroidTestNavigationResources
sample-android:processDebugAndroidTestResources
ugreen-strings-android:processDebugAndroidTestResources
sample-android:processDebugJavaRes
ugreen-strings-android:processDebugJavaRes
sample-android:processDebugMainManifest
sample-android:processDebugManifest
ugreen-strings-android:processDebugManifest
sample-android:processDebugManifestForPackage
sample-android:processDebugNavigationResources
ugreen-strings-android:processDebugNavigationResources
sample-android:processDebugResources
sample-android:processDebugUnitTestJavaRes
ugreen-strings-android:processDebugUnitTestJavaRes
core-util:processJvmMainResources - Processes jvm main resources.
core-util:processJvmTestResources - Processes jvm test resources.
sample-android:processManifestDebugForFeature
sample-android:processManifestReleaseForFeature
sample-android:processReleaseJavaRes
ugreen-strings-android:processReleaseJavaRes
sample-android:processReleaseMainManifest
sample-android:processReleaseManifest
ugreen-strings-android:processReleaseManifest
sample-android:processReleaseManifestForPackage
sample-android:processReleaseNavigationResources
ugreen-strings-android:processReleaseNavigationResources
sample-android:processReleaseResources
detekt-rules-kmp:processResources - Processes main resources.
detekt-rules-kmp:processTestResources - Processes test resources.
sample-android:produceDebugBundleIdeListingFile
sample-android:produceReleaseBundleIdeListingFile
airtc-appsdk:resolveConfigAttr
app-shared:resolveConfigAttr
core-database:resolveConfigAttr
core-kv:resolveConfigAttr
core-logger:resolveConfigAttr
core-mvi:resolveConfigAttr
core-navigation:resolveConfigAttr
core-net:resolveConfigAttr
core-player:resolveConfigAttr
core-secure-package:resolveConfigAttr
core-ui:resolveConfigAttr
core-util:resolveConfigAttr
device-biz:resolveConfigAttr
device-thing-model:resolveConfigAttr
domain-device:resolveConfigAttr
domain-env:resolveConfigAttr
domain-family:resolveConfigAttr
domain-product:resolveConfigAttr
feature-auth:resolveConfigAttr
feature-device-event:resolveConfigAttr
feature-home-management:resolveConfigAttr
feature-ota:resolveConfigAttr
feature-playback:resolveConfigAttr
feature-third-party-services:resolveConfigAttr
sample:resolveConfigAttr
sample-android:resolveConfigAttr
ugreen-strings-android:resolveConfigAttr
ugreen-strings-kmp:resolveConfigAttr
sample-android:sdkReleaseDependencyData
airtc-appsdk:setupLldbScript - Generate lldbinit file with imported konan_lldb.py script
app-shared:setupLldbScript - Generate lldbinit file with imported konan_lldb.py script
core-database:setupLldbScript - Generate lldbinit file with imported konan_lldb.py script
core-kv:setupLldbScript - Generate lldbinit file with imported konan_lldb.py script
core-logger:setupLldbScript - Generate lldbinit file with imported konan_lldb.py script
core-mvi:setupLldbScript - Generate lldbinit file with imported konan_lldb.py script
core-navigation:setupLldbScript - Generate lldbinit file with imported konan_lldb.py script
core-net:setupLldbScript - Generate lldbinit file with imported konan_lldb.py script
core-player:setupLldbScript - Generate lldbinit file with imported konan_lldb.py script
core-secure-package:setupLldbScript - Generate lldbinit file with imported konan_lldb.py script
core-ui:setupLldbScript - Generate lldbinit file with imported konan_lldb.py script
core-util:setupLldbScript - Generate lldbinit file with imported konan_lldb.py script
device-biz:setupLldbScript - Generate lldbinit file with imported konan_lldb.py script
device-thing-model:setupLldbScript - Generate lldbinit file with imported konan_lldb.py script
domain-device:setupLldbScript - Generate lldbinit file with imported konan_lldb.py script
domain-env:setupLldbScript - Generate lldbinit file with imported konan_lldb.py script
domain-family:setupLldbScript - Generate lldbinit file with imported konan_lldb.py script
domain-product:setupLldbScript - Generate lldbinit file with imported konan_lldb.py script
feature-auth:setupLldbScript - Generate lldbinit file with imported konan_lldb.py script
feature-device-event:setupLldbScript - Generate lldbinit file with imported konan_lldb.py script
feature-home-management:setupLldbScript - Generate lldbinit file with imported konan_lldb.py script
feature-ota:setupLldbScript - Generate lldbinit file with imported konan_lldb.py script
feature-playback:setupLldbScript - Generate lldbinit file with imported konan_lldb.py script
feature-third-party-services:setupLldbScript - Generate lldbinit file with imported konan_lldb.py script
sample:setupLldbScript - Generate lldbinit file with imported konan_lldb.py script
ugreen-strings-kmp:setupLldbScript - Generate lldbinit file with imported konan_lldb.py script
sample-android:signDebugBundle
core-database:signingConfigWriterAndroidDeviceTest
core-net:signingConfigWriterAndroidDeviceTest
sample-android:signingConfigWriterDebug
sample-android:signingConfigWriterDebugAndroidTest
ugreen-strings-android:signingConfigWriterDebugAndroidTest
sample-android:signingConfigWriterRelease
sample-android:signReleaseBundle
core-util:startScriptsForJvm - Creates OS specific scripts to run the project/jvm as a JVM application.
core-database:stripAndroidDeviceTestDebugSymbols
core-net:stripAndroidDeviceTestDebugSymbols
sample-android:stripDebugAndroidTestDebugSymbols
ugreen-strings-android:stripDebugAndroidTestDebugSymbols
sample-android:stripDebugDebugSymbols
ugreen-strings-android:stripDebugDebugSymbols
sample-android:stripReleaseDebugSymbols
ugreen-strings-android:stripReleaseDebugSymbols
airtc-appsdk:syncAndroidMainLibJars
app-shared:syncAndroidMainLibJars
core-database:syncAndroidMainLibJars
core-kv:syncAndroidMainLibJars
core-logger:syncAndroidMainLibJars
core-mvi:syncAndroidMainLibJars
core-navigation:syncAndroidMainLibJars
core-net:syncAndroidMainLibJars
core-player:syncAndroidMainLibJars
core-secure-package:syncAndroidMainLibJars
core-ui:syncAndroidMainLibJars
core-util:syncAndroidMainLibJars
device-biz:syncAndroidMainLibJars
device-thing-model:syncAndroidMainLibJars
domain-device:syncAndroidMainLibJars
domain-env:syncAndroidMainLibJars
domain-family:syncAndroidMainLibJars
domain-product:syncAndroidMainLibJars
feature-auth:syncAndroidMainLibJars
feature-device-event:syncAndroidMainLibJars
feature-home-management:syncAndroidMainLibJars
feature-ota:syncAndroidMainLibJars
feature-playback:syncAndroidMainLibJars
feature-third-party-services:syncAndroidMainLibJars
sample:syncAndroidMainLibJars
ugreen-strings-kmp:syncAndroidMainLibJars
core-ui:syncCoreUiComposeResources
ugreen-strings-android:syncDebugLibJars
feature-auth:syncFeatureAuthComposeResources
airtc-appsdk:syncPersistedPackageResolvedToSynthetic
app-shared:syncPersistedPackageResolvedToSynthetic
core-database:syncPersistedPackageResolvedToSynthetic
core-kv:syncPersistedPackageResolvedToSynthetic
core-logger:syncPersistedPackageResolvedToSynthetic
core-mvi:syncPersistedPackageResolvedToSynthetic
core-navigation:syncPersistedPackageResolvedToSynthetic
core-net:syncPersistedPackageResolvedToSynthetic
core-player:syncPersistedPackageResolvedToSynthetic
core-secure-package:syncPersistedPackageResolvedToSynthetic
core-ui:syncPersistedPackageResolvedToSynthetic
core-util:syncPersistedPackageResolvedToSynthetic
device-biz:syncPersistedPackageResolvedToSynthetic
device-thing-model:syncPersistedPackageResolvedToSynthetic
domain-device:syncPersistedPackageResolvedToSynthetic
domain-env:syncPersistedPackageResolvedToSynthetic
domain-family:syncPersistedPackageResolvedToSynthetic
domain-product:syncPersistedPackageResolvedToSynthetic
feature-auth:syncPersistedPackageResolvedToSynthetic
feature-device-event:syncPersistedPackageResolvedToSynthetic
feature-home-management:syncPersistedPackageResolvedToSynthetic
feature-ota:syncPersistedPackageResolvedToSynthetic
feature-playback:syncPersistedPackageResolvedToSynthetic
feature-third-party-services:syncPersistedPackageResolvedToSynthetic
sample:syncPersistedPackageResolvedToSynthetic
ugreen-strings-kmp:syncPersistedPackageResolvedToSynthetic
ugreen-strings-android:syncReleaseLibJars
airtc-appsdk:syncSyntheticPackageResolvedToPersisted
app-shared:syncSyntheticPackageResolvedToPersisted
core-database:syncSyntheticPackageResolvedToPersisted
core-kv:syncSyntheticPackageResolvedToPersisted
core-logger:syncSyntheticPackageResolvedToPersisted
core-mvi:syncSyntheticPackageResolvedToPersisted
core-navigation:syncSyntheticPackageResolvedToPersisted
core-net:syncSyntheticPackageResolvedToPersisted
core-player:syncSyntheticPackageResolvedToPersisted
core-secure-package:syncSyntheticPackageResolvedToPersisted
core-ui:syncSyntheticPackageResolvedToPersisted
core-util:syncSyntheticPackageResolvedToPersisted
device-biz:syncSyntheticPackageResolvedToPersisted
device-thing-model:syncSyntheticPackageResolvedToPersisted
domain-device:syncSyntheticPackageResolvedToPersisted
domain-env:syncSyntheticPackageResolvedToPersisted
domain-family:syncSyntheticPackageResolvedToPersisted
domain-product:syncSyntheticPackageResolvedToPersisted
feature-auth:syncSyntheticPackageResolvedToPersisted
feature-device-event:syncSyntheticPackageResolvedToPersisted
feature-home-management:syncSyntheticPackageResolvedToPersisted
feature-ota:syncSyntheticPackageResolvedToPersisted
feature-playback:syncSyntheticPackageResolvedToPersisted
feature-third-party-services:syncSyntheticPackageResolvedToPersisted
sample:syncSyntheticPackageResolvedToPersisted
ugreen-strings-kmp:syncSyntheticPackageResolvedToPersisted
feature-third-party-services:syncThirdPartyServicesComposeResources
core-util:transformCommonMainDependenciesMetadata - Generates serialized dependencies metadata for compilation 'commonMain' (for tooling)
core-util:transformDependenciesMetadata
airtc-appsdk:updateLintBaselineAndroidMain - Update the lint baseline using the androidMain variant
core-database:updateLintBaselineAndroidMain - Update the lint baseline using the androidMain variant
core-kv:updateLintBaselineAndroidMain - Update the lint baseline using the androidMain variant
core-logger:updateLintBaselineAndroidMain - Update the lint baseline using the androidMain variant
core-mvi:updateLintBaselineAndroidMain - Update the lint baseline using the androidMain variant
core-navigation:updateLintBaselineAndroidMain - Update the lint baseline using the androidMain variant
core-net:updateLintBaselineAndroidMain - Update the lint baseline using the androidMain variant
core-player:updateLintBaselineAndroidMain - Update the lint baseline using the androidMain variant
core-secure-package:updateLintBaselineAndroidMain - Update the lint baseline using the androidMain variant
core-ui:updateLintBaselineAndroidMain - Update the lint baseline using the androidMain variant
core-util:updateLintBaselineAndroidMain - Update the lint baseline using the androidMain variant
device-biz:updateLintBaselineAndroidMain - Update the lint baseline using the androidMain variant
device-thing-model:updateLintBaselineAndroidMain - Update the lint baseline using the androidMain variant
domain-device:updateLintBaselineAndroidMain - Update the lint baseline using the androidMain variant
domain-env:updateLintBaselineAndroidMain - Update the lint baseline using the androidMain variant
domain-family:updateLintBaselineAndroidMain - Update the lint baseline using the androidMain variant
domain-product:updateLintBaselineAndroidMain - Update the lint baseline using the androidMain variant
feature-auth:updateLintBaselineAndroidMain - Update the lint baseline using the androidMain variant
feature-device-event:updateLintBaselineAndroidMain - Update the lint baseline using the androidMain variant
feature-home-management:updateLintBaselineAndroidMain - Update the lint baseline using the androidMain variant
feature-ota:updateLintBaselineAndroidMain - Update the lint baseline using the androidMain variant
feature-third-party-services:updateLintBaselineAndroidMain - Update the lint baseline using the androidMain variant
ugreen-strings-kmp:updateLintBaselineAndroidMain - Update the lint baseline using the androidMain variant
sample-android:updateLintBaselineDebug - Update the lint baseline using the debug variant
ugreen-strings-android:updateLintBaselineDebug - Update the lint baseline using the debug variant
airtc-appsdk:updateLintBaselineJvm - Updates the JVM lint baseline for project `airtc-appsdk`.
core-database:updateLintBaselineJvm - Updates the JVM lint baseline for project `core-database`.
core-kv:updateLintBaselineJvm - Updates the JVM lint baseline for project `core-kv`.
core-logger:updateLintBaselineJvm - Updates the JVM lint baseline for project `core-logger`.
core-mvi:updateLintBaselineJvm - Updates the JVM lint baseline for project `core-mvi`.
core-navigation:updateLintBaselineJvm - Updates the JVM lint baseline for project `core-navigation`.
core-net:updateLintBaselineJvm - Updates the JVM lint baseline for project `core-net`.
core-player:updateLintBaselineJvm - Updates the JVM lint baseline for project `core-player`.
core-secure-package:updateLintBaselineJvm - Updates the JVM lint baseline for project `core-secure-package`.
core-ui:updateLintBaselineJvm - Updates the JVM lint baseline for project `core-ui`.
core-util:updateLintBaselineJvm - Updates the JVM lint baseline for project `core-util`.
device-biz:updateLintBaselineJvm - Updates the JVM lint baseline for project `device-biz`.
device-thing-model:updateLintBaselineJvm - Updates the JVM lint baseline for project `device-thing-model`.
domain-device:updateLintBaselineJvm - Updates the JVM lint baseline for project `domain-device`.
domain-env:updateLintBaselineJvm - Updates the JVM lint baseline for project `domain-env`.
domain-family:updateLintBaselineJvm - Updates the JVM lint baseline for project `domain-family`.
domain-product:updateLintBaselineJvm - Updates the JVM lint baseline for project `domain-product`.
feature-auth:updateLintBaselineJvm - Updates the JVM lint baseline for project `feature-auth`.
feature-device-event:updateLintBaselineJvm - Updates the JVM lint baseline for project `feature-device-event`.
feature-home-management:updateLintBaselineJvm - Updates the JVM lint baseline for project `feature-home-management`.
feature-ota:updateLintBaselineJvm - Updates the JVM lint baseline for project `feature-ota`.
feature-third-party-services:updateLintBaselineJvm - Updates the JVM lint baseline for project `feature-third-party-services`.
ugreen-strings-kmp:updateLintBaselineJvm - Updates the JVM lint baseline for project `ugreen-strings-kmp`.
sample-android:updateLintBaselineRelease - Update the lint baseline using the release variant
ugreen-strings-android:updateLintBaselineRelease - Update the lint baseline using the release variant
core-database:validateSigningAndroidDeviceTest
core-net:validateSigningAndroidDeviceTest
sample-android:validateSigningDebug
sample-android:validateSigningDebugAndroidTest
ugreen-strings-android:validateSigningDebugAndroidTest
ugreen-strings-android:verifyReleaseResources
core-database:writeAndroidDeviceTestSigningConfigVersions
core-net:writeAndroidDeviceTestSigningConfigVersions
airtc-appsdk:writeAndroidMainAarMetadata
app-shared:writeAndroidMainAarMetadata
core-database:writeAndroidMainAarMetadata
core-kv:writeAndroidMainAarMetadata
core-logger:writeAndroidMainAarMetadata
core-mvi:writeAndroidMainAarMetadata
core-navigation:writeAndroidMainAarMetadata
core-net:writeAndroidMainAarMetadata
core-player:writeAndroidMainAarMetadata
core-secure-package:writeAndroidMainAarMetadata
core-ui:writeAndroidMainAarMetadata
core-util:writeAndroidMainAarMetadata
device-biz:writeAndroidMainAarMetadata
device-thing-model:writeAndroidMainAarMetadata
domain-device:writeAndroidMainAarMetadata
domain-env:writeAndroidMainAarMetadata
domain-family:writeAndroidMainAarMetadata
domain-product:writeAndroidMainAarMetadata
feature-auth:writeAndroidMainAarMetadata
feature-device-event:writeAndroidMainAarMetadata
feature-home-management:writeAndroidMainAarMetadata
feature-ota:writeAndroidMainAarMetadata
feature-playback:writeAndroidMainAarMetadata
feature-third-party-services:writeAndroidMainAarMetadata
sample:writeAndroidMainAarMetadata
ugreen-strings-kmp:writeAndroidMainAarMetadata
airtc-appsdk:writeAndroidMainLintModelMetadata
core-database:writeAndroidMainLintModelMetadata
core-kv:writeAndroidMainLintModelMetadata
core-logger:writeAndroidMainLintModelMetadata
core-mvi:writeAndroidMainLintModelMetadata
core-navigation:writeAndroidMainLintModelMetadata
core-net:writeAndroidMainLintModelMetadata
core-player:writeAndroidMainLintModelMetadata
core-secure-package:writeAndroidMainLintModelMetadata
core-ui:writeAndroidMainLintModelMetadata
core-util:writeAndroidMainLintModelMetadata
device-biz:writeAndroidMainLintModelMetadata
device-thing-model:writeAndroidMainLintModelMetadata
domain-device:writeAndroidMainLintModelMetadata
domain-env:writeAndroidMainLintModelMetadata
domain-family:writeAndroidMainLintModelMetadata
domain-product:writeAndroidMainLintModelMetadata
feature-auth:writeAndroidMainLintModelMetadata
feature-device-event:writeAndroidMainLintModelMetadata
feature-home-management:writeAndroidMainLintModelMetadata
feature-ota:writeAndroidMainLintModelMetadata
feature-third-party-services:writeAndroidMainLintModelMetadata
ugreen-strings-kmp:writeAndroidMainLintModelMetadata
ugreen-strings-android:writeDebugAarMetadata
sample-android:writeDebugAndroidTestSigningConfigVersions
ugreen-strings-android:writeDebugAndroidTestSigningConfigVersions
sample-android:writeDebugApplicationId
sample-android:writeDebugAppMetadata
ugreen-strings-android:writeDebugLintModelMetadata
sample-android:writeDebugModuleMetadata
sample-android:writeDebugSigningConfigVersions
ugreen-strings-android:writeReleaseAarMetadata
sample-android:writeReleaseApplicationId
sample-android:writeReleaseAppMetadata
ugreen-strings-android:writeReleaseLintModelMetadata
sample-android:writeReleaseModuleMetadata
sample-android:writeReleaseSigningConfigVersions
sample-android:zipApksForDebug
sample-android:zipApksForRelease

[Incubating] Problems report is available at: file:///private/tmp/ugreen-android-architecture-20260914/shared-release-1.7.0-9q2u2wrq/build/reports/problems/problems-report.html

BUILD SUCCESSFUL in 20s
5 actionable tasks: 1 executed, 4 up-to-date
Consider enabling configuration cache to speed up this build: https://docs.gradle.org/9.4.1/userguide/configuration_cache_enabling.html
]9;4;0exit_code=0
elapsed_seconds=21
ended_at=2026-09-14T14:28:04+08:00
