command=./gradlew tasks --all -PugreenHomeSharedPath=/private/tmp/ugreen-android-architecture-20260914/shared-release-1.7.0-9q2u2wrq -PfirebaseCrashlyticsMappingUpload=false --no-daemon --console=plain
started_at=2026-09-14T14:25:55+08:00
To honour the JVM settings for this build a single-use Daemon process will be forked. For more on this, please refer to https://docs.gradle.org/9.4.1/userguide/gradle_daemon.html#sec:disabling_the_daemon in the Gradle documentation.
Daemon will be stopped at the end of the build 
[aliyun-mirror] Gradle Central Plugin Repository: https://plugins.gradle.org/m2 -> https://maven.aliyun.com/repository/gradle-plugin
[aliyun-mirror] Google: https://dl.google.com/dl/android/maven2/ -> https://maven.aliyun.com/repository/google
[aliyun-mirror] MavenRepo: https://repo.maven.apache.org/maven2/ -> https://maven.aliyun.com/repository/central
[aliyun-mirror] Google: https://dl.google.com/dl/android/maven2/ -> https://maven.aliyun.com/repository/google
[aliyun-mirror] MavenRepo: https://repo.maven.apache.org/maven2/ -> https://maven.aliyun.com/repository/central
[aliyun-mirror] Gradle Central Plugin Repository: https://plugins.gradle.org/m2 -> https://maven.aliyun.com/repository/gradle-plugin
[aliyun-mirror] Google: https://dl.google.com/dl/android/maven2/ -> https://maven.aliyun.com/repository/google
[aliyun-mirror] MavenRepo: https://repo.maven.apache.org/maven2/ -> https://maven.aliyun.com/repository/central
[aliyun-mirror] Gradle Central Plugin Repository: https://plugins.gradle.org/m2 -> https://maven.aliyun.com/repository/gradle-plugin
[aliyun-mirror] Google: https://dl.google.com/dl/android/maven2/ -> https://maven.aliyun.com/repository/google
[aliyun-mirror] MavenRepo: https://repo.maven.apache.org/maven2/ -> https://maven.aliyun.com/repository/central
[aliyun-mirror] Google: https://dl.google.com/dl/android/maven2/ -> https://maven.aliyun.com/repository/google
[aliyun-mirror] Gradle Central Plugin Repository: https://plugins.gradle.org/m2 -> https://maven.aliyun.com/repository/gradle-plugin
[aliyun-mirror] MavenRepo: https://repo.maven.apache.org/maven2/ -> https://maven.aliyun.com/repository/central

> Configure project :
[aliyun-mirror] Google: https://dl.google.com/dl/android/maven2/ -> https://maven.aliyun.com/repository/google
[aliyun-mirror] MavenRepo: https://repo.maven.apache.org/maven2/ -> https://maven.aliyun.com/repository/central

> Configure project :app
WARNING: The option setting 'android.enableR8.fullMode=false' is deprecated.
The current default is 'true'.
It will be removed in version 10.0 of the Android Gradle plugin.
========================================
Version Info:
  Version Name: 1.0.6.1
  Version Code: 100513
  Git Commits: 1
  Git Hash: unknown
========================================
--W- Build Environment: AGConnect plugin version is: 1.9.6.300, Gradle version is: 9.4.1, Android Plugin version is: 9.2.1
--I- Using the AGConnect-Config file: /private/tmp/ugreen-android-architecture-20260914/android/app/agconnect-services.json
--I- Using the AGConnect-Config file: /private/tmp/ugreen-android-architecture-20260914/android/app/agconnect-services.json
--I- Using the AGConnect-Config file: /private/tmp/ugreen-android-architecture-20260914/android/app/agconnect-services.json
--I- Using the AGConnect-Config file: /private/tmp/ugreen-android-architecture-20260914/android/app/agconnect-services.json
--I- Using the AGConnect-Config file: /private/tmp/ugreen-android-architecture-20260914/android/app/agconnect-services.json
--I- Using the AGConnect-Config file: /private/tmp/ugreen-android-architecture-20260914/android/app/agconnect-services.json
--I- Using the AGConnect-Config file: /private/tmp/ugreen-android-architecture-20260914/android/app/agconnect-services.json
--I- Using the AGConnect-Config file: /private/tmp/ugreen-android-architecture-20260914/android/app/agconnect-services.json
--W- The variant: domesticDebug, Use the json file: /private/tmp/ugreen-android-architecture-20260914/android/app/agconnect-services.json
--W- The variant: overseasDebug, Use the json file: /private/tmp/ugreen-android-architecture-20260914/android/app/agconnect-services.json
--W- The variant: domesticRelease, Use the json file: /private/tmp/ugreen-android-architecture-20260914/android/app/agconnect-services.json
--W- The variant: overseasRelease, Use the json file: /private/tmp/ugreen-android-architecture-20260914/android/app/agconnect-services.json
--W- The variant: domesticUat, Use the json file: /private/tmp/ugreen-android-architecture-20260914/android/app/agconnect-services.json
--W- The variant: overseasUat, Use the json file: /private/tmp/ugreen-android-architecture-20260914/android/app/agconnect-services.json
--W- The variant: domesticBeta, Use the json file: /private/tmp/ugreen-android-architecture-20260914/android/app/agconnect-services.json
--W- The variant: overseasBeta, Use the json file: /private/tmp/ugreen-android-architecture-20260914/android/app/agconnect-services.json

> Configure project :player-core
w: ⚠️ Unused Kotlin Source Sets
The Kotlin source set commonTest was configured but not added to any Kotlin compilation.
Solution: You can add a source set to a target's compilation by connecting it with the compilation's default source set using 'dependsOn'.
See https://kotl.in/connecting-source-sets


> Task :tasks

------------------------------------------------------------
Tasks runnable from root project 'UgreenHome'
------------------------------------------------------------

Agcp tasks
----------
app:processDomesticBetaAGCPlugin - Generate AGC config for domesticBeta variant
app:processDomesticDebugAGCPlugin - Generate AGC config for domesticDebug variant
app:processDomesticReleaseAGCPlugin - Generate AGC config for domesticRelease variant
app:processDomesticUatAGCPlugin - Generate AGC config for domesticUat variant
app:processOverseasBetaAGCPlugin - Generate AGC config for overseasBeta variant
app:processOverseasDebugAGCPlugin - Generate AGC config for overseasDebug variant
app:processOverseasReleaseAGCPlugin - Generate AGC config for overseasRelease variant
app:processOverseasUatAGCPlugin - Generate AGC config for overseasUat variant

Android tasks
-------------
app:signingReport - Displays the signing info for the base and test modules
base:signingReport - Displays the signing info for the base and test modules
bluetooth:signingReport - Displays the signing info for the base and test modules
calendarview:signingReport - Displays the signing info for the base and test modules
camera:signingReport - Displays the signing info for the base and test modules
common:signingReport - Displays the signing info for the base and test modules
core-device:signingReport - Displays the signing info for the base and test modules
core-device-setup:signingReport - Displays the signing info for the base and test modules
core-log:signingReport - Displays the signing info for the base and test modules
core-messaging:signingReport - Displays the signing info for the base and test modules
core-ui:signingReport - Displays the signing info for the base and test modules
core-util:signingReport - Displays the signing info for the base and test modules
crash-report-bugly:signingReport - Displays the signing info for the base and test modules
crash-report-core:signingReport - Displays the signing info for the base and test modules
crash-report-firebase:signingReport - Displays the signing info for the base and test modules
domain:signingReport - Displays the signing info for the base and test modules
dsbridge:signingReport - Displays the signing info for the base and test modules
net:signingReport - Displays the signing info for the base and test modules
permissionx:signingReport - Displays the signing info for the base and test modules
player-feature-ipc:signingReport - Displays the signing info for the base and test modules
player-provider-airtc-android:signingReport - Displays the signing info for the base and test modules
player-provider-ugrtc-android:signingReport - Displays the signing info for the base and test modules
player-runtime-android:signingReport - Displays the signing info for the base and test modules
player-sdk-android:signingReport - Displays the signing info for the base and test modules
push-core:signingReport - Displays the signing info for the base and test modules
push-getui:signingReport - Displays the signing info for the base and test modules
push-google:signingReport - Displays the signing info for the base and test modules
push-honor:signingReport - Displays the signing info for the base and test modules
push-huawei:signingReport - Displays the signing info for the base and test modules
push-oppo:signingReport - Displays the signing info for the base and test modules
push-vivo:signingReport - Displays the signing info for the base and test modules
push-xiaomi:signingReport - Displays the signing info for the base and test modules
qrcode:signingReport - Displays the signing info for the base and test modules
repository:signingReport - Displays the signing info for the base and test modules
rn-platform:signingReport - Displays the signing info for the base and test modules

Build tasks
-----------
player-core:allMetadataJar - Assembles a jar archive containing the metadata for all Kotlin source sets.
player-core:androidSourcesJar - Assembles a jar archive containing the sources of target 'android'.
app:assemble - Assemble main outputs for all the variants.
base:assemble - Assemble main outputs for all the variants.
bluetooth:assemble - Assemble main outputs for all the variants.
calendarview:assemble - Assemble main outputs for all the variants.
camera:assemble - Assemble main outputs for all the variants.
common:assemble - Assemble main outputs for all the variants.
core-device:assemble - Assemble main outputs for all the variants.
core-device-setup:assemble - Assemble main outputs for all the variants.
core-log:assemble - Assemble main outputs for all the variants.
core-messaging:assemble - Assemble main outputs for all the variants.
core-ui:assemble - Assemble main outputs for all the variants.
core-ui:lint:assemble - Assembles the outputs of this project.
core-util:assemble - Assemble main outputs for all the variants.
crash-report-bugly:assemble - Assemble main outputs for all the variants.
crash-report-core:assemble - Assemble main outputs for all the variants.
crash-report-firebase:assemble - Assemble main outputs for all the variants.
domain:assemble - Assemble main outputs for all the variants.
dsbridge:assemble - Assemble main outputs for all the variants.
net:assemble - Assemble main outputs for all the variants.
permissionx:assemble - Assemble main outputs for all the variants.
player-core:assemble - Assembles the outputs of this project.
player-feature-ipc:assemble - Assemble main outputs for all the variants.
player-provider-airtc-android:assemble - Assemble main outputs for all the variants.
player-provider-ugrtc-android:assemble - Assemble main outputs for all the variants.
player-runtime-android:assemble - Assemble main outputs for all the variants.
player-sdk-android:assemble - Assemble main outputs for all the variants.
push-core:assemble - Assemble main outputs for all the variants.
push-getui:assemble - Assemble main outputs for all the variants.
push-google:assemble - Assemble main outputs for all the variants.
push-honor:assemble - Assemble main outputs for all the variants.
push-huawei:assemble - Assemble main outputs for all the variants.
push-oppo:assemble - Assemble main outputs for all the variants.
push-vivo:assemble - Assemble main outputs for all the variants.
push-xiaomi:assemble - Assemble main outputs for all the variants.
qrcode:assemble - Assemble main outputs for all the variants.
repository:assemble - Assemble main outputs for all the variants.
rn-platform:assemble - Assemble main outputs for all the variants.
app:assembleAndroidTest - Assembles all the Test applications.
base:assembleAndroidTest - Assembles all the Test applications.
bluetooth:assembleAndroidTest - Assembles all the Test applications.
calendarview:assembleAndroidTest - Assembles all the Test applications.
camera:assembleAndroidTest - Assembles all the Test applications.
common:assembleAndroidTest - Assembles all the Test applications.
core-device:assembleAndroidTest - Assembles all the Test applications.
core-device-setup:assembleAndroidTest - Assembles all the Test applications.
core-log:assembleAndroidTest - Assembles all the Test applications.
core-messaging:assembleAndroidTest - Assembles all the Test applications.
core-ui:assembleAndroidTest - Assembles all the Test applications.
core-util:assembleAndroidTest - Assembles all the Test applications.
crash-report-bugly:assembleAndroidTest - Assembles all the Test applications.
crash-report-core:assembleAndroidTest - Assembles all the Test applications.
crash-report-firebase:assembleAndroidTest - Assembles all the Test applications.
domain:assembleAndroidTest - Assembles all the Test applications.
dsbridge:assembleAndroidTest - Assembles all the Test applications.
net:assembleAndroidTest - Assembles all the Test applications.
permissionx:assembleAndroidTest - Assembles all the Test applications.
player-core:assembleAndroidTest - Assembles all the Test applications.
player-feature-ipc:assembleAndroidTest - Assembles all the Test applications.
player-provider-airtc-android:assembleAndroidTest - Assembles all the Test applications.
player-provider-ugrtc-android:assembleAndroidTest - Assembles all the Test applications.
player-runtime-android:assembleAndroidTest - Assembles all the Test applications.
player-sdk-android:assembleAndroidTest - Assembles all the Test applications.
push-core:assembleAndroidTest - Assembles all the Test applications.
push-getui:assembleAndroidTest - Assembles all the Test applications.
push-google:assembleAndroidTest - Assembles all the Test applications.
push-honor:assembleAndroidTest - Assembles all the Test applications.
push-huawei:assembleAndroidTest - Assembles all the Test applications.
push-oppo:assembleAndroidTest - Assembles all the Test applications.
push-vivo:assembleAndroidTest - Assembles all the Test applications.
push-xiaomi:assembleAndroidTest - Assembles all the Test applications.
qrcode:assembleAndroidTest - Assembles all the Test applications.
repository:assembleAndroidTest - Assembles all the Test applications.
rn-platform:assembleAndroidTest - Assembles all the Test applications.
app:assembleBeta - Assembles main outputs for all Beta variants.
app:assembleDebug - Assembles main outputs for all Debug variants.
app:assembleDomestic - Assembles main outputs for all Domestic variants.
app:assembleDomesticTest - 兼容别名：组装 Domestic test 包
app:assembleOverseas - Assembles main outputs for all Overseas variants.
app:assembleOverseasTest - 兼容别名：组装 Overseas test 包
app:assembleRelease - Assembles main outputs for all Release variants.
app:assembleUat - Assembles main outputs for all Uat variants.
app:assembleUnitTest - Assembles all the unit test applications.
base:assembleUnitTest - Assembles all the unit test applications.
bluetooth:assembleUnitTest - Assembles all the unit test applications.
calendarview:assembleUnitTest - Assembles all the unit test applications.
camera:assembleUnitTest - Assembles all the unit test applications.
common:assembleUnitTest - Assembles all the unit test applications.
core-device:assembleUnitTest - Assembles all the unit test applications.
core-device-setup:assembleUnitTest - Assembles all the unit test applications.
core-log:assembleUnitTest - Assembles all the unit test applications.
core-messaging:assembleUnitTest - Assembles all the unit test applications.
core-ui:assembleUnitTest - Assembles all the unit test applications.
core-util:assembleUnitTest - Assembles all the unit test applications.
crash-report-bugly:assembleUnitTest - Assembles all the unit test applications.
crash-report-core:assembleUnitTest - Assembles all the unit test applications.
crash-report-firebase:assembleUnitTest - Assembles all the unit test applications.
domain:assembleUnitTest - Assembles all the unit test applications.
dsbridge:assembleUnitTest - Assembles all the unit test applications.
net:assembleUnitTest - Assembles all the unit test applications.
permissionx:assembleUnitTest - Assembles all the unit test applications.
player-core:assembleUnitTest - Assembles all the unit test applications.
player-feature-ipc:assembleUnitTest - Assembles all the unit test applications.
player-provider-airtc-android:assembleUnitTest - Assembles all the unit test applications.
player-provider-ugrtc-android:assembleUnitTest - Assembles all the unit test applications.
player-runtime-android:assembleUnitTest - Assembles all the unit test applications.
player-sdk-android:assembleUnitTest - Assembles all the unit test applications.
push-core:assembleUnitTest - Assembles all the unit test applications.
push-getui:assembleUnitTest - Assembles all the unit test applications.
push-google:assembleUnitTest - Assembles all the unit test applications.
push-honor:assembleUnitTest - Assembles all the unit test applications.
push-huawei:assembleUnitTest - Assembles all the unit test applications.
push-oppo:assembleUnitTest - Assembles all the unit test applications.
push-vivo:assembleUnitTest - Assembles all the unit test applications.
push-xiaomi:assembleUnitTest - Assembles all the unit test applications.
qrcode:assembleUnitTest - Assembles all the unit test applications.
repository:assembleUnitTest - Assembles all the unit test applications.
rn-platform:assembleUnitTest - Assembles all the unit test applications.
app:build - Assembles and tests this project.
base:build - Assembles and tests this project.
bluetooth:build - Assembles and tests this project.
calendarview:build - Assembles and tests this project.
camera:build - Assembles and tests this project.
common:build - Assembles and tests this project.
core-device:build - Assembles and tests this project.
core-device-setup:build - Assembles and tests this project.
core-log:build - Assembles and tests this project.
core-messaging:build - Assembles and tests this project.
core-ui:build - Assembles and tests this project.
core-ui:lint:build - Assembles and tests this project.
core-util:build - Assembles and tests this project.
crash-report-bugly:build - Assembles and tests this project.
crash-report-core:build - Assembles and tests this project.
crash-report-firebase:build - Assembles and tests this project.
domain:build - Assembles and tests this project.
dsbridge:build - Assembles and tests this project.
net:build - Assembles and tests this project.
permissionx:build - Assembles and tests this project.
player-core:build - Assembles and tests this project.
player-feature-ipc:build - Assembles and tests this project.
player-provider-airtc-android:build - Assembles and tests this project.
player-provider-ugrtc-android:build - Assembles and tests this project.
player-runtime-android:build - Assembles and tests this project.
player-sdk-android:build - Assembles and tests this project.
push-core:build - Assembles and tests this project.
push-getui:build - Assembles and tests this project.
push-google:build - Assembles and tests this project.
push-honor:build - Assembles and tests this project.
push-huawei:build - Assembles and tests this project.
push-oppo:build - Assembles and tests this project.
push-vivo:build - Assembles and tests this project.
push-xiaomi:build - Assembles and tests this project.
qrcode:build - Assembles and tests this project.
repository:build - Assembles and tests this project.
rn-platform:build - Assembles and tests this project.
app:buildDependents - Assembles and tests this project and all projects that depend on it.
base:buildDependents - Assembles and tests this project and all projects that depend on it.
bluetooth:buildDependents - Assembles and tests this project and all projects that depend on it.
calendarview:buildDependents - Assembles and tests this project and all projects that depend on it.
camera:buildDependents - Assembles and tests this project and all projects that depend on it.
common:buildDependents - Assembles and tests this project and all projects that depend on it.
core-device:buildDependents - Assembles and tests this project and all projects that depend on it.
core-device-setup:buildDependents - Assembles and tests this project and all projects that depend on it.
core-log:buildDependents - Assembles and tests this project and all projects that depend on it.
core-messaging:buildDependents - Assembles and tests this project and all projects that depend on it.
core-ui:buildDependents - Assembles and tests this project and all projects that depend on it.
core-ui:lint:buildDependents - Assembles and tests this project and all projects that depend on it.
core-util:buildDependents - Assembles and tests this project and all projects that depend on it.
crash-report-bugly:buildDependents - Assembles and tests this project and all projects that depend on it.
crash-report-core:buildDependents - Assembles and tests this project and all projects that depend on it.
crash-report-firebase:buildDependents - Assembles and tests this project and all projects that depend on it.
domain:buildDependents - Assembles and tests this project and all projects that depend on it.
dsbridge:buildDependents - Assembles and tests this project and all projects that depend on it.
net:buildDependents - Assembles and tests this project and all projects that depend on it.
permissionx:buildDependents - Assembles and tests this project and all projects that depend on it.
player-core:buildDependents - Assembles and tests this project and all projects that depend on it.
player-feature-ipc:buildDependents - Assembles and tests this project and all projects that depend on it.
player-provider-airtc-android:buildDependents - Assembles and tests this project and all projects that depend on it.
player-provider-ugrtc-android:buildDependents - Assembles and tests this project and all projects that depend on it.
player-runtime-android:buildDependents - Assembles and tests this project and all projects that depend on it.
player-sdk-android:buildDependents - Assembles and tests this project and all projects that depend on it.
push-core:buildDependents - Assembles and tests this project and all projects that depend on it.
push-getui:buildDependents - Assembles and tests this project and all projects that depend on it.
push-google:buildDependents - Assembles and tests this project and all projects that depend on it.
push-honor:buildDependents - Assembles and tests this project and all projects that depend on it.
push-huawei:buildDependents - Assembles and tests this project and all projects that depend on it.
push-oppo:buildDependents - Assembles and tests this project and all projects that depend on it.
push-vivo:buildDependents - Assembles and tests this project and all projects that depend on it.
push-xiaomi:buildDependents - Assembles and tests this project and all projects that depend on it.
qrcode:buildDependents - Assembles and tests this project and all projects that depend on it.
repository:buildDependents - Assembles and tests this project and all projects that depend on it.
rn-platform:buildDependents - Assembles and tests this project and all projects that depend on it.
core-ui:lint:buildKotlinToolingMetadata - Build metadata json file containing information about the used Kotlin tooling
player-core:buildKotlinToolingMetadata - Build metadata json file containing information about the used Kotlin tooling
app:buildNeeded - Assembles and tests this project and all projects it depends on.
base:buildNeeded - Assembles and tests this project and all projects it depends on.
bluetooth:buildNeeded - Assembles and tests this project and all projects it depends on.
calendarview:buildNeeded - Assembles and tests this project and all projects it depends on.
camera:buildNeeded - Assembles and tests this project and all projects it depends on.
common:buildNeeded - Assembles and tests this project and all projects it depends on.
core-device:buildNeeded - Assembles and tests this project and all projects it depends on.
core-device-setup:buildNeeded - Assembles and tests this project and all projects it depends on.
core-log:buildNeeded - Assembles and tests this project and all projects it depends on.
core-messaging:buildNeeded - Assembles and tests this project and all projects it depends on.
core-ui:buildNeeded - Assembles and tests this project and all projects it depends on.
core-ui:lint:buildNeeded - Assembles and tests this project and all projects it depends on.
core-util:buildNeeded - Assembles and tests this project and all projects it depends on.
crash-report-bugly:buildNeeded - Assembles and tests this project and all projects it depends on.
crash-report-core:buildNeeded - Assembles and tests this project and all projects it depends on.
crash-report-firebase:buildNeeded - Assembles and tests this project and all projects it depends on.
domain:buildNeeded - Assembles and tests this project and all projects it depends on.
dsbridge:buildNeeded - Assembles and tests this project and all projects it depends on.
net:buildNeeded - Assembles and tests this project and all projects it depends on.
permissionx:buildNeeded - Assembles and tests this project and all projects it depends on.
player-core:buildNeeded - Assembles and tests this project and all projects it depends on.
player-feature-ipc:buildNeeded - Assembles and tests this project and all projects it depends on.
player-provider-airtc-android:buildNeeded - Assembles and tests this project and all projects it depends on.
player-provider-ugrtc-android:buildNeeded - Assembles and tests this project and all projects it depends on.
player-runtime-android:buildNeeded - Assembles and tests this project and all projects it depends on.
player-sdk-android:buildNeeded - Assembles and tests this project and all projects it depends on.
push-core:buildNeeded - Assembles and tests this project and all projects it depends on.
push-getui:buildNeeded - Assembles and tests this project and all projects it depends on.
push-google:buildNeeded - Assembles and tests this project and all projects it depends on.
push-honor:buildNeeded - Assembles and tests this project and all projects it depends on.
push-huawei:buildNeeded - Assembles and tests this project and all projects it depends on.
push-oppo:buildNeeded - Assembles and tests this project and all projects it depends on.
push-vivo:buildNeeded - Assembles and tests this project and all projects it depends on.
push-xiaomi:buildNeeded - Assembles and tests this project and all projects it depends on.
qrcode:buildNeeded - Assembles and tests this project and all projects it depends on.
repository:buildNeeded - Assembles and tests this project and all projects it depends on.
rn-platform:buildNeeded - Assembles and tests this project and all projects it depends on.
app:bundle - Assemble bundles for all the variants.
app:bundleBeta - Assembles bundles for all Beta variants.
app:bundleDebug - Assembles bundles for all Debug variants.
app:bundleDomestic - Assembles bundles for all Domestic variants.
app:bundleDomesticTest - 兼容别名：打包 Domestic test AAB
app:bundleOverseas - Assembles bundles for all Overseas variants.
app:bundleOverseasTest - 兼容别名：打包 Overseas test AAB
app:bundleRelease - Assembles bundles for all Release variants.
app:bundleUat - Assembles bundles for all Uat variants.
core-ui:lint:classes - Assembles main classes.
app:clean - Deletes the build directory.
base:clean - Deletes the build directory.
bluetooth:clean - Deletes the build directory.
calendarview:clean - Deletes the build directory.
camera:clean - Deletes the build directory.
common:clean - Deletes the build directory.
core-device:clean - Deletes the build directory.
core-device-setup:clean - Deletes the build directory.
core-log:clean - Deletes the build directory.
core-messaging:clean - Deletes the build directory.
core-ui:clean - Deletes the build directory.
core-ui:lint:clean - Deletes the build directory.
core-util:clean - Deletes the build directory.
crash-report-bugly:clean - Deletes the build directory.
crash-report-core:clean - Deletes the build directory.
crash-report-firebase:clean - Deletes the build directory.
domain:clean - Deletes the build directory.
dsbridge:clean - Deletes the build directory.
net:clean - Deletes the build directory.
permissionx:clean - Deletes the build directory.
player-core:clean - Deletes the build directory.
player-feature-ipc:clean - Deletes the build directory.
player-provider-airtc-android:clean - Deletes the build directory.
player-provider-ugrtc-android:clean - Deletes the build directory.
player-runtime-android:clean - Deletes the build directory.
player-sdk-android:clean - Deletes the build directory.
push-core:clean - Deletes the build directory.
push-getui:clean - Deletes the build directory.
push-google:clean - Deletes the build directory.
push-honor:clean - Deletes the build directory.
push-huawei:clean - Deletes the build directory.
push-oppo:clean - Deletes the build directory.
push-vivo:clean - Deletes the build directory.
push-xiaomi:clean - Deletes the build directory.
qrcode:clean - Deletes the build directory.
repository:clean - Deletes the build directory.
rn-platform:clean - Deletes the build directory.
base:compileDebugAndroidTestSources
bluetooth:compileDebugAndroidTestSources
calendarview:compileDebugAndroidTestSources
camera:compileDebugAndroidTestSources
common:compileDebugAndroidTestSources
core-device:compileDebugAndroidTestSources
core-device-setup:compileDebugAndroidTestSources
core-log:compileDebugAndroidTestSources
core-messaging:compileDebugAndroidTestSources
core-ui:compileDebugAndroidTestSources
core-util:compileDebugAndroidTestSources
crash-report-bugly:compileDebugAndroidTestSources
crash-report-core:compileDebugAndroidTestSources
crash-report-firebase:compileDebugAndroidTestSources
domain:compileDebugAndroidTestSources
dsbridge:compileDebugAndroidTestSources
net:compileDebugAndroidTestSources
permissionx:compileDebugAndroidTestSources
player-feature-ipc:compileDebugAndroidTestSources
player-provider-airtc-android:compileDebugAndroidTestSources
player-provider-ugrtc-android:compileDebugAndroidTestSources
player-runtime-android:compileDebugAndroidTestSources
player-sdk-android:compileDebugAndroidTestSources
push-core:compileDebugAndroidTestSources
push-getui:compileDebugAndroidTestSources
push-google:compileDebugAndroidTestSources
push-honor:compileDebugAndroidTestSources
push-huawei:compileDebugAndroidTestSources
push-oppo:compileDebugAndroidTestSources
push-vivo:compileDebugAndroidTestSources
push-xiaomi:compileDebugAndroidTestSources
qrcode:compileDebugAndroidTestSources
repository:compileDebugAndroidTestSources
rn-platform:compileDebugAndroidTestSources
base:compileDebugSources
bluetooth:compileDebugSources
calendarview:compileDebugSources
camera:compileDebugSources
common:compileDebugSources
core-device:compileDebugSources
core-device-setup:compileDebugSources
core-log:compileDebugSources
core-messaging:compileDebugSources
core-ui:compileDebugSources
core-util:compileDebugSources
crash-report-bugly:compileDebugSources
crash-report-core:compileDebugSources
crash-report-firebase:compileDebugSources
domain:compileDebugSources
dsbridge:compileDebugSources
net:compileDebugSources
permissionx:compileDebugSources
player-feature-ipc:compileDebugSources
player-provider-airtc-android:compileDebugSources
player-provider-ugrtc-android:compileDebugSources
player-runtime-android:compileDebugSources
player-sdk-android:compileDebugSources
push-core:compileDebugSources
push-getui:compileDebugSources
push-google:compileDebugSources
push-honor:compileDebugSources
push-huawei:compileDebugSources
push-oppo:compileDebugSources
push-vivo:compileDebugSources
push-xiaomi:compileDebugSources
qrcode:compileDebugSources
repository:compileDebugSources
rn-platform:compileDebugSources
base:compileDebugUnitTestSources
bluetooth:compileDebugUnitTestSources
calendarview:compileDebugUnitTestSources
camera:compileDebugUnitTestSources
common:compileDebugUnitTestSources
core-device:compileDebugUnitTestSources
core-device-setup:compileDebugUnitTestSources
core-log:compileDebugUnitTestSources
core-messaging:compileDebugUnitTestSources
core-ui:compileDebugUnitTestSources
core-util:compileDebugUnitTestSources
crash-report-bugly:compileDebugUnitTestSources
crash-report-core:compileDebugUnitTestSources
crash-report-firebase:compileDebugUnitTestSources
domain:compileDebugUnitTestSources
dsbridge:compileDebugUnitTestSources
net:compileDebugUnitTestSources
permissionx:compileDebugUnitTestSources
player-feature-ipc:compileDebugUnitTestSources
player-provider-airtc-android:compileDebugUnitTestSources
player-provider-ugrtc-android:compileDebugUnitTestSources
player-runtime-android:compileDebugUnitTestSources
player-sdk-android:compileDebugUnitTestSources
push-core:compileDebugUnitTestSources
push-getui:compileDebugUnitTestSources
push-google:compileDebugUnitTestSources
push-honor:compileDebugUnitTestSources
push-huawei:compileDebugUnitTestSources
push-oppo:compileDebugUnitTestSources
push-vivo:compileDebugUnitTestSources
push-xiaomi:compileDebugUnitTestSources
qrcode:compileDebugUnitTestSources
repository:compileDebugUnitTestSources
rn-platform:compileDebugUnitTestSources
app:compileDomesticBetaSources
app:compileDomesticDebugAndroidTestSources
app:compileDomesticDebugSources
app:compileDomesticDebugUnitTestSources
app:compileDomesticReleaseSources
app:compileDomesticUatSources
app:compileOverseasBetaSources
app:compileOverseasDebugAndroidTestSources
app:compileOverseasDebugSources
app:compileOverseasDebugUnitTestSources
app:compileOverseasReleaseSources
app:compileOverseasUatSources
base:compileReleaseSources
bluetooth:compileReleaseSources
calendarview:compileReleaseSources
camera:compileReleaseSources
common:compileReleaseSources
core-device:compileReleaseSources
core-device-setup:compileReleaseSources
core-log:compileReleaseSources
core-messaging:compileReleaseSources
core-ui:compileReleaseSources
core-util:compileReleaseSources
crash-report-bugly:compileReleaseSources
crash-report-core:compileReleaseSources
crash-report-firebase:compileReleaseSources
domain:compileReleaseSources
dsbridge:compileReleaseSources
net:compileReleaseSources
permissionx:compileReleaseSources
player-feature-ipc:compileReleaseSources
player-provider-airtc-android:compileReleaseSources
player-provider-ugrtc-android:compileReleaseSources
player-runtime-android:compileReleaseSources
player-sdk-android:compileReleaseSources
push-core:compileReleaseSources
push-getui:compileReleaseSources
push-google:compileReleaseSources
push-honor:compileReleaseSources
push-huawei:compileReleaseSources
push-oppo:compileReleaseSources
push-vivo:compileReleaseSources
push-xiaomi:compileReleaseSources
qrcode:compileReleaseSources
repository:compileReleaseSources
rn-platform:compileReleaseSources
player-core:extractAndroidMainAnnotations - Extracts Android annotations for the androidMain variant into the archive file
base:extractDebugAnnotations - Extracts Android annotations for the debug variant into the archive file
bluetooth:extractDebugAnnotations - Extracts Android annotations for the debug variant into the archive file
calendarview:extractDebugAnnotations - Extracts Android annotations for the debug variant into the archive file
camera:extractDebugAnnotations - Extracts Android annotations for the debug variant into the archive file
common:extractDebugAnnotations - Extracts Android annotations for the debug variant into the archive file
core-device:extractDebugAnnotations - Extracts Android annotations for the debug variant into the archive file
core-device-setup:extractDebugAnnotations - Extracts Android annotations for the debug variant into the archive file
core-log:extractDebugAnnotations - Extracts Android annotations for the debug variant into the archive file
core-messaging:extractDebugAnnotations - Extracts Android annotations for the debug variant into the archive file
core-ui:extractDebugAnnotations - Extracts Android annotations for the debug variant into the archive file
core-util:extractDebugAnnotations - Extracts Android annotations for the debug variant into the archive file
crash-report-bugly:extractDebugAnnotations - Extracts Android annotations for the debug variant into the archive file
crash-report-core:extractDebugAnnotations - Extracts Android annotations for the debug variant into the archive file
crash-report-firebase:extractDebugAnnotations - Extracts Android annotations for the debug variant into the archive file
domain:extractDebugAnnotations - Extracts Android annotations for the debug variant into the archive file
dsbridge:extractDebugAnnotations - Extracts Android annotations for the debug variant into the archive file
net:extractDebugAnnotations - Extracts Android annotations for the debug variant into the archive file
permissionx:extractDebugAnnotations - Extracts Android annotations for the debug variant into the archive file
player-feature-ipc:extractDebugAnnotations - Extracts Android annotations for the debug variant into the archive file
player-provider-airtc-android:extractDebugAnnotations - Extracts Android annotations for the debug variant into the archive file
player-provider-ugrtc-android:extractDebugAnnotations - Extracts Android annotations for the debug variant into the archive file
player-runtime-android:extractDebugAnnotations - Extracts Android annotations for the debug variant into the archive file
player-sdk-android:extractDebugAnnotations - Extracts Android annotations for the debug variant into the archive file
push-core:extractDebugAnnotations - Extracts Android annotations for the debug variant into the archive file
push-getui:extractDebugAnnotations - Extracts Android annotations for the debug variant into the archive file
push-google:extractDebugAnnotations - Extracts Android annotations for the debug variant into the archive file
push-honor:extractDebugAnnotations - Extracts Android annotations for the debug variant into the archive file
push-huawei:extractDebugAnnotations - Extracts Android annotations for the debug variant into the archive file
push-oppo:extractDebugAnnotations - Extracts Android annotations for the debug variant into the archive file
push-vivo:extractDebugAnnotations - Extracts Android annotations for the debug variant into the archive file
push-xiaomi:extractDebugAnnotations - Extracts Android annotations for the debug variant into the archive file
qrcode:extractDebugAnnotations - Extracts Android annotations for the debug variant into the archive file
repository:extractDebugAnnotations - Extracts Android annotations for the debug variant into the archive file
rn-platform:extractDebugAnnotations - Extracts Android annotations for the debug variant into the archive file
base:extractReleaseAnnotations - Extracts Android annotations for the release variant into the archive file
bluetooth:extractReleaseAnnotations - Extracts Android annotations for the release variant into the archive file
calendarview:extractReleaseAnnotations - Extracts Android annotations for the release variant into the archive file
camera:extractReleaseAnnotations - Extracts Android annotations for the release variant into the archive file
common:extractReleaseAnnotations - Extracts Android annotations for the release variant into the archive file
core-device:extractReleaseAnnotations - Extracts Android annotations for the release variant into the archive file
core-device-setup:extractReleaseAnnotations - Extracts Android annotations for the release variant into the archive file
core-log:extractReleaseAnnotations - Extracts Android annotations for the release variant into the archive file
core-messaging:extractReleaseAnnotations - Extracts Android annotations for the release variant into the archive file
core-ui:extractReleaseAnnotations - Extracts Android annotations for the release variant into the archive file
core-util:extractReleaseAnnotations - Extracts Android annotations for the release variant into the archive file
crash-report-bugly:extractReleaseAnnotations - Extracts Android annotations for the release variant into the archive file
crash-report-core:extractReleaseAnnotations - Extracts Android annotations for the release variant into the archive file
crash-report-firebase:extractReleaseAnnotations - Extracts Android annotations for the release variant into the archive file
domain:extractReleaseAnnotations - Extracts Android annotations for the release variant into the archive file
dsbridge:extractReleaseAnnotations - Extracts Android annotations for the release variant into the archive file
net:extractReleaseAnnotations - Extracts Android annotations for the release variant into the archive file
permissionx:extractReleaseAnnotations - Extracts Android annotations for the release variant into the archive file
player-feature-ipc:extractReleaseAnnotations - Extracts Android annotations for the release variant into the archive file
player-provider-airtc-android:extractReleaseAnnotations - Extracts Android annotations for the release variant into the archive file
player-provider-ugrtc-android:extractReleaseAnnotations - Extracts Android annotations for the release variant into the archive file
player-runtime-android:extractReleaseAnnotations - Extracts Android annotations for the release variant into the archive file
player-sdk-android:extractReleaseAnnotations - Extracts Android annotations for the release variant into the archive file
push-core:extractReleaseAnnotations - Extracts Android annotations for the release variant into the archive file
push-getui:extractReleaseAnnotations - Extracts Android annotations for the release variant into the archive file
push-google:extractReleaseAnnotations - Extracts Android annotations for the release variant into the archive file
push-honor:extractReleaseAnnotations - Extracts Android annotations for the release variant into the archive file
push-huawei:extractReleaseAnnotations - Extracts Android annotations for the release variant into the archive file
push-oppo:extractReleaseAnnotations - Extracts Android annotations for the release variant into the archive file
push-vivo:extractReleaseAnnotations - Extracts Android annotations for the release variant into the archive file
push-xiaomi:extractReleaseAnnotations - Extracts Android annotations for the release variant into the archive file
qrcode:extractReleaseAnnotations - Extracts Android annotations for the release variant into the archive file
repository:extractReleaseAnnotations - Extracts Android annotations for the release variant into the archive file
rn-platform:extractReleaseAnnotations - Extracts Android annotations for the release variant into the archive file
core-ui:lint:jar - Assembles a jar archive containing the classes of the 'main' feature.
core-ui:lint:kotlinSourcesJar - Assembles a jar archive containing the sources of target 'kotlin'.
player-core:metadataMainClasses - Assembles outputs for compilation 'main' of target 'metadata'
player-core:metadataSourcesJar - Assembles a jar archive containing the sources of target 'metadata'.
player-core:sourcesJar - Assembles a jar archive containing the sources of target 'kotlin'.
core-ui:lint:testClasses - Assembles test classes.

Build Setup tasks
-----------------
init - Initializes a new Gradle build.
updateDaemonJvm - Generates or updates the Gradle Daemon JVM criteria.
wrapper - Generates Gradle wrapper files.

Design tasks
------------
convertColor - Convert Figma color JSON tokens to Android color XML resources
generateCareThemeTokens - Generate theme token attrs/themes from codebase references (after convertColor)

Documentation tasks
-------------------
core-ui:lint:javadoc - Generates Javadoc API documentation for the 'main' feature.

Firebase Crashlytics tasks
--------------------------
app:injectCrashlyticsMappingFileIdDomesticBeta - Generates and injects a mapping file id into the app, used by Crashlytics for deobfuscation.
app:injectCrashlyticsMappingFileIdDomesticDebug - Generates and injects a mapping file id into the app, used by Crashlytics for deobfuscation.
app:injectCrashlyticsMappingFileIdDomesticRelease - Generates and injects a mapping file id into the app, used by Crashlytics for deobfuscation.
app:injectCrashlyticsMappingFileIdDomesticUat - Generates and injects a mapping file id into the app, used by Crashlytics for deobfuscation.
app:injectCrashlyticsMappingFileIdOverseasBeta - Generates and injects a mapping file id into the app, used by Crashlytics for deobfuscation.
app:injectCrashlyticsMappingFileIdOverseasDebug - Generates and injects a mapping file id into the app, used by Crashlytics for deobfuscation.
app:injectCrashlyticsMappingFileIdOverseasRelease - Generates and injects a mapping file id into the app, used by Crashlytics for deobfuscation.
app:injectCrashlyticsMappingFileIdOverseasUat - Generates and injects a mapping file id into the app, used by Crashlytics for deobfuscation.
app:injectCrashlyticsVersionControlInfoDomesticBeta - Injects the version control info into the app. Used by App Quality Insights.
app:injectCrashlyticsVersionControlInfoDomesticDebug - Injects the version control info into the app. Used by App Quality Insights.
app:injectCrashlyticsVersionControlInfoDomesticRelease - Injects the version control info into the app. Used by App Quality Insights.
app:injectCrashlyticsVersionControlInfoDomesticUat - Injects the version control info into the app. Used by App Quality Insights.
app:injectCrashlyticsVersionControlInfoOverseasBeta - Injects the version control info into the app. Used by App Quality Insights.
app:injectCrashlyticsVersionControlInfoOverseasDebug - Injects the version control info into the app. Used by App Quality Insights.
app:injectCrashlyticsVersionControlInfoOverseasRelease - Injects the version control info into the app. Used by App Quality Insights.
app:injectCrashlyticsVersionControlInfoOverseasUat - Injects the version control info into the app. Used by App Quality Insights.

Help tasks
----------
artifactTransforms - Displays the Artifact Transforms that can be executed in root project 'UgreenHome'.
app:artifactTransforms - Displays the Artifact Transforms that can be executed in project ':app'.
base:artifactTransforms - Displays the Artifact Transforms that can be executed in project ':base'.
bluetooth:artifactTransforms - Displays the Artifact Transforms that can be executed in project ':bluetooth'.
calendarview:artifactTransforms - Displays the Artifact Transforms that can be executed in project ':calendarview'.
camera:artifactTransforms - Displays the Artifact Transforms that can be executed in project ':camera'.
common:artifactTransforms - Displays the Artifact Transforms that can be executed in project ':common'.
core-device:artifactTransforms - Displays the Artifact Transforms that can be executed in project ':core-device'.
core-device-setup:artifactTransforms - Displays the Artifact Transforms that can be executed in project ':core-device-setup'.
core-log:artifactTransforms - Displays the Artifact Transforms that can be executed in project ':core-log'.
core-messaging:artifactTransforms - Displays the Artifact Transforms that can be executed in project ':core-messaging'.
core-ui:artifactTransforms - Displays the Artifact Transforms that can be executed in project ':core-ui'.
core-ui:lint:artifactTransforms - Displays the Artifact Transforms that can be executed in project ':core-ui:lint'.
core-util:artifactTransforms - Displays the Artifact Transforms that can be executed in project ':core-util'.
crash-report-bugly:artifactTransforms - Displays the Artifact Transforms that can be executed in project ':crash-report-bugly'.
crash-report-core:artifactTransforms - Displays the Artifact Transforms that can be executed in project ':crash-report-core'.
crash-report-firebase:artifactTransforms - Displays the Artifact Transforms that can be executed in project ':crash-report-firebase'.
domain:artifactTransforms - Displays the Artifact Transforms that can be executed in project ':domain'.
dsbridge:artifactTransforms - Displays the Artifact Transforms that can be executed in project ':dsbridge'.
net:artifactTransforms - Displays the Artifact Transforms that can be executed in project ':net'.
permissionx:artifactTransforms - Displays the Artifact Transforms that can be executed in project ':permissionx'.
player-core:artifactTransforms - Displays the Artifact Transforms that can be executed in project ':player-core'.
player-feature-ipc:artifactTransforms - Displays the Artifact Transforms that can be executed in project ':player-feature-ipc'.
player-provider-airtc-android:artifactTransforms - Displays the Artifact Transforms that can be executed in project ':player-provider-airtc-android'.
player-provider-ugrtc-android:artifactTransforms - Displays the Artifact Transforms that can be executed in project ':player-provider-ugrtc-android'.
player-runtime-android:artifactTransforms - Displays the Artifact Transforms that can be executed in project ':player-runtime-android'.
player-sdk-android:artifactTransforms - Displays the Artifact Transforms that can be executed in project ':player-sdk-android'.
push-core:artifactTransforms - Displays the Artifact Transforms that can be executed in project ':push-core'.
push-getui:artifactTransforms - Displays the Artifact Transforms that can be executed in project ':push-getui'.
push-google:artifactTransforms - Displays the Artifact Transforms that can be executed in project ':push-google'.
push-honor:artifactTransforms - Displays the Artifact Transforms that can be executed in project ':push-honor'.
push-huawei:artifactTransforms - Displays the Artifact Transforms that can be executed in project ':push-huawei'.
push-oppo:artifactTransforms - Displays the Artifact Transforms that can be executed in project ':push-oppo'.
push-vivo:artifactTransforms - Displays the Artifact Transforms that can be executed in project ':push-vivo'.
push-xiaomi:artifactTransforms - Displays the Artifact Transforms that can be executed in project ':push-xiaomi'.
qrcode:artifactTransforms - Displays the Artifact Transforms that can be executed in project ':qrcode'.
repository:artifactTransforms - Displays the Artifact Transforms that can be executed in project ':repository'.
rn-platform:artifactTransforms - Displays the Artifact Transforms that can be executed in project ':rn-platform'.
buildEnvironment - Displays all buildscript dependencies declared in root project 'UgreenHome'.
app:buildEnvironment - Displays all buildscript dependencies declared in project ':app'.
base:buildEnvironment - Displays all buildscript dependencies declared in project ':base'.
bluetooth:buildEnvironment - Displays all buildscript dependencies declared in project ':bluetooth'.
calendarview:buildEnvironment - Displays all buildscript dependencies declared in project ':calendarview'.
camera:buildEnvironment - Displays all buildscript dependencies declared in project ':camera'.
common:buildEnvironment - Displays all buildscript dependencies declared in project ':common'.
core-device:buildEnvironment - Displays all buildscript dependencies declared in project ':core-device'.
core-device-setup:buildEnvironment - Displays all buildscript dependencies declared in project ':core-device-setup'.
core-log:buildEnvironment - Displays all buildscript dependencies declared in project ':core-log'.
core-messaging:buildEnvironment - Displays all buildscript dependencies declared in project ':core-messaging'.
core-ui:buildEnvironment - Displays all buildscript dependencies declared in project ':core-ui'.
core-ui:lint:buildEnvironment - Displays all buildscript dependencies declared in project ':core-ui:lint'.
core-util:buildEnvironment - Displays all buildscript dependencies declared in project ':core-util'.
crash-report-bugly:buildEnvironment - Displays all buildscript dependencies declared in project ':crash-report-bugly'.
crash-report-core:buildEnvironment - Displays all buildscript dependencies declared in project ':crash-report-core'.
crash-report-firebase:buildEnvironment - Displays all buildscript dependencies declared in project ':crash-report-firebase'.
domain:buildEnvironment - Displays all buildscript dependencies declared in project ':domain'.
dsbridge:buildEnvironment - Displays all buildscript dependencies declared in project ':dsbridge'.
net:buildEnvironment - Displays all buildscript dependencies declared in project ':net'.
permissionx:buildEnvironment - Displays all buildscript dependencies declared in project ':permissionx'.
player-core:buildEnvironment - Displays all buildscript dependencies declared in project ':player-core'.
player-feature-ipc:buildEnvironment - Displays all buildscript dependencies declared in project ':player-feature-ipc'.
player-provider-airtc-android:buildEnvironment - Displays all buildscript dependencies declared in project ':player-provider-airtc-android'.
player-provider-ugrtc-android:buildEnvironment - Displays all buildscript dependencies declared in project ':player-provider-ugrtc-android'.
player-runtime-android:buildEnvironment - Displays all buildscript dependencies declared in project ':player-runtime-android'.
player-sdk-android:buildEnvironment - Displays all buildscript dependencies declared in project ':player-sdk-android'.
push-core:buildEnvironment - Displays all buildscript dependencies declared in project ':push-core'.
push-getui:buildEnvironment - Displays all buildscript dependencies declared in project ':push-getui'.
push-google:buildEnvironment - Displays all buildscript dependencies declared in project ':push-google'.
push-honor:buildEnvironment - Displays all buildscript dependencies declared in project ':push-honor'.
push-huawei:buildEnvironment - Displays all buildscript dependencies declared in project ':push-huawei'.
push-oppo:buildEnvironment - Displays all buildscript dependencies declared in project ':push-oppo'.
push-vivo:buildEnvironment - Displays all buildscript dependencies declared in project ':push-vivo'.
push-xiaomi:buildEnvironment - Displays all buildscript dependencies declared in project ':push-xiaomi'.
qrcode:buildEnvironment - Displays all buildscript dependencies declared in project ':qrcode'.
repository:buildEnvironment - Displays all buildscript dependencies declared in project ':repository'.
rn-platform:buildEnvironment - Displays all buildscript dependencies declared in project ':rn-platform'.
dependencies - Displays all dependencies declared in root project 'UgreenHome'.
app:dependencies - Displays all dependencies declared in project ':app'.
base:dependencies - Displays all dependencies declared in project ':base'.
bluetooth:dependencies - Displays all dependencies declared in project ':bluetooth'.
calendarview:dependencies - Displays all dependencies declared in project ':calendarview'.
camera:dependencies - Displays all dependencies declared in project ':camera'.
common:dependencies - Displays all dependencies declared in project ':common'.
core-device:dependencies - Displays all dependencies declared in project ':core-device'.
core-device-setup:dependencies - Displays all dependencies declared in project ':core-device-setup'.
core-log:dependencies - Displays all dependencies declared in project ':core-log'.
core-messaging:dependencies - Displays all dependencies declared in project ':core-messaging'.
core-ui:dependencies - Displays all dependencies declared in project ':core-ui'.
core-ui:lint:dependencies - Displays all dependencies declared in project ':core-ui:lint'.
core-util:dependencies - Displays all dependencies declared in project ':core-util'.
crash-report-bugly:dependencies - Displays all dependencies declared in project ':crash-report-bugly'.
crash-report-core:dependencies - Displays all dependencies declared in project ':crash-report-core'.
crash-report-firebase:dependencies - Displays all dependencies declared in project ':crash-report-firebase'.
domain:dependencies - Displays all dependencies declared in project ':domain'.
dsbridge:dependencies - Displays all dependencies declared in project ':dsbridge'.
net:dependencies - Displays all dependencies declared in project ':net'.
permissionx:dependencies - Displays all dependencies declared in project ':permissionx'.
player-core:dependencies - Displays all dependencies declared in project ':player-core'.
player-feature-ipc:dependencies - Displays all dependencies declared in project ':player-feature-ipc'.
player-provider-airtc-android:dependencies - Displays all dependencies declared in project ':player-provider-airtc-android'.
player-provider-ugrtc-android:dependencies - Displays all dependencies declared in project ':player-provider-ugrtc-android'.
player-runtime-android:dependencies - Displays all dependencies declared in project ':player-runtime-android'.
player-sdk-android:dependencies - Displays all dependencies declared in project ':player-sdk-android'.
push-core:dependencies - Displays all dependencies declared in project ':push-core'.
push-getui:dependencies - Displays all dependencies declared in project ':push-getui'.
push-google:dependencies - Displays all dependencies declared in project ':push-google'.
push-honor:dependencies - Displays all dependencies declared in project ':push-honor'.
push-huawei:dependencies - Displays all dependencies declared in project ':push-huawei'.
push-oppo:dependencies - Displays all dependencies declared in project ':push-oppo'.
push-vivo:dependencies - Displays all dependencies declared in project ':push-vivo'.
push-xiaomi:dependencies - Displays all dependencies declared in project ':push-xiaomi'.
qrcode:dependencies - Displays all dependencies declared in project ':qrcode'.
repository:dependencies - Displays all dependencies declared in project ':repository'.
rn-platform:dependencies - Displays all dependencies declared in project ':rn-platform'.
dependencyInsight - Displays the insight into a specific dependency in root project 'UgreenHome'.
app:dependencyInsight - Displays the insight into a specific dependency in project ':app'.
base:dependencyInsight - Displays the insight into a specific dependency in project ':base'.
bluetooth:dependencyInsight - Displays the insight into a specific dependency in project ':bluetooth'.
calendarview:dependencyInsight - Displays the insight into a specific dependency in project ':calendarview'.
camera:dependencyInsight - Displays the insight into a specific dependency in project ':camera'.
common:dependencyInsight - Displays the insight into a specific dependency in project ':common'.
core-device:dependencyInsight - Displays the insight into a specific dependency in project ':core-device'.
core-device-setup:dependencyInsight - Displays the insight into a specific dependency in project ':core-device-setup'.
core-log:dependencyInsight - Displays the insight into a specific dependency in project ':core-log'.
core-messaging:dependencyInsight - Displays the insight into a specific dependency in project ':core-messaging'.
core-ui:dependencyInsight - Displays the insight into a specific dependency in project ':core-ui'.
core-ui:lint:dependencyInsight - Displays the insight into a specific dependency in project ':core-ui:lint'.
core-util:dependencyInsight - Displays the insight into a specific dependency in project ':core-util'.
crash-report-bugly:dependencyInsight - Displays the insight into a specific dependency in project ':crash-report-bugly'.
crash-report-core:dependencyInsight - Displays the insight into a specific dependency in project ':crash-report-core'.
crash-report-firebase:dependencyInsight - Displays the insight into a specific dependency in project ':crash-report-firebase'.
domain:dependencyInsight - Displays the insight into a specific dependency in project ':domain'.
dsbridge:dependencyInsight - Displays the insight into a specific dependency in project ':dsbridge'.
net:dependencyInsight - Displays the insight into a specific dependency in project ':net'.
permissionx:dependencyInsight - Displays the insight into a specific dependency in project ':permissionx'.
player-core:dependencyInsight - Displays the insight into a specific dependency in project ':player-core'.
player-feature-ipc:dependencyInsight - Displays the insight into a specific dependency in project ':player-feature-ipc'.
player-provider-airtc-android:dependencyInsight - Displays the insight into a specific dependency in project ':player-provider-airtc-android'.
player-provider-ugrtc-android:dependencyInsight - Displays the insight into a specific dependency in project ':player-provider-ugrtc-android'.
player-runtime-android:dependencyInsight - Displays the insight into a specific dependency in project ':player-runtime-android'.
player-sdk-android:dependencyInsight - Displays the insight into a specific dependency in project ':player-sdk-android'.
push-core:dependencyInsight - Displays the insight into a specific dependency in project ':push-core'.
push-getui:dependencyInsight - Displays the insight into a specific dependency in project ':push-getui'.
push-google:dependencyInsight - Displays the insight into a specific dependency in project ':push-google'.
push-honor:dependencyInsight - Displays the insight into a specific dependency in project ':push-honor'.
push-huawei:dependencyInsight - Displays the insight into a specific dependency in project ':push-huawei'.
push-oppo:dependencyInsight - Displays the insight into a specific dependency in project ':push-oppo'.
push-vivo:dependencyInsight - Displays the insight into a specific dependency in project ':push-vivo'.
push-xiaomi:dependencyInsight - Displays the insight into a specific dependency in project ':push-xiaomi'.
qrcode:dependencyInsight - Displays the insight into a specific dependency in project ':qrcode'.
repository:dependencyInsight - Displays the insight into a specific dependency in project ':repository'.
rn-platform:dependencyInsight - Displays the insight into a specific dependency in project ':rn-platform'.
help - Displays a help message.
app:help - Displays a help message.
base:help - Displays a help message.
bluetooth:help - Displays a help message.
calendarview:help - Displays a help message.
camera:help - Displays a help message.
common:help - Displays a help message.
core-device:help - Displays a help message.
core-device-setup:help - Displays a help message.
core-log:help - Displays a help message.
core-messaging:help - Displays a help message.
core-ui:help - Displays a help message.
core-ui:lint:help - Displays a help message.
core-util:help - Displays a help message.
crash-report-bugly:help - Displays a help message.
crash-report-core:help - Displays a help message.
crash-report-firebase:help - Displays a help message.
domain:help - Displays a help message.
dsbridge:help - Displays a help message.
net:help - Displays a help message.
permissionx:help - Displays a help message.
player-core:help - Displays a help message.
player-feature-ipc:help - Displays a help message.
player-provider-airtc-android:help - Displays a help message.
player-provider-ugrtc-android:help - Displays a help message.
player-runtime-android:help - Displays a help message.
player-sdk-android:help - Displays a help message.
push-core:help - Displays a help message.
push-getui:help - Displays a help message.
push-google:help - Displays a help message.
push-honor:help - Displays a help message.
push-huawei:help - Displays a help message.
push-oppo:help - Displays a help message.
push-vivo:help - Displays a help message.
push-xiaomi:help - Displays a help message.
qrcode:help - Displays a help message.
repository:help - Displays a help message.
rn-platform:help - Displays a help message.
javaToolchains - Displays the detected java toolchains.
app:javaToolchains - Displays the detected java toolchains.
base:javaToolchains - Displays the detected java toolchains.
bluetooth:javaToolchains - Displays the detected java toolchains.
calendarview:javaToolchains - Displays the detected java toolchains.
camera:javaToolchains - Displays the detected java toolchains.
common:javaToolchains - Displays the detected java toolchains.
core-device:javaToolchains - Displays the detected java toolchains.
core-device-setup:javaToolchains - Displays the detected java toolchains.
core-log:javaToolchains - Displays the detected java toolchains.
core-messaging:javaToolchains - Displays the detected java toolchains.
core-ui:javaToolchains - Displays the detected java toolchains.
core-ui:lint:javaToolchains - Displays the detected java toolchains.
core-util:javaToolchains - Displays the detected java toolchains.
crash-report-bugly:javaToolchains - Displays the detected java toolchains.
crash-report-core:javaToolchains - Displays the detected java toolchains.
crash-report-firebase:javaToolchains - Displays the detected java toolchains.
domain:javaToolchains - Displays the detected java toolchains.
dsbridge:javaToolchains - Displays the detected java toolchains.
net:javaToolchains - Displays the detected java toolchains.
permissionx:javaToolchains - Displays the detected java toolchains.
player-core:javaToolchains - Displays the detected java toolchains.
player-feature-ipc:javaToolchains - Displays the detected java toolchains.
player-provider-airtc-android:javaToolchains - Displays the detected java toolchains.
player-provider-ugrtc-android:javaToolchains - Displays the detected java toolchains.
player-runtime-android:javaToolchains - Displays the detected java toolchains.
player-sdk-android:javaToolchains - Displays the detected java toolchains.
push-core:javaToolchains - Displays the detected java toolchains.
push-getui:javaToolchains - Displays the detected java toolchains.
push-google:javaToolchains - Displays the detected java toolchains.
push-honor:javaToolchains - Displays the detected java toolchains.
push-huawei:javaToolchains - Displays the detected java toolchains.
push-oppo:javaToolchains - Displays the detected java toolchains.
push-vivo:javaToolchains - Displays the detected java toolchains.
push-xiaomi:javaToolchains - Displays the detected java toolchains.
qrcode:javaToolchains - Displays the detected java toolchains.
repository:javaToolchains - Displays the detected java toolchains.
rn-platform:javaToolchains - Displays the detected java toolchains.
camera:kotlinDslAccessorsReport - Prints the Kotlin code for accessing the currently available project extensions.
permissionx:kotlinDslAccessorsReport - Prints the Kotlin code for accessing the currently available project extensions.
player-core:kotlinDslAccessorsReport - Prints the Kotlin code for accessing the currently available project extensions.
outgoingVariants - Displays the outgoing variants of root project 'UgreenHome'.
app:outgoingVariants - Displays the outgoing variants of project ':app'.
base:outgoingVariants - Displays the outgoing variants of project ':base'.
bluetooth:outgoingVariants - Displays the outgoing variants of project ':bluetooth'.
calendarview:outgoingVariants - Displays the outgoing variants of project ':calendarview'.
camera:outgoingVariants - Displays the outgoing variants of project ':camera'.
common:outgoingVariants - Displays the outgoing variants of project ':common'.
core-device:outgoingVariants - Displays the outgoing variants of project ':core-device'.
core-device-setup:outgoingVariants - Displays the outgoing variants of project ':core-device-setup'.
core-log:outgoingVariants - Displays the outgoing variants of project ':core-log'.
core-messaging:outgoingVariants - Displays the outgoing variants of project ':core-messaging'.
core-ui:outgoingVariants - Displays the outgoing variants of project ':core-ui'.
core-ui:lint:outgoingVariants - Displays the outgoing variants of project ':core-ui:lint'.
core-util:outgoingVariants - Displays the outgoing variants of project ':core-util'.
crash-report-bugly:outgoingVariants - Displays the outgoing variants of project ':crash-report-bugly'.
crash-report-core:outgoingVariants - Displays the outgoing variants of project ':crash-report-core'.
crash-report-firebase:outgoingVariants - Displays the outgoing variants of project ':crash-report-firebase'.
domain:outgoingVariants - Displays the outgoing variants of project ':domain'.
dsbridge:outgoingVariants - Displays the outgoing variants of project ':dsbridge'.
net:outgoingVariants - Displays the outgoing variants of project ':net'.
permissionx:outgoingVariants - Displays the outgoing variants of project ':permissionx'.
player-core:outgoingVariants - Displays the outgoing variants of project ':player-core'.
player-feature-ipc:outgoingVariants - Displays the outgoing variants of project ':player-feature-ipc'.
player-provider-airtc-android:outgoingVariants - Displays the outgoing variants of project ':player-provider-airtc-android'.
player-provider-ugrtc-android:outgoingVariants - Displays the outgoing variants of project ':player-provider-ugrtc-android'.
player-runtime-android:outgoingVariants - Displays the outgoing variants of project ':player-runtime-android'.
player-sdk-android:outgoingVariants - Displays the outgoing variants of project ':player-sdk-android'.
push-core:outgoingVariants - Displays the outgoing variants of project ':push-core'.
push-getui:outgoingVariants - Displays the outgoing variants of project ':push-getui'.
push-google:outgoingVariants - Displays the outgoing variants of project ':push-google'.
push-honor:outgoingVariants - Displays the outgoing variants of project ':push-honor'.
push-huawei:outgoingVariants - Displays the outgoing variants of project ':push-huawei'.
push-oppo:outgoingVariants - Displays the outgoing variants of project ':push-oppo'.
push-vivo:outgoingVariants - Displays the outgoing variants of project ':push-vivo'.
push-xiaomi:outgoingVariants - Displays the outgoing variants of project ':push-xiaomi'.
qrcode:outgoingVariants - Displays the outgoing variants of project ':qrcode'.
repository:outgoingVariants - Displays the outgoing variants of project ':repository'.
rn-platform:outgoingVariants - Displays the outgoing variants of project ':rn-platform'.
projects - Displays the sub-projects of root project 'UgreenHome'.
app:projects - Displays the sub-projects of project ':app'.
base:projects - Displays the sub-projects of project ':base'.
bluetooth:projects - Displays the sub-projects of project ':bluetooth'.
calendarview:projects - Displays the sub-projects of project ':calendarview'.
camera:projects - Displays the sub-projects of project ':camera'.
common:projects - Displays the sub-projects of project ':common'.
core-device:projects - Displays the sub-projects of project ':core-device'.
core-device-setup:projects - Displays the sub-projects of project ':core-device-setup'.
core-log:projects - Displays the sub-projects of project ':core-log'.
core-messaging:projects - Displays the sub-projects of project ':core-messaging'.
core-ui:projects - Displays the sub-projects of project ':core-ui'.
core-ui:lint:projects - Displays the sub-projects of project ':core-ui:lint'.
core-util:projects - Displays the sub-projects of project ':core-util'.
crash-report-bugly:projects - Displays the sub-projects of project ':crash-report-bugly'.
crash-report-core:projects - Displays the sub-projects of project ':crash-report-core'.
crash-report-firebase:projects - Displays the sub-projects of project ':crash-report-firebase'.
domain:projects - Displays the sub-projects of project ':domain'.
dsbridge:projects - Displays the sub-projects of project ':dsbridge'.
net:projects - Displays the sub-projects of project ':net'.
permissionx:projects - Displays the sub-projects of project ':permissionx'.
player-core:projects - Displays the sub-projects of project ':player-core'.
player-feature-ipc:projects - Displays the sub-projects of project ':player-feature-ipc'.
player-provider-airtc-android:projects - Displays the sub-projects of project ':player-provider-airtc-android'.
player-provider-ugrtc-android:projects - Displays the sub-projects of project ':player-provider-ugrtc-android'.
player-runtime-android:projects - Displays the sub-projects of project ':player-runtime-android'.
player-sdk-android:projects - Displays the sub-projects of project ':player-sdk-android'.
push-core:projects - Displays the sub-projects of project ':push-core'.
push-getui:projects - Displays the sub-projects of project ':push-getui'.
push-google:projects - Displays the sub-projects of project ':push-google'.
push-honor:projects - Displays the sub-projects of project ':push-honor'.
push-huawei:projects - Displays the sub-projects of project ':push-huawei'.
push-oppo:projects - Displays the sub-projects of project ':push-oppo'.
push-vivo:projects - Displays the sub-projects of project ':push-vivo'.
push-xiaomi:projects - Displays the sub-projects of project ':push-xiaomi'.
qrcode:projects - Displays the sub-projects of project ':qrcode'.
repository:projects - Displays the sub-projects of project ':repository'.
rn-platform:projects - Displays the sub-projects of project ':rn-platform'.
properties - Displays the properties of root project 'UgreenHome'.
app:properties - Displays the properties of project ':app'.
base:properties - Displays the properties of project ':base'.
bluetooth:properties - Displays the properties of project ':bluetooth'.
calendarview:properties - Displays the properties of project ':calendarview'.
camera:properties - Displays the properties of project ':camera'.
common:properties - Displays the properties of project ':common'.
core-device:properties - Displays the properties of project ':core-device'.
core-device-setup:properties - Displays the properties of project ':core-device-setup'.
core-log:properties - Displays the properties of project ':core-log'.
core-messaging:properties - Displays the properties of project ':core-messaging'.
core-ui:properties - Displays the properties of project ':core-ui'.
core-ui:lint:properties - Displays the properties of project ':core-ui:lint'.
core-util:properties - Displays the properties of project ':core-util'.
crash-report-bugly:properties - Displays the properties of project ':crash-report-bugly'.
crash-report-core:properties - Displays the properties of project ':crash-report-core'.
crash-report-firebase:properties - Displays the properties of project ':crash-report-firebase'.
domain:properties - Displays the properties of project ':domain'.
dsbridge:properties - Displays the properties of project ':dsbridge'.
net:properties - Displays the properties of project ':net'.
permissionx:properties - Displays the properties of project ':permissionx'.
player-core:properties - Displays the properties of project ':player-core'.
player-feature-ipc:properties - Displays the properties of project ':player-feature-ipc'.
player-provider-airtc-android:properties - Displays the properties of project ':player-provider-airtc-android'.
player-provider-ugrtc-android:properties - Displays the properties of project ':player-provider-ugrtc-android'.
player-runtime-android:properties - Displays the properties of project ':player-runtime-android'.
player-sdk-android:properties - Displays the properties of project ':player-sdk-android'.
push-core:properties - Displays the properties of project ':push-core'.
push-getui:properties - Displays the properties of project ':push-getui'.
push-google:properties - Displays the properties of project ':push-google'.
push-honor:properties - Displays the properties of project ':push-honor'.
push-huawei:properties - Displays the properties of project ':push-huawei'.
push-oppo:properties - Displays the properties of project ':push-oppo'.
push-vivo:properties - Displays the properties of project ':push-vivo'.
push-xiaomi:properties - Displays the properties of project ':push-xiaomi'.
qrcode:properties - Displays the properties of project ':qrcode'.
repository:properties - Displays the properties of project ':repository'.
rn-platform:properties - Displays the properties of project ':rn-platform'.
resolvableConfigurations - Displays the configurations that can be resolved in root project 'UgreenHome'.
app:resolvableConfigurations - Displays the configurations that can be resolved in project ':app'.
base:resolvableConfigurations - Displays the configurations that can be resolved in project ':base'.
bluetooth:resolvableConfigurations - Displays the configurations that can be resolved in project ':bluetooth'.
calendarview:resolvableConfigurations - Displays the configurations that can be resolved in project ':calendarview'.
camera:resolvableConfigurations - Displays the configurations that can be resolved in project ':camera'.
common:resolvableConfigurations - Displays the configurations that can be resolved in project ':common'.
core-device:resolvableConfigurations - Displays the configurations that can be resolved in project ':core-device'.
core-device-setup:resolvableConfigurations - Displays the configurations that can be resolved in project ':core-device-setup'.
core-log:resolvableConfigurations - Displays the configurations that can be resolved in project ':core-log'.
core-messaging:resolvableConfigurations - Displays the configurations that can be resolved in project ':core-messaging'.
core-ui:resolvableConfigurations - Displays the configurations that can be resolved in project ':core-ui'.
core-ui:lint:resolvableConfigurations - Displays the configurations that can be resolved in project ':core-ui:lint'.
core-util:resolvableConfigurations - Displays the configurations that can be resolved in project ':core-util'.
crash-report-bugly:resolvableConfigurations - Displays the configurations that can be resolved in project ':crash-report-bugly'.
crash-report-core:resolvableConfigurations - Displays the configurations that can be resolved in project ':crash-report-core'.
crash-report-firebase:resolvableConfigurations - Displays the configurations that can be resolved in project ':crash-report-firebase'.
domain:resolvableConfigurations - Displays the configurations that can be resolved in project ':domain'.
dsbridge:resolvableConfigurations - Displays the configurations that can be resolved in project ':dsbridge'.
net:resolvableConfigurations - Displays the configurations that can be resolved in project ':net'.
permissionx:resolvableConfigurations - Displays the configurations that can be resolved in project ':permissionx'.
player-core:resolvableConfigurations - Displays the configurations that can be resolved in project ':player-core'.
player-feature-ipc:resolvableConfigurations - Displays the configurations that can be resolved in project ':player-feature-ipc'.
player-provider-airtc-android:resolvableConfigurations - Displays the configurations that can be resolved in project ':player-provider-airtc-android'.
player-provider-ugrtc-android:resolvableConfigurations - Displays the configurations that can be resolved in project ':player-provider-ugrtc-android'.
player-runtime-android:resolvableConfigurations - Displays the configurations that can be resolved in project ':player-runtime-android'.
player-sdk-android:resolvableConfigurations - Displays the configurations that can be resolved in project ':player-sdk-android'.
push-core:resolvableConfigurations - Displays the configurations that can be resolved in project ':push-core'.
push-getui:resolvableConfigurations - Displays the configurations that can be resolved in project ':push-getui'.
push-google:resolvableConfigurations - Displays the configurations that can be resolved in project ':push-google'.
push-honor:resolvableConfigurations - Displays the configurations that can be resolved in project ':push-honor'.
push-huawei:resolvableConfigurations - Displays the configurations that can be resolved in project ':push-huawei'.
push-oppo:resolvableConfigurations - Displays the configurations that can be resolved in project ':push-oppo'.
push-vivo:resolvableConfigurations - Displays the configurations that can be resolved in project ':push-vivo'.
push-xiaomi:resolvableConfigurations - Displays the configurations that can be resolved in project ':push-xiaomi'.
qrcode:resolvableConfigurations - Displays the configurations that can be resolved in project ':qrcode'.
repository:resolvableConfigurations - Displays the configurations that can be resolved in project ':repository'.
rn-platform:resolvableConfigurations - Displays the configurations that can be resolved in project ':rn-platform'.
tasks - Displays the tasks runnable from root project 'UgreenHome' (some of the displayed tasks may belong to subprojects).
app:tasks - Displays the tasks runnable from project ':app'.
base:tasks - Displays the tasks runnable from project ':base'.
bluetooth:tasks - Displays the tasks runnable from project ':bluetooth'.
calendarview:tasks - Displays the tasks runnable from project ':calendarview'.
camera:tasks - Displays the tasks runnable from project ':camera'.
common:tasks - Displays the tasks runnable from project ':common'.
core-device:tasks - Displays the tasks runnable from project ':core-device'.
core-device-setup:tasks - Displays the tasks runnable from project ':core-device-setup'.
core-log:tasks - Displays the tasks runnable from project ':core-log'.
core-messaging:tasks - Displays the tasks runnable from project ':core-messaging'.
core-ui:tasks - Displays the tasks runnable from project ':core-ui' (some of the displayed tasks may belong to subprojects).
core-ui:lint:tasks - Displays the tasks runnable from project ':core-ui:lint'.
core-util:tasks - Displays the tasks runnable from project ':core-util'.
crash-report-bugly:tasks - Displays the tasks runnable from project ':crash-report-bugly'.
crash-report-core:tasks - Displays the tasks runnable from project ':crash-report-core'.
crash-report-firebase:tasks - Displays the tasks runnable from project ':crash-report-firebase'.
domain:tasks - Displays the tasks runnable from project ':domain'.
dsbridge:tasks - Displays the tasks runnable from project ':dsbridge'.
net:tasks - Displays the tasks runnable from project ':net'.
permissionx:tasks - Displays the tasks runnable from project ':permissionx'.
player-core:tasks - Displays the tasks runnable from project ':player-core'.
player-feature-ipc:tasks - Displays the tasks runnable from project ':player-feature-ipc'.
player-provider-airtc-android:tasks - Displays the tasks runnable from project ':player-provider-airtc-android'.
player-provider-ugrtc-android:tasks - Displays the tasks runnable from project ':player-provider-ugrtc-android'.
player-runtime-android:tasks - Displays the tasks runnable from project ':player-runtime-android'.
player-sdk-android:tasks - Displays the tasks runnable from project ':player-sdk-android'.
push-core:tasks - Displays the tasks runnable from project ':push-core'.
push-getui:tasks - Displays the tasks runnable from project ':push-getui'.
push-google:tasks - Displays the tasks runnable from project ':push-google'.
push-honor:tasks - Displays the tasks runnable from project ':push-honor'.
push-huawei:tasks - Displays the tasks runnable from project ':push-huawei'.
push-oppo:tasks - Displays the tasks runnable from project ':push-oppo'.
push-vivo:tasks - Displays the tasks runnable from project ':push-vivo'.
push-xiaomi:tasks - Displays the tasks runnable from project ':push-xiaomi'.
qrcode:tasks - Displays the tasks runnable from project ':qrcode'.
repository:tasks - Displays the tasks runnable from project ':repository'.
rn-platform:tasks - Displays the tasks runnable from project ':rn-platform'.

Ide tasks
---------
player-core:resolveIdeDependencies - Debugging/Diagnosing task that will resolve dependencies for the IDE

Install tasks
-------------
player-core:androidUninstallAll - Uninstall all applications.
base:installDebugAndroidTest - Installs the android (on device) tests for the Debug build.
bluetooth:installDebugAndroidTest - Installs the android (on device) tests for the Debug build.
calendarview:installDebugAndroidTest - Installs the android (on device) tests for the Debug build.
camera:installDebugAndroidTest - Installs the android (on device) tests for the Debug build.
common:installDebugAndroidTest - Installs the android (on device) tests for the Debug build.
core-device:installDebugAndroidTest - Installs the android (on device) tests for the Debug build.
core-device-setup:installDebugAndroidTest - Installs the android (on device) tests for the Debug build.
core-log:installDebugAndroidTest - Installs the android (on device) tests for the Debug build.
core-messaging:installDebugAndroidTest - Installs the android (on device) tests for the Debug build.
core-ui:installDebugAndroidTest - Installs the android (on device) tests for the Debug build.
core-util:installDebugAndroidTest - Installs the android (on device) tests for the Debug build.
crash-report-bugly:installDebugAndroidTest - Installs the android (on device) tests for the Debug build.
crash-report-core:installDebugAndroidTest - Installs the android (on device) tests for the Debug build.
crash-report-firebase:installDebugAndroidTest - Installs the android (on device) tests for the Debug build.
domain:installDebugAndroidTest - Installs the android (on device) tests for the Debug build.
dsbridge:installDebugAndroidTest - Installs the android (on device) tests for the Debug build.
net:installDebugAndroidTest - Installs the android (on device) tests for the Debug build.
permissionx:installDebugAndroidTest - Installs the android (on device) tests for the Debug build.
player-feature-ipc:installDebugAndroidTest - Installs the android (on device) tests for the Debug build.
player-provider-airtc-android:installDebugAndroidTest - Installs the android (on device) tests for the Debug build.
player-provider-ugrtc-android:installDebugAndroidTest - Installs the android (on device) tests for the Debug build.
player-runtime-android:installDebugAndroidTest - Installs the android (on device) tests for the Debug build.
player-sdk-android:installDebugAndroidTest - Installs the android (on device) tests for the Debug build.
push-core:installDebugAndroidTest - Installs the android (on device) tests for the Debug build.
push-getui:installDebugAndroidTest - Installs the android (on device) tests for the Debug build.
push-google:installDebugAndroidTest - Installs the android (on device) tests for the Debug build.
push-honor:installDebugAndroidTest - Installs the android (on device) tests for the Debug build.
push-huawei:installDebugAndroidTest - Installs the android (on device) tests for the Debug build.
push-oppo:installDebugAndroidTest - Installs the android (on device) tests for the Debug build.
push-vivo:installDebugAndroidTest - Installs the android (on device) tests for the Debug build.
push-xiaomi:installDebugAndroidTest - Installs the android (on device) tests for the Debug build.
qrcode:installDebugAndroidTest - Installs the android (on device) tests for the Debug build.
repository:installDebugAndroidTest - Installs the android (on device) tests for the Debug build.
rn-platform:installDebugAndroidTest - Installs the android (on device) tests for the Debug build.
app:uninstallAll - Uninstall all applications.
base:uninstallAll - Uninstall all applications.
bluetooth:uninstallAll - Uninstall all applications.
calendarview:uninstallAll - Uninstall all applications.
camera:uninstallAll - Uninstall all applications.
common:uninstallAll - Uninstall all applications.
core-device:uninstallAll - Uninstall all applications.
core-device-setup:uninstallAll - Uninstall all applications.
core-log:uninstallAll - Uninstall all applications.
core-messaging:uninstallAll - Uninstall all applications.
core-ui:uninstallAll - Uninstall all applications.
core-util:uninstallAll - Uninstall all applications.
crash-report-bugly:uninstallAll - Uninstall all applications.
crash-report-core:uninstallAll - Uninstall all applications.
crash-report-firebase:uninstallAll - Uninstall all applications.
domain:uninstallAll - Uninstall all applications.
dsbridge:uninstallAll - Uninstall all applications.
net:uninstallAll - Uninstall all applications.
permissionx:uninstallAll - Uninstall all applications.
player-feature-ipc:uninstallAll - Uninstall all applications.
player-provider-airtc-android:uninstallAll - Uninstall all applications.
player-provider-ugrtc-android:uninstallAll - Uninstall all applications.
player-runtime-android:uninstallAll - Uninstall all applications.
player-sdk-android:uninstallAll - Uninstall all applications.
push-core:uninstallAll - Uninstall all applications.
push-getui:uninstallAll - Uninstall all applications.
push-google:uninstallAll - Uninstall all applications.
push-honor:uninstallAll - Uninstall all applications.
push-huawei:uninstallAll - Uninstall all applications.
push-oppo:uninstallAll - Uninstall all applications.
push-vivo:uninstallAll - Uninstall all applications.
push-xiaomi:uninstallAll - Uninstall all applications.
qrcode:uninstallAll - Uninstall all applications.
repository:uninstallAll - Uninstall all applications.
rn-platform:uninstallAll - Uninstall all applications.
base:uninstallDebugAndroidTest - Uninstalls the android (on device) tests for the Debug build.
bluetooth:uninstallDebugAndroidTest - Uninstalls the android (on device) tests for the Debug build.
calendarview:uninstallDebugAndroidTest - Uninstalls the android (on device) tests for the Debug build.
camera:uninstallDebugAndroidTest - Uninstalls the android (on device) tests for the Debug build.
common:uninstallDebugAndroidTest - Uninstalls the android (on device) tests for the Debug build.
core-device:uninstallDebugAndroidTest - Uninstalls the android (on device) tests for the Debug build.
core-device-setup:uninstallDebugAndroidTest - Uninstalls the android (on device) tests for the Debug build.
core-log:uninstallDebugAndroidTest - Uninstalls the android (on device) tests for the Debug build.
core-messaging:uninstallDebugAndroidTest - Uninstalls the android (on device) tests for the Debug build.
core-ui:uninstallDebugAndroidTest - Uninstalls the android (on device) tests for the Debug build.
core-util:uninstallDebugAndroidTest - Uninstalls the android (on device) tests for the Debug build.
crash-report-bugly:uninstallDebugAndroidTest - Uninstalls the android (on device) tests for the Debug build.
crash-report-core:uninstallDebugAndroidTest - Uninstalls the android (on device) tests for the Debug build.
crash-report-firebase:uninstallDebugAndroidTest - Uninstalls the android (on device) tests for the Debug build.
domain:uninstallDebugAndroidTest - Uninstalls the android (on device) tests for the Debug build.
dsbridge:uninstallDebugAndroidTest - Uninstalls the android (on device) tests for the Debug build.
net:uninstallDebugAndroidTest - Uninstalls the android (on device) tests for the Debug build.
permissionx:uninstallDebugAndroidTest - Uninstalls the android (on device) tests for the Debug build.
player-feature-ipc:uninstallDebugAndroidTest - Uninstalls the android (on device) tests for the Debug build.
player-provider-airtc-android:uninstallDebugAndroidTest - Uninstalls the android (on device) tests for the Debug build.
player-provider-ugrtc-android:uninstallDebugAndroidTest - Uninstalls the android (on device) tests for the Debug build.
player-runtime-android:uninstallDebugAndroidTest - Uninstalls the android (on device) tests for the Debug build.
player-sdk-android:uninstallDebugAndroidTest - Uninstalls the android (on device) tests for the Debug build.
push-core:uninstallDebugAndroidTest - Uninstalls the android (on device) tests for the Debug build.
push-getui:uninstallDebugAndroidTest - Uninstalls the android (on device) tests for the Debug build.
push-google:uninstallDebugAndroidTest - Uninstalls the android (on device) tests for the Debug build.
push-honor:uninstallDebugAndroidTest - Uninstalls the android (on device) tests for the Debug build.
push-huawei:uninstallDebugAndroidTest - Uninstalls the android (on device) tests for the Debug build.
push-oppo:uninstallDebugAndroidTest - Uninstalls the android (on device) tests for the Debug build.
push-vivo:uninstallDebugAndroidTest - Uninstalls the android (on device) tests for the Debug build.
push-xiaomi:uninstallDebugAndroidTest - Uninstalls the android (on device) tests for the Debug build.
qrcode:uninstallDebugAndroidTest - Uninstalls the android (on device) tests for the Debug build.
repository:uninstallDebugAndroidTest - Uninstalls the android (on device) tests for the Debug build.
rn-platform:uninstallDebugAndroidTest - Uninstalls the android (on device) tests for the Debug build.
app:uninstallDomesticBeta - Uninstalls the Beta build for flavor Domestic.
app:uninstallDomesticDebug - Uninstalls the Debug build for flavor Domestic.
app:uninstallDomesticDebugAndroidTest - Uninstalls the android (on device) tests for the DomesticDebug build.
app:uninstallDomesticRelease - Uninstalls the Release build for flavor Domestic.
app:uninstallDomesticUat - Uninstalls the Uat build for flavor Domestic.
app:uninstallOverseasBeta - Uninstalls the Beta build for flavor Overseas.
app:uninstallOverseasDebug - Uninstalls the Debug build for flavor Overseas.
app:uninstallOverseasDebugAndroidTest - Uninstalls the android (on device) tests for the OverseasDebug build.
app:uninstallOverseasRelease - Uninstalls the Release build for flavor Overseas.
app:uninstallOverseasUat - Uninstalls the Uat build for flavor Overseas.

Publishing tasks
----------------
permissionx:generateMetadataFileForMavenPublication - Generates the Gradle metadata file for publication 'maven'.
core-device-setup:generateMetadataFileForReleasePublication - Generates the Gradle metadata file for publication 'release'.
permissionx:generatePomFileForMavenPublication - Generates the Maven POM file for publication 'maven'.
core-device-setup:generatePomFileForReleasePublication - Generates the Maven POM file for publication 'release'.
core-device-setup:publish - Publishes all publications produced by this project.
permissionx:publish - Publishes all publications produced by this project.
permissionx:publishAllPublicationsToMavenCentralRepository - Publishes all Maven publications produced by this project to the mavenCentral repository.
core-device-setup:publishAllPublicationsToNexusRepository - Publishes all Maven publications produced by this project to the nexus repository.
permissionx:publishMavenPublicationToMavenCentralRepository - Publishes Maven publication 'maven' to Maven repository 'mavenCentral'.
permissionx:publishMavenPublicationToMavenLocal - Publishes Maven publication 'maven' to the local Maven repository.
core-device-setup:publishReleasePublicationToMavenLocal - Publishes Maven publication 'release' to the local Maven repository.
core-device-setup:publishReleasePublicationToNexusRepository - Publishes Maven publication 'release' to Maven repository 'nexus'.
core-device-setup:publishToMavenLocal - Publishes all Maven publications produced by this project to the local Maven cache.
permissionx:publishToMavenLocal - Publishes all Maven publications produced by this project to the local Maven cache.

Release tasks
-------------
permissionx:createStagingRepository - Create a staging repository on Sonatype OSS
permissionx:dropRepository - Drops a staging repository on Sonatype OSS
permissionx:publishAndReleaseToMavenCentral - Publishes to a staging repository on Sonatype OSS and releases it to MavenCentral
permissionx:publishToMavenCentral - Publishes to a staging repository on Sonatype OSS
permissionx:releaseRepository - Releases a staging repository on Sonatype OSS

Svg tasks
---------
convertSvg - Convert SVG files to Android VectorDrawable XML

Verification tasks
------------------
player-core:androidConnectedCheck - Runs all device checks on currently connected devices.
player-core:androidDeviceCheck - Runs all device checks using Device Providers and Test Servers.
app:check - Runs all checks.
base:check - Runs all checks.
bluetooth:check - Runs all checks.
calendarview:check - Runs all checks.
camera:check - Runs all checks.
common:check - Runs all checks.
core-device:check - Runs all checks.
core-device-setup:check - Runs all checks.
core-log:check - Runs all checks.
core-messaging:check - Runs all checks.
core-ui:check - Runs all checks.
core-ui:lint:check - Runs all checks.
core-util:check - Runs all checks.
crash-report-bugly:check - Runs all checks.
crash-report-core:check - Runs all checks.
crash-report-firebase:check - Runs all checks.
domain:check - Runs all checks.
dsbridge:check - Runs all checks.
net:check - Runs all checks.
permissionx:check - Runs all checks.
player-core:check - Runs all checks.
player-feature-ipc:check - Runs all checks.
player-provider-airtc-android:check - Runs all checks.
player-provider-ugrtc-android:check - Runs all checks.
player-runtime-android:check - Runs all checks.
player-sdk-android:check - Runs all checks.
push-core:check - Runs all checks.
push-getui:check - Runs all checks.
push-google:check - Runs all checks.
push-honor:check - Runs all checks.
push-huawei:check - Runs all checks.
push-oppo:check - Runs all checks.
push-vivo:check - Runs all checks.
push-xiaomi:check - Runs all checks.
qrcode:check - Runs all checks.
repository:check - Runs all checks.
rn-platform:check - Runs all checks.
base:checkBaseNoReverseDependency - 禁止 :base 模块反向依赖 :app（import com.ugreen.home.*）
app:checkJetifier - Checks whether Jetifier is needed for the current project
base:checkJetifier - Checks whether Jetifier is needed for the current project
bluetooth:checkJetifier - Checks whether Jetifier is needed for the current project
calendarview:checkJetifier - Checks whether Jetifier is needed for the current project
camera:checkJetifier - Checks whether Jetifier is needed for the current project
common:checkJetifier - Checks whether Jetifier is needed for the current project
core-device:checkJetifier - Checks whether Jetifier is needed for the current project
core-device-setup:checkJetifier - Checks whether Jetifier is needed for the current project
core-log:checkJetifier - Checks whether Jetifier is needed for the current project
core-messaging:checkJetifier - Checks whether Jetifier is needed for the current project
core-ui:checkJetifier - Checks whether Jetifier is needed for the current project
core-util:checkJetifier - Checks whether Jetifier is needed for the current project
crash-report-bugly:checkJetifier - Checks whether Jetifier is needed for the current project
crash-report-core:checkJetifier - Checks whether Jetifier is needed for the current project
crash-report-firebase:checkJetifier - Checks whether Jetifier is needed for the current project
domain:checkJetifier - Checks whether Jetifier is needed for the current project
dsbridge:checkJetifier - Checks whether Jetifier is needed for the current project
net:checkJetifier - Checks whether Jetifier is needed for the current project
permissionx:checkJetifier - Checks whether Jetifier is needed for the current project
player-feature-ipc:checkJetifier - Checks whether Jetifier is needed for the current project
player-provider-airtc-android:checkJetifier - Checks whether Jetifier is needed for the current project
player-provider-ugrtc-android:checkJetifier - Checks whether Jetifier is needed for the current project
player-runtime-android:checkJetifier - Checks whether Jetifier is needed for the current project
player-sdk-android:checkJetifier - Checks whether Jetifier is needed for the current project
push-core:checkJetifier - Checks whether Jetifier is needed for the current project
push-getui:checkJetifier - Checks whether Jetifier is needed for the current project
push-google:checkJetifier - Checks whether Jetifier is needed for the current project
push-honor:checkJetifier - Checks whether Jetifier is needed for the current project
push-huawei:checkJetifier - Checks whether Jetifier is needed for the current project
push-oppo:checkJetifier - Checks whether Jetifier is needed for the current project
push-vivo:checkJetifier - Checks whether Jetifier is needed for the current project
push-xiaomi:checkJetifier - Checks whether Jetifier is needed for the current project
qrcode:checkJetifier - Checks whether Jetifier is needed for the current project
repository:checkJetifier - Checks whether Jetifier is needed for the current project
rn-platform:checkJetifier - Checks whether Jetifier is needed for the current project
core-ui:lint:checkKotlinGradlePluginConfigurationErrors - Checks that Kotlin Gradle Plugin hasn't reported project configuration errors, failing otherwise. This task always runs before compileKotlin* or similar tasks.
player-core:checkKotlinGradlePluginConfigurationErrors - Checks that Kotlin Gradle Plugin hasn't reported project configuration errors, failing otherwise. This task always runs before compileKotlin* or similar tasks.
rn-platform:checkRnPlatformNoAppDependency - 禁止 :rn-platform 反向依赖 :app 的具体实现
app:connectedAndroidTest - Installs and runs instrumentation tests for all flavors on connected devices.
base:connectedAndroidTest - Installs and runs instrumentation tests for all flavors on connected devices.
bluetooth:connectedAndroidTest - Installs and runs instrumentation tests for all flavors on connected devices.
calendarview:connectedAndroidTest - Installs and runs instrumentation tests for all flavors on connected devices.
camera:connectedAndroidTest - Installs and runs instrumentation tests for all flavors on connected devices.
common:connectedAndroidTest - Installs and runs instrumentation tests for all flavors on connected devices.
core-device:connectedAndroidTest - Installs and runs instrumentation tests for all flavors on connected devices.
core-device-setup:connectedAndroidTest - Installs and runs instrumentation tests for all flavors on connected devices.
core-log:connectedAndroidTest - Installs and runs instrumentation tests for all flavors on connected devices.
core-messaging:connectedAndroidTest - Installs and runs instrumentation tests for all flavors on connected devices.
core-ui:connectedAndroidTest - Installs and runs instrumentation tests for all flavors on connected devices.
core-util:connectedAndroidTest - Installs and runs instrumentation tests for all flavors on connected devices.
crash-report-bugly:connectedAndroidTest - Installs and runs instrumentation tests for all flavors on connected devices.
crash-report-core:connectedAndroidTest - Installs and runs instrumentation tests for all flavors on connected devices.
crash-report-firebase:connectedAndroidTest - Installs and runs instrumentation tests for all flavors on connected devices.
domain:connectedAndroidTest - Installs and runs instrumentation tests for all flavors on connected devices.
dsbridge:connectedAndroidTest - Installs and runs instrumentation tests for all flavors on connected devices.
net:connectedAndroidTest - Installs and runs instrumentation tests for all flavors on connected devices.
permissionx:connectedAndroidTest - Installs and runs instrumentation tests for all flavors on connected devices.
player-feature-ipc:connectedAndroidTest - Installs and runs instrumentation tests for all flavors on connected devices.
player-provider-airtc-android:connectedAndroidTest - Installs and runs instrumentation tests for all flavors on connected devices.
player-provider-ugrtc-android:connectedAndroidTest - Installs and runs instrumentation tests for all flavors on connected devices.
player-runtime-android:connectedAndroidTest - Installs and runs instrumentation tests for all flavors on connected devices.
player-sdk-android:connectedAndroidTest - Installs and runs instrumentation tests for all flavors on connected devices.
push-core:connectedAndroidTest - Installs and runs instrumentation tests for all flavors on connected devices.
push-getui:connectedAndroidTest - Installs and runs instrumentation tests for all flavors on connected devices.
push-google:connectedAndroidTest - Installs and runs instrumentation tests for all flavors on connected devices.
push-honor:connectedAndroidTest - Installs and runs instrumentation tests for all flavors on connected devices.
push-huawei:connectedAndroidTest - Installs and runs instrumentation tests for all flavors on connected devices.
push-oppo:connectedAndroidTest - Installs and runs instrumentation tests for all flavors on connected devices.
push-vivo:connectedAndroidTest - Installs and runs instrumentation tests for all flavors on connected devices.
push-xiaomi:connectedAndroidTest - Installs and runs instrumentation tests for all flavors on connected devices.
qrcode:connectedAndroidTest - Installs and runs instrumentation tests for all flavors on connected devices.
repository:connectedAndroidTest - Installs and runs instrumentation tests for all flavors on connected devices.
rn-platform:connectedAndroidTest - Installs and runs instrumentation tests for all flavors on connected devices.
app:connectedCheck - Runs all device checks on currently connected devices.
base:connectedCheck - Runs all device checks on currently connected devices.
bluetooth:connectedCheck - Runs all device checks on currently connected devices.
calendarview:connectedCheck - Runs all device checks on currently connected devices.
camera:connectedCheck - Runs all device checks on currently connected devices.
common:connectedCheck - Runs all device checks on currently connected devices.
core-device:connectedCheck - Runs all device checks on currently connected devices.
core-device-setup:connectedCheck - Runs all device checks on currently connected devices.
core-log:connectedCheck - Runs all device checks on currently connected devices.
core-messaging:connectedCheck - Runs all device checks on currently connected devices.
core-ui:connectedCheck - Runs all device checks on currently connected devices.
core-util:connectedCheck - Runs all device checks on currently connected devices.
crash-report-bugly:connectedCheck - Runs all device checks on currently connected devices.
crash-report-core:connectedCheck - Runs all device checks on currently connected devices.
crash-report-firebase:connectedCheck - Runs all device checks on currently connected devices.
domain:connectedCheck - Runs all device checks on currently connected devices.
dsbridge:connectedCheck - Runs all device checks on currently connected devices.
net:connectedCheck - Runs all device checks on currently connected devices.
permissionx:connectedCheck - Runs all device checks on currently connected devices.
player-feature-ipc:connectedCheck - Runs all device checks on currently connected devices.
player-provider-airtc-android:connectedCheck - Runs all device checks on currently connected devices.
player-provider-ugrtc-android:connectedCheck - Runs all device checks on currently connected devices.
player-runtime-android:connectedCheck - Runs all device checks on currently connected devices.
player-sdk-android:connectedCheck - Runs all device checks on currently connected devices.
push-core:connectedCheck - Runs all device checks on currently connected devices.
push-getui:connectedCheck - Runs all device checks on currently connected devices.
push-google:connectedCheck - Runs all device checks on currently connected devices.
push-honor:connectedCheck - Runs all device checks on currently connected devices.
push-huawei:connectedCheck - Runs all device checks on currently connected devices.
push-oppo:connectedCheck - Runs all device checks on currently connected devices.
push-vivo:connectedCheck - Runs all device checks on currently connected devices.
push-xiaomi:connectedCheck - Runs all device checks on currently connected devices.
qrcode:connectedCheck - Runs all device checks on currently connected devices.
repository:connectedCheck - Runs all device checks on currently connected devices.
rn-platform:connectedCheck - Runs all device checks on currently connected devices.
base:connectedDebugAndroidTest - Installs and runs the tests for debug on connected devices.
bluetooth:connectedDebugAndroidTest - Installs and runs the tests for debug on connected devices.
calendarview:connectedDebugAndroidTest - Installs and runs the tests for debug on connected devices.
camera:connectedDebugAndroidTest - Installs and runs the tests for debug on connected devices.
common:connectedDebugAndroidTest - Installs and runs the tests for debug on connected devices.
core-device:connectedDebugAndroidTest - Installs and runs the tests for debug on connected devices.
core-device-setup:connectedDebugAndroidTest - Installs and runs the tests for debug on connected devices.
core-log:connectedDebugAndroidTest - Installs and runs the tests for debug on connected devices.
core-messaging:connectedDebugAndroidTest - Installs and runs the tests for debug on connected devices.
core-ui:connectedDebugAndroidTest - Installs and runs the tests for debug on connected devices.
core-util:connectedDebugAndroidTest - Installs and runs the tests for debug on connected devices.
crash-report-bugly:connectedDebugAndroidTest - Installs and runs the tests for debug on connected devices.
crash-report-core:connectedDebugAndroidTest - Installs and runs the tests for debug on connected devices.
crash-report-firebase:connectedDebugAndroidTest - Installs and runs the tests for debug on connected devices.
domain:connectedDebugAndroidTest - Installs and runs the tests for debug on connected devices.
dsbridge:connectedDebugAndroidTest - Installs and runs the tests for debug on connected devices.
net:connectedDebugAndroidTest - Installs and runs the tests for debug on connected devices.
permissionx:connectedDebugAndroidTest - Installs and runs the tests for debug on connected devices.
player-feature-ipc:connectedDebugAndroidTest - Installs and runs the tests for debug on connected devices.
player-provider-airtc-android:connectedDebugAndroidTest - Installs and runs the tests for debug on connected devices.
player-provider-ugrtc-android:connectedDebugAndroidTest - Installs and runs the tests for debug on connected devices.
player-runtime-android:connectedDebugAndroidTest - Installs and runs the tests for debug on connected devices.
player-sdk-android:connectedDebugAndroidTest - Installs and runs the tests for debug on connected devices.
push-core:connectedDebugAndroidTest - Installs and runs the tests for debug on connected devices.
push-getui:connectedDebugAndroidTest - Installs and runs the tests for debug on connected devices.
push-google:connectedDebugAndroidTest - Installs and runs the tests for debug on connected devices.
push-honor:connectedDebugAndroidTest - Installs and runs the tests for debug on connected devices.
push-huawei:connectedDebugAndroidTest - Installs and runs the tests for debug on connected devices.
push-oppo:connectedDebugAndroidTest - Installs and runs the tests for debug on connected devices.
push-vivo:connectedDebugAndroidTest - Installs and runs the tests for debug on connected devices.
push-xiaomi:connectedDebugAndroidTest - Installs and runs the tests for debug on connected devices.
qrcode:connectedDebugAndroidTest - Installs and runs the tests for debug on connected devices.
repository:connectedDebugAndroidTest - Installs and runs the tests for debug on connected devices.
rn-platform:connectedDebugAndroidTest - Installs and runs the tests for debug on connected devices.
app:connectedDomesticDebugAndroidTest - Installs and runs the tests for domesticDebug on connected devices.
app:connectedOverseasDebugAndroidTest - Installs and runs the tests for overseasDebug on connected devices.
app:deviceAndroidTest - Installs and runs instrumentation tests using all Device Providers.
base:deviceAndroidTest - Installs and runs instrumentation tests using all Device Providers.
bluetooth:deviceAndroidTest - Installs and runs instrumentation tests using all Device Providers.
calendarview:deviceAndroidTest - Installs and runs instrumentation tests using all Device Providers.
camera:deviceAndroidTest - Installs and runs instrumentation tests using all Device Providers.
common:deviceAndroidTest - Installs and runs instrumentation tests using all Device Providers.
core-device:deviceAndroidTest - Installs and runs instrumentation tests using all Device Providers.
core-device-setup:deviceAndroidTest - Installs and runs instrumentation tests using all Device Providers.
core-log:deviceAndroidTest - Installs and runs instrumentation tests using all Device Providers.
core-messaging:deviceAndroidTest - Installs and runs instrumentation tests using all Device Providers.
core-ui:deviceAndroidTest - Installs and runs instrumentation tests using all Device Providers.
core-util:deviceAndroidTest - Installs and runs instrumentation tests using all Device Providers.
crash-report-bugly:deviceAndroidTest - Installs and runs instrumentation tests using all Device Providers.
crash-report-core:deviceAndroidTest - Installs and runs instrumentation tests using all Device Providers.
crash-report-firebase:deviceAndroidTest - Installs and runs instrumentation tests using all Device Providers.
domain:deviceAndroidTest - Installs and runs instrumentation tests using all Device Providers.
dsbridge:deviceAndroidTest - Installs and runs instrumentation tests using all Device Providers.
net:deviceAndroidTest - Installs and runs instrumentation tests using all Device Providers.
permissionx:deviceAndroidTest - Installs and runs instrumentation tests using all Device Providers.
player-feature-ipc:deviceAndroidTest - Installs and runs instrumentation tests using all Device Providers.
player-provider-airtc-android:deviceAndroidTest - Installs and runs instrumentation tests using all Device Providers.
player-provider-ugrtc-android:deviceAndroidTest - Installs and runs instrumentation tests using all Device Providers.
player-runtime-android:deviceAndroidTest - Installs and runs instrumentation tests using all Device Providers.
player-sdk-android:deviceAndroidTest - Installs and runs instrumentation tests using all Device Providers.
push-core:deviceAndroidTest - Installs and runs instrumentation tests using all Device Providers.
push-getui:deviceAndroidTest - Installs and runs instrumentation tests using all Device Providers.
push-google:deviceAndroidTest - Installs and runs instrumentation tests using all Device Providers.
push-honor:deviceAndroidTest - Installs and runs instrumentation tests using all Device Providers.
push-huawei:deviceAndroidTest - Installs and runs instrumentation tests using all Device Providers.
push-oppo:deviceAndroidTest - Installs and runs instrumentation tests using all Device Providers.
push-vivo:deviceAndroidTest - Installs and runs instrumentation tests using all Device Providers.
push-xiaomi:deviceAndroidTest - Installs and runs instrumentation tests using all Device Providers.
qrcode:deviceAndroidTest - Installs and runs instrumentation tests using all Device Providers.
repository:deviceAndroidTest - Installs and runs instrumentation tests using all Device Providers.
rn-platform:deviceAndroidTest - Installs and runs instrumentation tests using all Device Providers.
app:deviceCheck - Runs all device checks using Device Providers and Test Servers.
base:deviceCheck - Runs all device checks using Device Providers and Test Servers.
bluetooth:deviceCheck - Runs all device checks using Device Providers and Test Servers.
calendarview:deviceCheck - Runs all device checks using Device Providers and Test Servers.
camera:deviceCheck - Runs all device checks using Device Providers and Test Servers.
common:deviceCheck - Runs all device checks using Device Providers and Test Servers.
core-device:deviceCheck - Runs all device checks using Device Providers and Test Servers.
core-device-setup:deviceCheck - Runs all device checks using Device Providers and Test Servers.
core-log:deviceCheck - Runs all device checks using Device Providers and Test Servers.
core-messaging:deviceCheck - Runs all device checks using Device Providers and Test Servers.
core-ui:deviceCheck - Runs all device checks using Device Providers and Test Servers.
core-util:deviceCheck - Runs all device checks using Device Providers and Test Servers.
crash-report-bugly:deviceCheck - Runs all device checks using Device Providers and Test Servers.
crash-report-core:deviceCheck - Runs all device checks using Device Providers and Test Servers.
crash-report-firebase:deviceCheck - Runs all device checks using Device Providers and Test Servers.
domain:deviceCheck - Runs all device checks using Device Providers and Test Servers.
dsbridge:deviceCheck - Runs all device checks using Device Providers and Test Servers.
net:deviceCheck - Runs all device checks using Device Providers and Test Servers.
permissionx:deviceCheck - Runs all device checks using Device Providers and Test Servers.
player-feature-ipc:deviceCheck - Runs all device checks using Device Providers and Test Servers.
player-provider-airtc-android:deviceCheck - Runs all device checks using Device Providers and Test Servers.
player-provider-ugrtc-android:deviceCheck - Runs all device checks using Device Providers and Test Servers.
player-runtime-android:deviceCheck - Runs all device checks using Device Providers and Test Servers.
player-sdk-android:deviceCheck - Runs all device checks using Device Providers and Test Servers.
push-core:deviceCheck - Runs all device checks using Device Providers and Test Servers.
push-getui:deviceCheck - Runs all device checks using Device Providers and Test Servers.
push-google:deviceCheck - Runs all device checks using Device Providers and Test Servers.
push-honor:deviceCheck - Runs all device checks using Device Providers and Test Servers.
push-huawei:deviceCheck - Runs all device checks using Device Providers and Test Servers.
push-oppo:deviceCheck - Runs all device checks using Device Providers and Test Servers.
push-vivo:deviceCheck - Runs all device checks using Device Providers and Test Servers.
push-xiaomi:deviceCheck - Runs all device checks using Device Providers and Test Servers.
qrcode:deviceCheck - Runs all device checks using Device Providers and Test Servers.
repository:deviceCheck - Runs all device checks using Device Providers and Test Servers.
rn-platform:deviceCheck - Runs all device checks using Device Providers and Test Servers.
app:lint - Runs lint on the default variant.
base:lint - Runs lint on the default variant.
bluetooth:lint - Runs lint on the default variant.
calendarview:lint - Runs lint on the default variant.
camera:lint - Runs lint on the default variant.
common:lint - Runs lint on the default variant.
core-device:lint - Runs lint on the default variant.
core-device-setup:lint - Runs lint on the default variant.
core-log:lint - Runs lint on the default variant.
core-messaging:lint - Runs lint on the default variant.
core-ui:lint - Runs lint on the default variant.
core-util:lint - Runs lint on the default variant.
crash-report-bugly:lint - Runs lint on the default variant.
crash-report-core:lint - Runs lint on the default variant.
crash-report-firebase:lint - Runs lint on the default variant.
domain:lint - Runs lint on the default variant.
dsbridge:lint - Runs lint on the default variant.
net:lint - Runs lint on the default variant.
permissionx:lint - Runs lint on the default variant.
player-feature-ipc:lint - Runs lint on the default variant.
player-provider-airtc-android:lint - Runs lint on the default variant.
player-provider-ugrtc-android:lint - Runs lint on the default variant.
player-runtime-android:lint - Runs lint on the default variant.
player-sdk-android:lint - Runs lint on the default variant.
push-core:lint - Runs lint on the default variant.
push-getui:lint - Runs lint on the default variant.
push-google:lint - Runs lint on the default variant.
push-honor:lint - Runs lint on the default variant.
push-huawei:lint - Runs lint on the default variant.
push-oppo:lint - Runs lint on the default variant.
push-vivo:lint - Runs lint on the default variant.
push-xiaomi:lint - Runs lint on the default variant.
qrcode:lint - Runs lint on the default variant.
repository:lint - Runs lint on the default variant.
rn-platform:lint - Runs lint on the default variant.
base:lintDebug - Print text output from the corresponding lint report task
bluetooth:lintDebug - Print text output from the corresponding lint report task
calendarview:lintDebug - Print text output from the corresponding lint report task
camera:lintDebug - Print text output from the corresponding lint report task
common:lintDebug - Print text output from the corresponding lint report task
core-device:lintDebug - Print text output from the corresponding lint report task
core-device-setup:lintDebug - Print text output from the corresponding lint report task
core-log:lintDebug - Print text output from the corresponding lint report task
core-messaging:lintDebug - Print text output from the corresponding lint report task
core-ui:lintDebug - Print text output from the corresponding lint report task
core-util:lintDebug - Print text output from the corresponding lint report task
crash-report-bugly:lintDebug - Print text output from the corresponding lint report task
crash-report-core:lintDebug - Print text output from the corresponding lint report task
crash-report-firebase:lintDebug - Print text output from the corresponding lint report task
domain:lintDebug - Print text output from the corresponding lint report task
dsbridge:lintDebug - Print text output from the corresponding lint report task
net:lintDebug - Print text output from the corresponding lint report task
permissionx:lintDebug - Print text output from the corresponding lint report task
player-feature-ipc:lintDebug - Print text output from the corresponding lint report task
player-provider-airtc-android:lintDebug - Print text output from the corresponding lint report task
player-provider-ugrtc-android:lintDebug - Print text output from the corresponding lint report task
player-runtime-android:lintDebug - Print text output from the corresponding lint report task
player-sdk-android:lintDebug - Print text output from the corresponding lint report task
push-core:lintDebug - Print text output from the corresponding lint report task
push-getui:lintDebug - Print text output from the corresponding lint report task
push-google:lintDebug - Print text output from the corresponding lint report task
push-honor:lintDebug - Print text output from the corresponding lint report task
push-huawei:lintDebug - Print text output from the corresponding lint report task
push-oppo:lintDebug - Print text output from the corresponding lint report task
push-vivo:lintDebug - Print text output from the corresponding lint report task
push-xiaomi:lintDebug - Print text output from the corresponding lint report task
qrcode:lintDebug - Print text output from the corresponding lint report task
repository:lintDebug - Print text output from the corresponding lint report task
rn-platform:lintDebug - Print text output from the corresponding lint report task
app:lintDomesticBeta - Print text output from the corresponding lint report task
app:lintDomesticDebug - Print text output from the corresponding lint report task
app:lintDomesticRelease - Print text output from the corresponding lint report task
app:lintDomesticUat - Print text output from the corresponding lint report task
app:lintFix - Runs lint on the default variant and applies any safe suggestions to the source code.
base:lintFix - Runs lint on the default variant and applies any safe suggestions to the source code.
bluetooth:lintFix - Runs lint on the default variant and applies any safe suggestions to the source code.
calendarview:lintFix - Runs lint on the default variant and applies any safe suggestions to the source code.
camera:lintFix - Runs lint on the default variant and applies any safe suggestions to the source code.
common:lintFix - Runs lint on the default variant and applies any safe suggestions to the source code.
core-device:lintFix - Runs lint on the default variant and applies any safe suggestions to the source code.
core-device-setup:lintFix - Runs lint on the default variant and applies any safe suggestions to the source code.
core-log:lintFix - Runs lint on the default variant and applies any safe suggestions to the source code.
core-messaging:lintFix - Runs lint on the default variant and applies any safe suggestions to the source code.
core-ui:lintFix - Runs lint on the default variant and applies any safe suggestions to the source code.
core-util:lintFix - Runs lint on the default variant and applies any safe suggestions to the source code.
crash-report-bugly:lintFix - Runs lint on the default variant and applies any safe suggestions to the source code.
crash-report-core:lintFix - Runs lint on the default variant and applies any safe suggestions to the source code.
crash-report-firebase:lintFix - Runs lint on the default variant and applies any safe suggestions to the source code.
domain:lintFix - Runs lint on the default variant and applies any safe suggestions to the source code.
dsbridge:lintFix - Runs lint on the default variant and applies any safe suggestions to the source code.
net:lintFix - Runs lint on the default variant and applies any safe suggestions to the source code.
permissionx:lintFix - Runs lint on the default variant and applies any safe suggestions to the source code.
player-feature-ipc:lintFix - Runs lint on the default variant and applies any safe suggestions to the source code.
player-provider-airtc-android:lintFix - Runs lint on the default variant and applies any safe suggestions to the source code.
player-provider-ugrtc-android:lintFix - Runs lint on the default variant and applies any safe suggestions to the source code.
player-runtime-android:lintFix - Runs lint on the default variant and applies any safe suggestions to the source code.
player-sdk-android:lintFix - Runs lint on the default variant and applies any safe suggestions to the source code.
push-core:lintFix - Runs lint on the default variant and applies any safe suggestions to the source code.
push-getui:lintFix - Runs lint on the default variant and applies any safe suggestions to the source code.
push-google:lintFix - Runs lint on the default variant and applies any safe suggestions to the source code.
push-honor:lintFix - Runs lint on the default variant and applies any safe suggestions to the source code.
push-huawei:lintFix - Runs lint on the default variant and applies any safe suggestions to the source code.
push-oppo:lintFix - Runs lint on the default variant and applies any safe suggestions to the source code.
push-vivo:lintFix - Runs lint on the default variant and applies any safe suggestions to the source code.
push-xiaomi:lintFix - Runs lint on the default variant and applies any safe suggestions to the source code.
qrcode:lintFix - Runs lint on the default variant and applies any safe suggestions to the source code.
repository:lintFix - Runs lint on the default variant and applies any safe suggestions to the source code.
rn-platform:lintFix - Runs lint on the default variant and applies any safe suggestions to the source code.
app:lintOverseasBeta - Print text output from the corresponding lint report task
app:lintOverseasDebug - Print text output from the corresponding lint report task
app:lintOverseasRelease - Print text output from the corresponding lint report task
app:lintOverseasUat - Print text output from the corresponding lint report task
base:lintRelease - Print text output from the corresponding lint report task
bluetooth:lintRelease - Print text output from the corresponding lint report task
calendarview:lintRelease - Print text output from the corresponding lint report task
camera:lintRelease - Print text output from the corresponding lint report task
common:lintRelease - Print text output from the corresponding lint report task
core-device:lintRelease - Print text output from the corresponding lint report task
core-device-setup:lintRelease - Print text output from the corresponding lint report task
core-log:lintRelease - Print text output from the corresponding lint report task
core-messaging:lintRelease - Print text output from the corresponding lint report task
core-ui:lintRelease - Print text output from the corresponding lint report task
core-util:lintRelease - Print text output from the corresponding lint report task
crash-report-bugly:lintRelease - Print text output from the corresponding lint report task
crash-report-core:lintRelease - Print text output from the corresponding lint report task
crash-report-firebase:lintRelease - Print text output from the corresponding lint report task
domain:lintRelease - Print text output from the corresponding lint report task
dsbridge:lintRelease - Print text output from the corresponding lint report task
net:lintRelease - Print text output from the corresponding lint report task
permissionx:lintRelease - Print text output from the corresponding lint report task
player-feature-ipc:lintRelease - Print text output from the corresponding lint report task
player-provider-airtc-android:lintRelease - Print text output from the corresponding lint report task
player-provider-ugrtc-android:lintRelease - Print text output from the corresponding lint report task
player-runtime-android:lintRelease - Print text output from the corresponding lint report task
player-sdk-android:lintRelease - Print text output from the corresponding lint report task
push-core:lintRelease - Print text output from the corresponding lint report task
push-getui:lintRelease - Print text output from the corresponding lint report task
push-google:lintRelease - Print text output from the corresponding lint report task
push-honor:lintRelease - Print text output from the corresponding lint report task
push-huawei:lintRelease - Print text output from the corresponding lint report task
push-oppo:lintRelease - Print text output from the corresponding lint report task
push-vivo:lintRelease - Print text output from the corresponding lint report task
push-xiaomi:lintRelease - Print text output from the corresponding lint report task
qrcode:lintRelease - Print text output from the corresponding lint report task
repository:lintRelease - Print text output from the corresponding lint report task
rn-platform:lintRelease - Print text output from the corresponding lint report task
app:test - Run unit tests for all variants.
base:test - Run unit tests for all variants.
bluetooth:test - Run unit tests for all variants.
calendarview:test - Run unit tests for all variants.
camera:test - Run unit tests for all variants.
common:test - Run unit tests for all variants.
core-device:test - Run unit tests for all variants.
core-device-setup:test - Run unit tests for all variants.
core-log:test - Run unit tests for all variants.
core-messaging:test - Run unit tests for all variants.
core-ui:test - Run unit tests for all variants.
core-ui:lint:test - Runs the test suite.
core-util:test - Run unit tests for all variants.
crash-report-bugly:test - Run unit tests for all variants.
crash-report-core:test - Run unit tests for all variants.
crash-report-firebase:test - Run unit tests for all variants.
domain:test - Run unit tests for all variants.
dsbridge:test - Run unit tests for all variants.
net:test - Run unit tests for all variants.
permissionx:test - Run unit tests for all variants.
player-feature-ipc:test - Run unit tests for all variants.
player-provider-airtc-android:test - Run unit tests for all variants.
player-provider-ugrtc-android:test - Run unit tests for all variants.
player-runtime-android:test - Run unit tests for all variants.
player-sdk-android:test - Run unit tests for all variants.
push-core:test - Run unit tests for all variants.
push-getui:test - Run unit tests for all variants.
push-google:test - Run unit tests for all variants.
push-honor:test - Run unit tests for all variants.
push-huawei:test - Run unit tests for all variants.
push-oppo:test - Run unit tests for all variants.
push-vivo:test - Run unit tests for all variants.
push-xiaomi:test - Run unit tests for all variants.
qrcode:test - Run unit tests for all variants.
repository:test - Run unit tests for all variants.
rn-platform:test - Run unit tests for all variants.
base:testDebugUnitTest - Run unit tests for the debug build.
bluetooth:testDebugUnitTest - Run unit tests for the debug build.
calendarview:testDebugUnitTest - Run unit tests for the debug build.
camera:testDebugUnitTest - Run unit tests for the debug build.
common:testDebugUnitTest - Run unit tests for the debug build.
core-device:testDebugUnitTest - Run unit tests for the debug build.
core-device-setup:testDebugUnitTest - Run unit tests for the debug build.
core-log:testDebugUnitTest - Run unit tests for the debug build.
core-messaging:testDebugUnitTest - Run unit tests for the debug build.
core-ui:testDebugUnitTest - Run unit tests for the debug build.
core-util:testDebugUnitTest - Run unit tests for the debug build.
crash-report-bugly:testDebugUnitTest - Run unit tests for the debug build.
crash-report-core:testDebugUnitTest - Run unit tests for the debug build.
crash-report-firebase:testDebugUnitTest - Run unit tests for the debug build.
domain:testDebugUnitTest - Run unit tests for the debug build.
dsbridge:testDebugUnitTest - Run unit tests for the debug build.
net:testDebugUnitTest - Run unit tests for the debug build.
permissionx:testDebugUnitTest - Run unit tests for the debug build.
player-feature-ipc:testDebugUnitTest - Run unit tests for the debug build.
player-provider-airtc-android:testDebugUnitTest - Run unit tests for the debug build.
player-provider-ugrtc-android:testDebugUnitTest - Run unit tests for the debug build.
player-runtime-android:testDebugUnitTest - Run unit tests for the debug build.
player-sdk-android:testDebugUnitTest - Run unit tests for the debug build.
push-core:testDebugUnitTest - Run unit tests for the debug build.
push-getui:testDebugUnitTest - Run unit tests for the debug build.
push-google:testDebugUnitTest - Run unit tests for the debug build.
push-honor:testDebugUnitTest - Run unit tests for the debug build.
push-huawei:testDebugUnitTest - Run unit tests for the debug build.
push-oppo:testDebugUnitTest - Run unit tests for the debug build.
push-vivo:testDebugUnitTest - Run unit tests for the debug build.
push-xiaomi:testDebugUnitTest - Run unit tests for the debug build.
qrcode:testDebugUnitTest - Run unit tests for the debug build.
repository:testDebugUnitTest - Run unit tests for the debug build.
rn-platform:testDebugUnitTest - Run unit tests for the debug build.
app:testDomesticDebugUnitTest - Run unit tests for the domesticDebug build.
app:testOverseasDebugUnitTest - Run unit tests for the overseasDebug build.
app:updateLintBaseline - Updates the lint baseline using the default variant.
base:updateLintBaseline - Updates the lint baseline using the default variant.
bluetooth:updateLintBaseline - Updates the lint baseline using the default variant.
calendarview:updateLintBaseline - Updates the lint baseline using the default variant.
camera:updateLintBaseline - Updates the lint baseline using the default variant.
common:updateLintBaseline - Updates the lint baseline using the default variant.
core-device:updateLintBaseline - Updates the lint baseline using the default variant.
core-device-setup:updateLintBaseline - Updates the lint baseline using the default variant.
core-log:updateLintBaseline - Updates the lint baseline using the default variant.
core-messaging:updateLintBaseline - Updates the lint baseline using the default variant.
core-ui:updateLintBaseline - Updates the lint baseline using the default variant.
core-util:updateLintBaseline - Updates the lint baseline using the default variant.
crash-report-bugly:updateLintBaseline - Updates the lint baseline using the default variant.
crash-report-core:updateLintBaseline - Updates the lint baseline using the default variant.
crash-report-firebase:updateLintBaseline - Updates the lint baseline using the default variant.
domain:updateLintBaseline - Updates the lint baseline using the default variant.
dsbridge:updateLintBaseline - Updates the lint baseline using the default variant.
net:updateLintBaseline - Updates the lint baseline using the default variant.
permissionx:updateLintBaseline - Updates the lint baseline using the default variant.
player-feature-ipc:updateLintBaseline - Updates the lint baseline using the default variant.
player-provider-airtc-android:updateLintBaseline - Updates the lint baseline using the default variant.
player-provider-ugrtc-android:updateLintBaseline - Updates the lint baseline using the default variant.
player-runtime-android:updateLintBaseline - Updates the lint baseline using the default variant.
player-sdk-android:updateLintBaseline - Updates the lint baseline using the default variant.
push-core:updateLintBaseline - Updates the lint baseline using the default variant.
push-getui:updateLintBaseline - Updates the lint baseline using the default variant.
push-google:updateLintBaseline - Updates the lint baseline using the default variant.
push-honor:updateLintBaseline - Updates the lint baseline using the default variant.
push-huawei:updateLintBaseline - Updates the lint baseline using the default variant.
push-oppo:updateLintBaseline - Updates the lint baseline using the default variant.
push-vivo:updateLintBaseline - Updates the lint baseline using the default variant.
push-xiaomi:updateLintBaseline - Updates the lint baseline using the default variant.
qrcode:updateLintBaseline - Updates the lint baseline using the default variant.
repository:updateLintBaseline - Updates the lint baseline using the default variant.
rn-platform:updateLintBaseline - Updates the lint baseline using the default variant.
app:validateRnArtifacts - Validates packaged RN bundles using only the JDK; Node.js is not required.

Other tasks
-----------
base:analyzeDebugAndroidTestDependencies
bluetooth:analyzeDebugAndroidTestDependencies
calendarview:analyzeDebugAndroidTestDependencies
camera:analyzeDebugAndroidTestDependencies
common:analyzeDebugAndroidTestDependencies
core-device:analyzeDebugAndroidTestDependencies
core-device-setup:analyzeDebugAndroidTestDependencies
core-log:analyzeDebugAndroidTestDependencies
core-messaging:analyzeDebugAndroidTestDependencies
core-ui:analyzeDebugAndroidTestDependencies
core-util:analyzeDebugAndroidTestDependencies
crash-report-bugly:analyzeDebugAndroidTestDependencies
crash-report-core:analyzeDebugAndroidTestDependencies
crash-report-firebase:analyzeDebugAndroidTestDependencies
domain:analyzeDebugAndroidTestDependencies
dsbridge:analyzeDebugAndroidTestDependencies
net:analyzeDebugAndroidTestDependencies
permissionx:analyzeDebugAndroidTestDependencies
player-feature-ipc:analyzeDebugAndroidTestDependencies
player-provider-airtc-android:analyzeDebugAndroidTestDependencies
player-provider-ugrtc-android:analyzeDebugAndroidTestDependencies
player-runtime-android:analyzeDebugAndroidTestDependencies
player-sdk-android:analyzeDebugAndroidTestDependencies
push-core:analyzeDebugAndroidTestDependencies
push-getui:analyzeDebugAndroidTestDependencies
push-google:analyzeDebugAndroidTestDependencies
push-honor:analyzeDebugAndroidTestDependencies
push-huawei:analyzeDebugAndroidTestDependencies
push-oppo:analyzeDebugAndroidTestDependencies
push-vivo:analyzeDebugAndroidTestDependencies
push-xiaomi:analyzeDebugAndroidTestDependencies
qrcode:analyzeDebugAndroidTestDependencies
repository:analyzeDebugAndroidTestDependencies
rn-platform:analyzeDebugAndroidTestDependencies
base:analyzeDebugDependencies
bluetooth:analyzeDebugDependencies
calendarview:analyzeDebugDependencies
camera:analyzeDebugDependencies
common:analyzeDebugDependencies
core-device:analyzeDebugDependencies
core-device-setup:analyzeDebugDependencies
core-log:analyzeDebugDependencies
core-messaging:analyzeDebugDependencies
core-ui:analyzeDebugDependencies
core-util:analyzeDebugDependencies
crash-report-bugly:analyzeDebugDependencies
crash-report-core:analyzeDebugDependencies
crash-report-firebase:analyzeDebugDependencies
domain:analyzeDebugDependencies
dsbridge:analyzeDebugDependencies
net:analyzeDebugDependencies
permissionx:analyzeDebugDependencies
player-feature-ipc:analyzeDebugDependencies
player-provider-airtc-android:analyzeDebugDependencies
player-provider-ugrtc-android:analyzeDebugDependencies
player-runtime-android:analyzeDebugDependencies
player-sdk-android:analyzeDebugDependencies
push-core:analyzeDebugDependencies
push-getui:analyzeDebugDependencies
push-google:analyzeDebugDependencies
push-honor:analyzeDebugDependencies
push-huawei:analyzeDebugDependencies
push-oppo:analyzeDebugDependencies
push-vivo:analyzeDebugDependencies
push-xiaomi:analyzeDebugDependencies
qrcode:analyzeDebugDependencies
repository:analyzeDebugDependencies
rn-platform:analyzeDebugDependencies
base:analyzeDebugUnitTestDependencies
bluetooth:analyzeDebugUnitTestDependencies
calendarview:analyzeDebugUnitTestDependencies
camera:analyzeDebugUnitTestDependencies
common:analyzeDebugUnitTestDependencies
core-device:analyzeDebugUnitTestDependencies
core-device-setup:analyzeDebugUnitTestDependencies
core-log:analyzeDebugUnitTestDependencies
core-messaging:analyzeDebugUnitTestDependencies
core-ui:analyzeDebugUnitTestDependencies
core-util:analyzeDebugUnitTestDependencies
crash-report-bugly:analyzeDebugUnitTestDependencies
crash-report-core:analyzeDebugUnitTestDependencies
crash-report-firebase:analyzeDebugUnitTestDependencies
domain:analyzeDebugUnitTestDependencies
dsbridge:analyzeDebugUnitTestDependencies
net:analyzeDebugUnitTestDependencies
permissionx:analyzeDebugUnitTestDependencies
player-feature-ipc:analyzeDebugUnitTestDependencies
player-provider-airtc-android:analyzeDebugUnitTestDependencies
player-provider-ugrtc-android:analyzeDebugUnitTestDependencies
player-runtime-android:analyzeDebugUnitTestDependencies
player-sdk-android:analyzeDebugUnitTestDependencies
push-core:analyzeDebugUnitTestDependencies
push-getui:analyzeDebugUnitTestDependencies
push-google:analyzeDebugUnitTestDependencies
push-honor:analyzeDebugUnitTestDependencies
push-huawei:analyzeDebugUnitTestDependencies
push-oppo:analyzeDebugUnitTestDependencies
push-vivo:analyzeDebugUnitTestDependencies
push-xiaomi:analyzeDebugUnitTestDependencies
qrcode:analyzeDebugUnitTestDependencies
repository:analyzeDebugUnitTestDependencies
rn-platform:analyzeDebugUnitTestDependencies
app:analyzeDomesticBetaDependencies
app:analyzeDomesticDebugAndroidTestDependencies
app:analyzeDomesticDebugDependencies
app:analyzeDomesticDebugUnitTestDependencies
app:analyzeDomesticReleaseDependencies
app:analyzeDomesticUatDependencies
app:analyzeOverseasBetaDependencies
app:analyzeOverseasDebugAndroidTestDependencies
app:analyzeOverseasDebugDependencies
app:analyzeOverseasDebugUnitTestDependencies
app:analyzeOverseasReleaseDependencies
app:analyzeOverseasUatDependencies
base:analyzeReleaseDependencies
bluetooth:analyzeReleaseDependencies
calendarview:analyzeReleaseDependencies
camera:analyzeReleaseDependencies
common:analyzeReleaseDependencies
core-device:analyzeReleaseDependencies
core-device-setup:analyzeReleaseDependencies
core-log:analyzeReleaseDependencies
core-messaging:analyzeReleaseDependencies
core-ui:analyzeReleaseDependencies
core-util:analyzeReleaseDependencies
crash-report-bugly:analyzeReleaseDependencies
crash-report-core:analyzeReleaseDependencies
crash-report-firebase:analyzeReleaseDependencies
domain:analyzeReleaseDependencies
dsbridge:analyzeReleaseDependencies
net:analyzeReleaseDependencies
permissionx:analyzeReleaseDependencies
player-feature-ipc:analyzeReleaseDependencies
player-provider-airtc-android:analyzeReleaseDependencies
player-provider-ugrtc-android:analyzeReleaseDependencies
player-runtime-android:analyzeReleaseDependencies
player-sdk-android:analyzeReleaseDependencies
push-core:analyzeReleaseDependencies
push-getui:analyzeReleaseDependencies
push-google:analyzeReleaseDependencies
push-honor:analyzeReleaseDependencies
push-huawei:analyzeReleaseDependencies
push-oppo:analyzeReleaseDependencies
push-vivo:analyzeReleaseDependencies
push-xiaomi:analyzeReleaseDependencies
qrcode:analyzeReleaseDependencies
repository:analyzeReleaseDependencies
rn-platform:analyzeReleaseDependencies
player-core:androidCompileLintChecks
player-core:androidJar
player-core:androidPreBuild
player-core:assembleAndroidMain - Assembles main Android output for variant <androidMain>
base:assembleDebug - Assembles main output for variant debug
bluetooth:assembleDebug - Assembles main output for variant debug
calendarview:assembleDebug - Assembles main output for variant debug
camera:assembleDebug - Assembles main output for variant debug
common:assembleDebug - Assembles main output for variant debug
core-device:assembleDebug - Assembles main output for variant debug
core-device-setup:assembleDebug - Assembles main output for variant debug
core-log:assembleDebug - Assembles main output for variant debug
core-messaging:assembleDebug - Assembles main output for variant debug
core-ui:assembleDebug - Assembles main output for variant debug
core-util:assembleDebug - Assembles main output for variant debug
crash-report-bugly:assembleDebug - Assembles main output for variant debug
crash-report-core:assembleDebug - Assembles main output for variant debug
crash-report-firebase:assembleDebug - Assembles main output for variant debug
domain:assembleDebug - Assembles main output for variant debug
dsbridge:assembleDebug - Assembles main output for variant debug
net:assembleDebug - Assembles main output for variant debug
permissionx:assembleDebug - Assembles main output for variant debug
player-feature-ipc:assembleDebug - Assembles main output for variant debug
player-provider-airtc-android:assembleDebug - Assembles main output for variant debug
player-provider-ugrtc-android:assembleDebug - Assembles main output for variant debug
player-runtime-android:assembleDebug - Assembles main output for variant debug
player-sdk-android:assembleDebug - Assembles main output for variant debug
push-core:assembleDebug - Assembles main output for variant debug
push-getui:assembleDebug - Assembles main output for variant debug
push-google:assembleDebug - Assembles main output for variant debug
push-honor:assembleDebug - Assembles main output for variant debug
push-huawei:assembleDebug - Assembles main output for variant debug
push-oppo:assembleDebug - Assembles main output for variant debug
push-vivo:assembleDebug - Assembles main output for variant debug
push-xiaomi:assembleDebug - Assembles main output for variant debug
qrcode:assembleDebug - Assembles main output for variant debug
repository:assembleDebug - Assembles main output for variant debug
rn-platform:assembleDebug - Assembles main output for variant debug
base:assembleDebugAndroidTest - Assembles main output for variant debugAndroidTest
bluetooth:assembleDebugAndroidTest - Assembles main output for variant debugAndroidTest
calendarview:assembleDebugAndroidTest - Assembles main output for variant debugAndroidTest
camera:assembleDebugAndroidTest - Assembles main output for variant debugAndroidTest
common:assembleDebugAndroidTest - Assembles main output for variant debugAndroidTest
core-device:assembleDebugAndroidTest - Assembles main output for variant debugAndroidTest
core-device-setup:assembleDebugAndroidTest - Assembles main output for variant debugAndroidTest
core-log:assembleDebugAndroidTest - Assembles main output for variant debugAndroidTest
core-messaging:assembleDebugAndroidTest - Assembles main output for variant debugAndroidTest
core-ui:assembleDebugAndroidTest - Assembles main output for variant debugAndroidTest
core-util:assembleDebugAndroidTest - Assembles main output for variant debugAndroidTest
crash-report-bugly:assembleDebugAndroidTest - Assembles main output for variant debugAndroidTest
crash-report-core:assembleDebugAndroidTest - Assembles main output for variant debugAndroidTest
crash-report-firebase:assembleDebugAndroidTest - Assembles main output for variant debugAndroidTest
domain:assembleDebugAndroidTest - Assembles main output for variant debugAndroidTest
dsbridge:assembleDebugAndroidTest - Assembles main output for variant debugAndroidTest
net:assembleDebugAndroidTest - Assembles main output for variant debugAndroidTest
permissionx:assembleDebugAndroidTest - Assembles main output for variant debugAndroidTest
player-feature-ipc:assembleDebugAndroidTest - Assembles main output for variant debugAndroidTest
player-provider-airtc-android:assembleDebugAndroidTest - Assembles main output for variant debugAndroidTest
player-provider-ugrtc-android:assembleDebugAndroidTest - Assembles main output for variant debugAndroidTest
player-runtime-android:assembleDebugAndroidTest - Assembles main output for variant debugAndroidTest
player-sdk-android:assembleDebugAndroidTest - Assembles main output for variant debugAndroidTest
push-core:assembleDebugAndroidTest - Assembles main output for variant debugAndroidTest
push-getui:assembleDebugAndroidTest - Assembles main output for variant debugAndroidTest
push-google:assembleDebugAndroidTest - Assembles main output for variant debugAndroidTest
push-honor:assembleDebugAndroidTest - Assembles main output for variant debugAndroidTest
push-huawei:assembleDebugAndroidTest - Assembles main output for variant debugAndroidTest
push-oppo:assembleDebugAndroidTest - Assembles main output for variant debugAndroidTest
push-vivo:assembleDebugAndroidTest - Assembles main output for variant debugAndroidTest
push-xiaomi:assembleDebugAndroidTest - Assembles main output for variant debugAndroidTest
qrcode:assembleDebugAndroidTest - Assembles main output for variant debugAndroidTest
repository:assembleDebugAndroidTest - Assembles main output for variant debugAndroidTest
rn-platform:assembleDebugAndroidTest - Assembles main output for variant debugAndroidTest
base:assembleDebugUnitTest - Assembles main output for variant debugUnitTest
bluetooth:assembleDebugUnitTest - Assembles main output for variant debugUnitTest
calendarview:assembleDebugUnitTest - Assembles main output for variant debugUnitTest
camera:assembleDebugUnitTest - Assembles main output for variant debugUnitTest
common:assembleDebugUnitTest - Assembles main output for variant debugUnitTest
core-device:assembleDebugUnitTest - Assembles main output for variant debugUnitTest
core-device-setup:assembleDebugUnitTest - Assembles main output for variant debugUnitTest
core-log:assembleDebugUnitTest - Assembles main output for variant debugUnitTest
core-messaging:assembleDebugUnitTest - Assembles main output for variant debugUnitTest
core-ui:assembleDebugUnitTest - Assembles main output for variant debugUnitTest
core-util:assembleDebugUnitTest - Assembles main output for variant debugUnitTest
crash-report-bugly:assembleDebugUnitTest - Assembles main output for variant debugUnitTest
crash-report-core:assembleDebugUnitTest - Assembles main output for variant debugUnitTest
crash-report-firebase:assembleDebugUnitTest - Assembles main output for variant debugUnitTest
domain:assembleDebugUnitTest - Assembles main output for variant debugUnitTest
dsbridge:assembleDebugUnitTest - Assembles main output for variant debugUnitTest
net:assembleDebugUnitTest - Assembles main output for variant debugUnitTest
permissionx:assembleDebugUnitTest - Assembles main output for variant debugUnitTest
player-feature-ipc:assembleDebugUnitTest - Assembles main output for variant debugUnitTest
player-provider-airtc-android:assembleDebugUnitTest - Assembles main output for variant debugUnitTest
player-provider-ugrtc-android:assembleDebugUnitTest - Assembles main output for variant debugUnitTest
player-runtime-android:assembleDebugUnitTest - Assembles main output for variant debugUnitTest
player-sdk-android:assembleDebugUnitTest - Assembles main output for variant debugUnitTest
push-core:assembleDebugUnitTest - Assembles main output for variant debugUnitTest
push-getui:assembleDebugUnitTest - Assembles main output for variant debugUnitTest
push-google:assembleDebugUnitTest - Assembles main output for variant debugUnitTest
push-honor:assembleDebugUnitTest - Assembles main output for variant debugUnitTest
push-huawei:assembleDebugUnitTest - Assembles main output for variant debugUnitTest
push-oppo:assembleDebugUnitTest - Assembles main output for variant debugUnitTest
push-vivo:assembleDebugUnitTest - Assembles main output for variant debugUnitTest
push-xiaomi:assembleDebugUnitTest - Assembles main output for variant debugUnitTest
qrcode:assembleDebugUnitTest - Assembles main output for variant debugUnitTest
repository:assembleDebugUnitTest - Assembles main output for variant debugUnitTest
rn-platform:assembleDebugUnitTest - Assembles main output for variant debugUnitTest
app:assembleDomesticBeta - Assembles main output for variant domesticBeta
app:assembleDomesticDebug - Assembles main output for variant domesticDebug
app:assembleDomesticDebugAndroidTest - Assembles main output for variant domesticDebugAndroidTest
app:assembleDomesticDebugUnitTest - Assembles main output for variant domesticDebugUnitTest
app:assembleDomesticRelease - Assembles main output for variant domesticRelease
app:assembleDomesticUat - Assembles main output for variant domesticUat
app:assembleOverseasBeta - Assembles main output for variant overseasBeta
app:assembleOverseasDebug - Assembles main output for variant overseasDebug
app:assembleOverseasDebugAndroidTest - Assembles main output for variant overseasDebugAndroidTest
app:assembleOverseasDebugUnitTest - Assembles main output for variant overseasDebugUnitTest
app:assembleOverseasRelease - Assembles main output for variant overseasRelease
app:assembleOverseasUat - Assembles main output for variant overseasUat
base:assembleRelease - Assembles main output for variant release
bluetooth:assembleRelease - Assembles main output for variant release
calendarview:assembleRelease - Assembles main output for variant release
camera:assembleRelease - Assembles main output for variant release
common:assembleRelease - Assembles main output for variant release
core-device:assembleRelease - Assembles main output for variant release
core-device-setup:assembleRelease - Assembles main output for variant release
core-log:assembleRelease - Assembles main output for variant release
core-messaging:assembleRelease - Assembles main output for variant release
core-ui:assembleRelease - Assembles main output for variant release
core-util:assembleRelease - Assembles main output for variant release
crash-report-bugly:assembleRelease - Assembles main output for variant release
crash-report-core:assembleRelease - Assembles main output for variant release
crash-report-firebase:assembleRelease - Assembles main output for variant release
domain:assembleRelease - Assembles main output for variant release
dsbridge:assembleRelease - Assembles main output for variant release
net:assembleRelease - Assembles main output for variant release
permissionx:assembleRelease - Assembles main output for variant release
player-feature-ipc:assembleRelease - Assembles main output for variant release
player-provider-airtc-android:assembleRelease - Assembles main output for variant release
player-provider-ugrtc-android:assembleRelease - Assembles main output for variant release
player-runtime-android:assembleRelease - Assembles main output for variant release
player-sdk-android:assembleRelease - Assembles main output for variant release
push-core:assembleRelease - Assembles main output for variant release
push-getui:assembleRelease - Assembles main output for variant release
push-google:assembleRelease - Assembles main output for variant release
push-honor:assembleRelease - Assembles main output for variant release
push-huawei:assembleRelease - Assembles main output for variant release
push-oppo:assembleRelease - Assembles main output for variant release
push-vivo:assembleRelease - Assembles main output for variant release
push-xiaomi:assembleRelease - Assembles main output for variant release
qrcode:assembleRelease - Assembles main output for variant release
repository:assembleRelease - Assembles main output for variant release
rn-platform:assembleRelease - Assembles main output for variant release
player-runtime-android:buildCMakeDebug
player-runtime-android:buildCMakeDebug[arm64-v8a]
player-runtime-android:buildCMakeDebug[armeabi-v7a]
player-runtime-android:buildCMakeDebug[x86]
player-runtime-android:buildCMakeDebug[x86_64]
player-runtime-android:buildCMakeRelWithDebInfo
player-runtime-android:buildCMakeRelWithDebInfo[arm64-v8a]
player-runtime-android:buildCMakeRelWithDebInfo[armeabi-v7a]
player-runtime-android:buildCMakeRelWithDebInfo[x86]
player-runtime-android:buildCMakeRelWithDebInfo[x86_64]
app:buildDomesticBetaPreBundle
app:buildDomesticDebugPreBundle
app:buildDomesticReleasePreBundle
app:buildDomesticUatPreBundle
app:buildOverseasBetaPreBundle
app:buildOverseasDebugPreBundle
app:buildOverseasReleasePreBundle
app:buildOverseasUatPreBundle
player-core:bundleAndroidMainAar
player-core:bundleAndroidMainClassesToCompileJar
player-core:bundleAndroidMainClassesToRuntimeJar
player-core:bundleAndroidMainLocalLintAar
base:bundleDebugAar - Assembles a bundle containing the library in debug.
bluetooth:bundleDebugAar - Assembles a bundle containing the library in debug.
calendarview:bundleDebugAar - Assembles a bundle containing the library in debug.
camera:bundleDebugAar - Assembles a bundle containing the library in debug.
common:bundleDebugAar - Assembles a bundle containing the library in debug.
core-device:bundleDebugAar - Assembles a bundle containing the library in debug.
core-device-setup:bundleDebugAar - Assembles a bundle containing the library in debug.
core-log:bundleDebugAar - Assembles a bundle containing the library in debug.
core-messaging:bundleDebugAar - Assembles a bundle containing the library in debug.
core-ui:bundleDebugAar - Assembles a bundle containing the library in debug.
core-util:bundleDebugAar - Assembles a bundle containing the library in debug.
crash-report-bugly:bundleDebugAar - Assembles a bundle containing the library in debug.
crash-report-core:bundleDebugAar - Assembles a bundle containing the library in debug.
crash-report-firebase:bundleDebugAar - Assembles a bundle containing the library in debug.
domain:bundleDebugAar - Assembles a bundle containing the library in debug.
dsbridge:bundleDebugAar - Assembles a bundle containing the library in debug.
net:bundleDebugAar - Assembles a bundle containing the library in debug.
permissionx:bundleDebugAar - Assembles a bundle containing the library in debug.
player-feature-ipc:bundleDebugAar - Assembles a bundle containing the library in debug.
player-provider-airtc-android:bundleDebugAar - Assembles a bundle containing the library in debug.
player-provider-ugrtc-android:bundleDebugAar - Assembles a bundle containing the library in debug.
player-runtime-android:bundleDebugAar - Assembles a bundle containing the library in debug.
player-sdk-android:bundleDebugAar - Assembles a bundle containing the library in debug.
push-core:bundleDebugAar - Assembles a bundle containing the library in debug.
push-getui:bundleDebugAar - Assembles a bundle containing the library in debug.
push-google:bundleDebugAar - Assembles a bundle containing the library in debug.
push-honor:bundleDebugAar - Assembles a bundle containing the library in debug.
push-huawei:bundleDebugAar - Assembles a bundle containing the library in debug.
push-oppo:bundleDebugAar - Assembles a bundle containing the library in debug.
push-vivo:bundleDebugAar - Assembles a bundle containing the library in debug.
push-xiaomi:bundleDebugAar - Assembles a bundle containing the library in debug.
qrcode:bundleDebugAar - Assembles a bundle containing the library in debug.
repository:bundleDebugAar - Assembles a bundle containing the library in debug.
rn-platform:bundleDebugAar - Assembles a bundle containing the library in debug.
base:bundleDebugLocalLintAar - Assembles a bundle containing the library in debug.
bluetooth:bundleDebugLocalLintAar - Assembles a bundle containing the library in debug.
calendarview:bundleDebugLocalLintAar - Assembles a bundle containing the library in debug.
camera:bundleDebugLocalLintAar - Assembles a bundle containing the library in debug.
common:bundleDebugLocalLintAar - Assembles a bundle containing the library in debug.
core-device:bundleDebugLocalLintAar - Assembles a bundle containing the library in debug.
core-device-setup:bundleDebugLocalLintAar - Assembles a bundle containing the library in debug.
core-log:bundleDebugLocalLintAar - Assembles a bundle containing the library in debug.
core-messaging:bundleDebugLocalLintAar - Assembles a bundle containing the library in debug.
core-ui:bundleDebugLocalLintAar - Assembles a bundle containing the library in debug.
core-util:bundleDebugLocalLintAar - Assembles a bundle containing the library in debug.
crash-report-bugly:bundleDebugLocalLintAar - Assembles a bundle containing the library in debug.
crash-report-core:bundleDebugLocalLintAar - Assembles a bundle containing the library in debug.
crash-report-firebase:bundleDebugLocalLintAar - Assembles a bundle containing the library in debug.
domain:bundleDebugLocalLintAar - Assembles a bundle containing the library in debug.
dsbridge:bundleDebugLocalLintAar - Assembles a bundle containing the library in debug.
net:bundleDebugLocalLintAar - Assembles a bundle containing the library in debug.
permissionx:bundleDebugLocalLintAar - Assembles a bundle containing the library in debug.
player-feature-ipc:bundleDebugLocalLintAar - Assembles a bundle containing the library in debug.
player-provider-airtc-android:bundleDebugLocalLintAar - Assembles a bundle containing the library in debug.
player-provider-ugrtc-android:bundleDebugLocalLintAar - Assembles a bundle containing the library in debug.
player-runtime-android:bundleDebugLocalLintAar - Assembles a bundle containing the library in debug.
player-sdk-android:bundleDebugLocalLintAar - Assembles a bundle containing the library in debug.
push-core:bundleDebugLocalLintAar - Assembles a bundle containing the library in debug.
push-getui:bundleDebugLocalLintAar - Assembles a bundle containing the library in debug.
push-google:bundleDebugLocalLintAar - Assembles a bundle containing the library in debug.
push-honor:bundleDebugLocalLintAar - Assembles a bundle containing the library in debug.
push-huawei:bundleDebugLocalLintAar - Assembles a bundle containing the library in debug.
push-oppo:bundleDebugLocalLintAar - Assembles a bundle containing the library in debug.
push-vivo:bundleDebugLocalLintAar - Assembles a bundle containing the library in debug.
push-xiaomi:bundleDebugLocalLintAar - Assembles a bundle containing the library in debug.
qrcode:bundleDebugLocalLintAar - Assembles a bundle containing the library in debug.
repository:bundleDebugLocalLintAar - Assembles a bundle containing the library in debug.
rn-platform:bundleDebugLocalLintAar - Assembles a bundle containing the library in debug.
app:bundleDomesticBeta - Assembles bundle for variant domesticBeta
app:bundleDomesticBetaClassesToCompileJar
app:bundleDomesticBetaClassesToRuntimeJar
app:bundleDomesticBetaResources
app:bundleDomesticDebug - Assembles bundle for variant domesticDebug
app:bundleDomesticDebugClassesToCompileJar
app:bundleDomesticDebugClassesToRuntimeJar
app:bundleDomesticDebugResources
app:bundleDomesticRelease - Assembles bundle for variant domesticRelease
app:bundleDomesticReleaseClassesToCompileJar
app:bundleDomesticReleaseClassesToRuntimeJar
app:bundleDomesticReleaseResources
app:bundleDomesticUat - Assembles bundle for variant domesticUat
app:bundleDomesticUatClassesToCompileJar
app:bundleDomesticUatClassesToRuntimeJar
app:bundleDomesticUatResources
base:bundleLibCompileToJarDebug
bluetooth:bundleLibCompileToJarDebug
calendarview:bundleLibCompileToJarDebug
camera:bundleLibCompileToJarDebug
common:bundleLibCompileToJarDebug
core-device:bundleLibCompileToJarDebug
core-device-setup:bundleLibCompileToJarDebug
core-log:bundleLibCompileToJarDebug
core-messaging:bundleLibCompileToJarDebug
core-ui:bundleLibCompileToJarDebug
core-util:bundleLibCompileToJarDebug
crash-report-bugly:bundleLibCompileToJarDebug
crash-report-core:bundleLibCompileToJarDebug
crash-report-firebase:bundleLibCompileToJarDebug
domain:bundleLibCompileToJarDebug
dsbridge:bundleLibCompileToJarDebug
net:bundleLibCompileToJarDebug
permissionx:bundleLibCompileToJarDebug
player-feature-ipc:bundleLibCompileToJarDebug
player-provider-airtc-android:bundleLibCompileToJarDebug
player-provider-ugrtc-android:bundleLibCompileToJarDebug
player-runtime-android:bundleLibCompileToJarDebug
player-sdk-android:bundleLibCompileToJarDebug
push-core:bundleLibCompileToJarDebug
push-getui:bundleLibCompileToJarDebug
push-google:bundleLibCompileToJarDebug
push-honor:bundleLibCompileToJarDebug
push-huawei:bundleLibCompileToJarDebug
push-oppo:bundleLibCompileToJarDebug
push-vivo:bundleLibCompileToJarDebug
push-xiaomi:bundleLibCompileToJarDebug
qrcode:bundleLibCompileToJarDebug
repository:bundleLibCompileToJarDebug
rn-platform:bundleLibCompileToJarDebug
base:bundleLibCompileToJarRelease
bluetooth:bundleLibCompileToJarRelease
calendarview:bundleLibCompileToJarRelease
camera:bundleLibCompileToJarRelease
common:bundleLibCompileToJarRelease
core-device:bundleLibCompileToJarRelease
core-device-setup:bundleLibCompileToJarRelease
core-log:bundleLibCompileToJarRelease
core-messaging:bundleLibCompileToJarRelease
core-ui:bundleLibCompileToJarRelease
core-util:bundleLibCompileToJarRelease
crash-report-bugly:bundleLibCompileToJarRelease
crash-report-core:bundleLibCompileToJarRelease
crash-report-firebase:bundleLibCompileToJarRelease
domain:bundleLibCompileToJarRelease
dsbridge:bundleLibCompileToJarRelease
net:bundleLibCompileToJarRelease
permissionx:bundleLibCompileToJarRelease
player-feature-ipc:bundleLibCompileToJarRelease
player-provider-airtc-android:bundleLibCompileToJarRelease
player-provider-ugrtc-android:bundleLibCompileToJarRelease
player-runtime-android:bundleLibCompileToJarRelease
player-sdk-android:bundleLibCompileToJarRelease
push-core:bundleLibCompileToJarRelease
push-getui:bundleLibCompileToJarRelease
push-google:bundleLibCompileToJarRelease
push-honor:bundleLibCompileToJarRelease
push-huawei:bundleLibCompileToJarRelease
push-oppo:bundleLibCompileToJarRelease
push-vivo:bundleLibCompileToJarRelease
push-xiaomi:bundleLibCompileToJarRelease
qrcode:bundleLibCompileToJarRelease
repository:bundleLibCompileToJarRelease
rn-platform:bundleLibCompileToJarRelease
player-core:bundleLibRuntimeToDirAndroidMain
base:bundleLibRuntimeToDirDebug
bluetooth:bundleLibRuntimeToDirDebug
calendarview:bundleLibRuntimeToDirDebug
camera:bundleLibRuntimeToDirDebug
common:bundleLibRuntimeToDirDebug
core-device:bundleLibRuntimeToDirDebug
core-device-setup:bundleLibRuntimeToDirDebug
core-log:bundleLibRuntimeToDirDebug
core-messaging:bundleLibRuntimeToDirDebug
core-ui:bundleLibRuntimeToDirDebug
core-util:bundleLibRuntimeToDirDebug
crash-report-bugly:bundleLibRuntimeToDirDebug
crash-report-core:bundleLibRuntimeToDirDebug
crash-report-firebase:bundleLibRuntimeToDirDebug
domain:bundleLibRuntimeToDirDebug
dsbridge:bundleLibRuntimeToDirDebug
net:bundleLibRuntimeToDirDebug
permissionx:bundleLibRuntimeToDirDebug
player-feature-ipc:bundleLibRuntimeToDirDebug
player-provider-airtc-android:bundleLibRuntimeToDirDebug
player-provider-ugrtc-android:bundleLibRuntimeToDirDebug
player-runtime-android:bundleLibRuntimeToDirDebug
player-sdk-android:bundleLibRuntimeToDirDebug
push-core:bundleLibRuntimeToDirDebug
push-getui:bundleLibRuntimeToDirDebug
push-google:bundleLibRuntimeToDirDebug
push-honor:bundleLibRuntimeToDirDebug
push-huawei:bundleLibRuntimeToDirDebug
push-oppo:bundleLibRuntimeToDirDebug
push-vivo:bundleLibRuntimeToDirDebug
push-xiaomi:bundleLibRuntimeToDirDebug
qrcode:bundleLibRuntimeToDirDebug
repository:bundleLibRuntimeToDirDebug
rn-platform:bundleLibRuntimeToDirDebug
base:bundleLibRuntimeToDirRelease
bluetooth:bundleLibRuntimeToDirRelease
calendarview:bundleLibRuntimeToDirRelease
camera:bundleLibRuntimeToDirRelease
common:bundleLibRuntimeToDirRelease
core-device:bundleLibRuntimeToDirRelease
core-device-setup:bundleLibRuntimeToDirRelease
core-log:bundleLibRuntimeToDirRelease
core-messaging:bundleLibRuntimeToDirRelease
core-ui:bundleLibRuntimeToDirRelease
core-util:bundleLibRuntimeToDirRelease
crash-report-bugly:bundleLibRuntimeToDirRelease
crash-report-core:bundleLibRuntimeToDirRelease
crash-report-firebase:bundleLibRuntimeToDirRelease
domain:bundleLibRuntimeToDirRelease
dsbridge:bundleLibRuntimeToDirRelease
net:bundleLibRuntimeToDirRelease
permissionx:bundleLibRuntimeToDirRelease
player-feature-ipc:bundleLibRuntimeToDirRelease
player-provider-airtc-android:bundleLibRuntimeToDirRelease
player-provider-ugrtc-android:bundleLibRuntimeToDirRelease
player-runtime-android:bundleLibRuntimeToDirRelease
player-sdk-android:bundleLibRuntimeToDirRelease
push-core:bundleLibRuntimeToDirRelease
push-getui:bundleLibRuntimeToDirRelease
push-google:bundleLibRuntimeToDirRelease
push-honor:bundleLibRuntimeToDirRelease
push-huawei:bundleLibRuntimeToDirRelease
push-oppo:bundleLibRuntimeToDirRelease
push-vivo:bundleLibRuntimeToDirRelease
push-xiaomi:bundleLibRuntimeToDirRelease
qrcode:bundleLibRuntimeToDirRelease
repository:bundleLibRuntimeToDirRelease
rn-platform:bundleLibRuntimeToDirRelease
base:bundleLibRuntimeToJarDebug
bluetooth:bundleLibRuntimeToJarDebug
calendarview:bundleLibRuntimeToJarDebug
camera:bundleLibRuntimeToJarDebug
common:bundleLibRuntimeToJarDebug
core-device:bundleLibRuntimeToJarDebug
core-device-setup:bundleLibRuntimeToJarDebug
core-log:bundleLibRuntimeToJarDebug
core-messaging:bundleLibRuntimeToJarDebug
core-ui:bundleLibRuntimeToJarDebug
core-util:bundleLibRuntimeToJarDebug
crash-report-bugly:bundleLibRuntimeToJarDebug
crash-report-core:bundleLibRuntimeToJarDebug
crash-report-firebase:bundleLibRuntimeToJarDebug
domain:bundleLibRuntimeToJarDebug
dsbridge:bundleLibRuntimeToJarDebug
net:bundleLibRuntimeToJarDebug
permissionx:bundleLibRuntimeToJarDebug
player-feature-ipc:bundleLibRuntimeToJarDebug
player-provider-airtc-android:bundleLibRuntimeToJarDebug
player-provider-ugrtc-android:bundleLibRuntimeToJarDebug
player-runtime-android:bundleLibRuntimeToJarDebug
player-sdk-android:bundleLibRuntimeToJarDebug
push-core:bundleLibRuntimeToJarDebug
push-getui:bundleLibRuntimeToJarDebug
push-google:bundleLibRuntimeToJarDebug
push-honor:bundleLibRuntimeToJarDebug
push-huawei:bundleLibRuntimeToJarDebug
push-oppo:bundleLibRuntimeToJarDebug
push-vivo:bundleLibRuntimeToJarDebug
push-xiaomi:bundleLibRuntimeToJarDebug
qrcode:bundleLibRuntimeToJarDebug
repository:bundleLibRuntimeToJarDebug
rn-platform:bundleLibRuntimeToJarDebug
base:bundleLibRuntimeToJarRelease
bluetooth:bundleLibRuntimeToJarRelease
calendarview:bundleLibRuntimeToJarRelease
camera:bundleLibRuntimeToJarRelease
common:bundleLibRuntimeToJarRelease
core-device:bundleLibRuntimeToJarRelease
core-device-setup:bundleLibRuntimeToJarRelease
core-log:bundleLibRuntimeToJarRelease
core-messaging:bundleLibRuntimeToJarRelease
core-ui:bundleLibRuntimeToJarRelease
core-util:bundleLibRuntimeToJarRelease
crash-report-bugly:bundleLibRuntimeToJarRelease
crash-report-core:bundleLibRuntimeToJarRelease
crash-report-firebase:bundleLibRuntimeToJarRelease
domain:bundleLibRuntimeToJarRelease
dsbridge:bundleLibRuntimeToJarRelease
net:bundleLibRuntimeToJarRelease
permissionx:bundleLibRuntimeToJarRelease
player-feature-ipc:bundleLibRuntimeToJarRelease
player-provider-airtc-android:bundleLibRuntimeToJarRelease
player-provider-ugrtc-android:bundleLibRuntimeToJarRelease
player-runtime-android:bundleLibRuntimeToJarRelease
player-sdk-android:bundleLibRuntimeToJarRelease
push-core:bundleLibRuntimeToJarRelease
push-getui:bundleLibRuntimeToJarRelease
push-google:bundleLibRuntimeToJarRelease
push-honor:bundleLibRuntimeToJarRelease
push-huawei:bundleLibRuntimeToJarRelease
push-oppo:bundleLibRuntimeToJarRelease
push-vivo:bundleLibRuntimeToJarRelease
push-xiaomi:bundleLibRuntimeToJarRelease
qrcode:bundleLibRuntimeToJarRelease
repository:bundleLibRuntimeToJarRelease
rn-platform:bundleLibRuntimeToJarRelease
app:bundleOverseasBeta - Assembles bundle for variant overseasBeta
app:bundleOverseasBetaClassesToCompileJar
app:bundleOverseasBetaClassesToRuntimeJar
app:bundleOverseasBetaResources
app:bundleOverseasDebug - Assembles bundle for variant overseasDebug
app:bundleOverseasDebugClassesToCompileJar
app:bundleOverseasDebugClassesToRuntimeJar
app:bundleOverseasDebugResources
app:bundleOverseasRelease - Assembles bundle for variant overseasRelease
app:bundleOverseasReleaseClassesToCompileJar
app:bundleOverseasReleaseClassesToRuntimeJar
app:bundleOverseasReleaseResources
app:bundleOverseasUat - Assembles bundle for variant overseasUat
app:bundleOverseasUatClassesToCompileJar
app:bundleOverseasUatClassesToRuntimeJar
app:bundleOverseasUatResources
base:bundleReleaseAar - Assembles a bundle containing the library in release.
bluetooth:bundleReleaseAar - Assembles a bundle containing the library in release.
calendarview:bundleReleaseAar - Assembles a bundle containing the library in release.
camera:bundleReleaseAar - Assembles a bundle containing the library in release.
common:bundleReleaseAar - Assembles a bundle containing the library in release.
core-device:bundleReleaseAar - Assembles a bundle containing the library in release.
core-device-setup:bundleReleaseAar - Assembles a bundle containing the library in release.
core-log:bundleReleaseAar - Assembles a bundle containing the library in release.
core-messaging:bundleReleaseAar - Assembles a bundle containing the library in release.
core-ui:bundleReleaseAar - Assembles a bundle containing the library in release.
core-util:bundleReleaseAar - Assembles a bundle containing the library in release.
crash-report-bugly:bundleReleaseAar - Assembles a bundle containing the library in release.
crash-report-core:bundleReleaseAar - Assembles a bundle containing the library in release.
crash-report-firebase:bundleReleaseAar - Assembles a bundle containing the library in release.
domain:bundleReleaseAar - Assembles a bundle containing the library in release.
dsbridge:bundleReleaseAar - Assembles a bundle containing the library in release.
net:bundleReleaseAar - Assembles a bundle containing the library in release.
permissionx:bundleReleaseAar - Assembles a bundle containing the library in release.
player-feature-ipc:bundleReleaseAar - Assembles a bundle containing the library in release.
player-provider-airtc-android:bundleReleaseAar - Assembles a bundle containing the library in release.
player-provider-ugrtc-android:bundleReleaseAar - Assembles a bundle containing the library in release.
player-runtime-android:bundleReleaseAar - Assembles a bundle containing the library in release.
player-sdk-android:bundleReleaseAar - Assembles a bundle containing the library in release.
push-core:bundleReleaseAar - Assembles a bundle containing the library in release.
push-getui:bundleReleaseAar - Assembles a bundle containing the library in release.
push-google:bundleReleaseAar - Assembles a bundle containing the library in release.
push-honor:bundleReleaseAar - Assembles a bundle containing the library in release.
push-huawei:bundleReleaseAar - Assembles a bundle containing the library in release.
push-oppo:bundleReleaseAar - Assembles a bundle containing the library in release.
push-vivo:bundleReleaseAar - Assembles a bundle containing the library in release.
push-xiaomi:bundleReleaseAar - Assembles a bundle containing the library in release.
qrcode:bundleReleaseAar - Assembles a bundle containing the library in release.
repository:bundleReleaseAar - Assembles a bundle containing the library in release.
rn-platform:bundleReleaseAar - Assembles a bundle containing the library in release.
base:bundleReleaseLocalLintAar - Assembles a bundle containing the library in release.
bluetooth:bundleReleaseLocalLintAar - Assembles a bundle containing the library in release.
calendarview:bundleReleaseLocalLintAar - Assembles a bundle containing the library in release.
camera:bundleReleaseLocalLintAar - Assembles a bundle containing the library in release.
common:bundleReleaseLocalLintAar - Assembles a bundle containing the library in release.
core-device:bundleReleaseLocalLintAar - Assembles a bundle containing the library in release.
core-device-setup:bundleReleaseLocalLintAar - Assembles a bundle containing the library in release.
core-log:bundleReleaseLocalLintAar - Assembles a bundle containing the library in release.
core-messaging:bundleReleaseLocalLintAar - Assembles a bundle containing the library in release.
core-ui:bundleReleaseLocalLintAar - Assembles a bundle containing the library in release.
core-util:bundleReleaseLocalLintAar - Assembles a bundle containing the library in release.
crash-report-bugly:bundleReleaseLocalLintAar - Assembles a bundle containing the library in release.
crash-report-core:bundleReleaseLocalLintAar - Assembles a bundle containing the library in release.
crash-report-firebase:bundleReleaseLocalLintAar - Assembles a bundle containing the library in release.
domain:bundleReleaseLocalLintAar - Assembles a bundle containing the library in release.
dsbridge:bundleReleaseLocalLintAar - Assembles a bundle containing the library in release.
net:bundleReleaseLocalLintAar - Assembles a bundle containing the library in release.
permissionx:bundleReleaseLocalLintAar - Assembles a bundle containing the library in release.
player-feature-ipc:bundleReleaseLocalLintAar - Assembles a bundle containing the library in release.
player-provider-airtc-android:bundleReleaseLocalLintAar - Assembles a bundle containing the library in release.
player-provider-ugrtc-android:bundleReleaseLocalLintAar - Assembles a bundle containing the library in release.
player-runtime-android:bundleReleaseLocalLintAar - Assembles a bundle containing the library in release.
player-sdk-android:bundleReleaseLocalLintAar - Assembles a bundle containing the library in release.
push-core:bundleReleaseLocalLintAar - Assembles a bundle containing the library in release.
push-getui:bundleReleaseLocalLintAar - Assembles a bundle containing the library in release.
push-google:bundleReleaseLocalLintAar - Assembles a bundle containing the library in release.
push-honor:bundleReleaseLocalLintAar - Assembles a bundle containing the library in release.
push-huawei:bundleReleaseLocalLintAar - Assembles a bundle containing the library in release.
push-oppo:bundleReleaseLocalLintAar - Assembles a bundle containing the library in release.
push-vivo:bundleReleaseLocalLintAar - Assembles a bundle containing the library in release.
push-xiaomi:bundleReleaseLocalLintAar - Assembles a bundle containing the library in release.
qrcode:bundleReleaseLocalLintAar - Assembles a bundle containing the library in release.
repository:bundleReleaseLocalLintAar - Assembles a bundle containing the library in release.
rn-platform:bundleReleaseLocalLintAar - Assembles a bundle containing the library in release.
player-core:checkAndroidMainAarMetadata
base:checkDebugAarMetadata
bluetooth:checkDebugAarMetadata
calendarview:checkDebugAarMetadata
camera:checkDebugAarMetadata
common:checkDebugAarMetadata
core-device:checkDebugAarMetadata
core-device-setup:checkDebugAarMetadata
core-log:checkDebugAarMetadata
core-messaging:checkDebugAarMetadata
core-ui:checkDebugAarMetadata
core-util:checkDebugAarMetadata
crash-report-bugly:checkDebugAarMetadata
crash-report-core:checkDebugAarMetadata
crash-report-firebase:checkDebugAarMetadata
domain:checkDebugAarMetadata
dsbridge:checkDebugAarMetadata
net:checkDebugAarMetadata
permissionx:checkDebugAarMetadata
player-feature-ipc:checkDebugAarMetadata
player-provider-airtc-android:checkDebugAarMetadata
player-provider-ugrtc-android:checkDebugAarMetadata
player-runtime-android:checkDebugAarMetadata
player-sdk-android:checkDebugAarMetadata
push-core:checkDebugAarMetadata
push-getui:checkDebugAarMetadata
push-google:checkDebugAarMetadata
push-honor:checkDebugAarMetadata
push-huawei:checkDebugAarMetadata
push-oppo:checkDebugAarMetadata
push-vivo:checkDebugAarMetadata
push-xiaomi:checkDebugAarMetadata
qrcode:checkDebugAarMetadata
repository:checkDebugAarMetadata
rn-platform:checkDebugAarMetadata
base:checkDebugAndroidTestAarMetadata
bluetooth:checkDebugAndroidTestAarMetadata
calendarview:checkDebugAndroidTestAarMetadata
camera:checkDebugAndroidTestAarMetadata
common:checkDebugAndroidTestAarMetadata
core-device:checkDebugAndroidTestAarMetadata
core-device-setup:checkDebugAndroidTestAarMetadata
core-log:checkDebugAndroidTestAarMetadata
core-messaging:checkDebugAndroidTestAarMetadata
core-ui:checkDebugAndroidTestAarMetadata
core-util:checkDebugAndroidTestAarMetadata
crash-report-bugly:checkDebugAndroidTestAarMetadata
crash-report-core:checkDebugAndroidTestAarMetadata
crash-report-firebase:checkDebugAndroidTestAarMetadata
domain:checkDebugAndroidTestAarMetadata
dsbridge:checkDebugAndroidTestAarMetadata
net:checkDebugAndroidTestAarMetadata
permissionx:checkDebugAndroidTestAarMetadata
player-feature-ipc:checkDebugAndroidTestAarMetadata
player-provider-airtc-android:checkDebugAndroidTestAarMetadata
player-provider-ugrtc-android:checkDebugAndroidTestAarMetadata
player-runtime-android:checkDebugAndroidTestAarMetadata
player-sdk-android:checkDebugAndroidTestAarMetadata
push-core:checkDebugAndroidTestAarMetadata
push-getui:checkDebugAndroidTestAarMetadata
push-google:checkDebugAndroidTestAarMetadata
push-honor:checkDebugAndroidTestAarMetadata
push-huawei:checkDebugAndroidTestAarMetadata
push-oppo:checkDebugAndroidTestAarMetadata
push-vivo:checkDebugAndroidTestAarMetadata
push-xiaomi:checkDebugAndroidTestAarMetadata
qrcode:checkDebugAndroidTestAarMetadata
repository:checkDebugAndroidTestAarMetadata
rn-platform:checkDebugAndroidTestAarMetadata
base:checkDebugAndroidTestDuplicateClasses
bluetooth:checkDebugAndroidTestDuplicateClasses
calendarview:checkDebugAndroidTestDuplicateClasses
camera:checkDebugAndroidTestDuplicateClasses
common:checkDebugAndroidTestDuplicateClasses
core-device:checkDebugAndroidTestDuplicateClasses
core-device-setup:checkDebugAndroidTestDuplicateClasses
core-log:checkDebugAndroidTestDuplicateClasses
core-messaging:checkDebugAndroidTestDuplicateClasses
core-ui:checkDebugAndroidTestDuplicateClasses
core-util:checkDebugAndroidTestDuplicateClasses
crash-report-bugly:checkDebugAndroidTestDuplicateClasses
crash-report-core:checkDebugAndroidTestDuplicateClasses
crash-report-firebase:checkDebugAndroidTestDuplicateClasses
domain:checkDebugAndroidTestDuplicateClasses
dsbridge:checkDebugAndroidTestDuplicateClasses
net:checkDebugAndroidTestDuplicateClasses
permissionx:checkDebugAndroidTestDuplicateClasses
player-feature-ipc:checkDebugAndroidTestDuplicateClasses
player-provider-airtc-android:checkDebugAndroidTestDuplicateClasses
player-provider-ugrtc-android:checkDebugAndroidTestDuplicateClasses
player-runtime-android:checkDebugAndroidTestDuplicateClasses
player-sdk-android:checkDebugAndroidTestDuplicateClasses
push-core:checkDebugAndroidTestDuplicateClasses
push-getui:checkDebugAndroidTestDuplicateClasses
push-google:checkDebugAndroidTestDuplicateClasses
push-honor:checkDebugAndroidTestDuplicateClasses
push-huawei:checkDebugAndroidTestDuplicateClasses
push-oppo:checkDebugAndroidTestDuplicateClasses
push-vivo:checkDebugAndroidTestDuplicateClasses
push-xiaomi:checkDebugAndroidTestDuplicateClasses
qrcode:checkDebugAndroidTestDuplicateClasses
repository:checkDebugAndroidTestDuplicateClasses
rn-platform:checkDebugAndroidTestDuplicateClasses
base:checkDebugManifest
bluetooth:checkDebugManifest
calendarview:checkDebugManifest
camera:checkDebugManifest
common:checkDebugManifest
core-device:checkDebugManifest
core-device-setup:checkDebugManifest
core-log:checkDebugManifest
core-messaging:checkDebugManifest
core-ui:checkDebugManifest
core-util:checkDebugManifest
crash-report-bugly:checkDebugManifest
crash-report-core:checkDebugManifest
crash-report-firebase:checkDebugManifest
domain:checkDebugManifest
dsbridge:checkDebugManifest
net:checkDebugManifest
permissionx:checkDebugManifest
player-feature-ipc:checkDebugManifest
player-provider-airtc-android:checkDebugManifest
player-provider-ugrtc-android:checkDebugManifest
player-runtime-android:checkDebugManifest
player-sdk-android:checkDebugManifest
push-core:checkDebugManifest
push-getui:checkDebugManifest
push-google:checkDebugManifest
push-honor:checkDebugManifest
push-huawei:checkDebugManifest
push-oppo:checkDebugManifest
push-vivo:checkDebugManifest
push-xiaomi:checkDebugManifest
qrcode:checkDebugManifest
repository:checkDebugManifest
rn-platform:checkDebugManifest
app:checkDomesticBetaAarMetadata
app:checkDomesticBetaDuplicateClasses
app:checkDomesticBetaManifest
app:checkDomesticDebugAarMetadata
app:checkDomesticDebugAndroidTestAarMetadata
app:checkDomesticDebugAndroidTestDuplicateClasses
app:checkDomesticDebugDuplicateClasses
app:checkDomesticDebugManifest
app:checkDomesticReleaseAarMetadata
app:checkDomesticReleaseDuplicateClasses
app:checkDomesticReleaseManifest
app:checkDomesticUatAarMetadata
app:checkDomesticUatDuplicateClasses
app:checkDomesticUatManifest
app:checkOverseasBetaAarMetadata
app:checkOverseasBetaDuplicateClasses
app:checkOverseasBetaManifest
app:checkOverseasDebugAarMetadata
app:checkOverseasDebugAndroidTestAarMetadata
app:checkOverseasDebugAndroidTestDuplicateClasses
app:checkOverseasDebugDuplicateClasses
app:checkOverseasDebugManifest
app:checkOverseasReleaseAarMetadata
app:checkOverseasReleaseDuplicateClasses
app:checkOverseasReleaseManifest
app:checkOverseasUatAarMetadata
app:checkOverseasUatDuplicateClasses
app:checkOverseasUatManifest
base:checkReleaseAarMetadata
bluetooth:checkReleaseAarMetadata
calendarview:checkReleaseAarMetadata
camera:checkReleaseAarMetadata
common:checkReleaseAarMetadata
core-device:checkReleaseAarMetadata
core-device-setup:checkReleaseAarMetadata
core-log:checkReleaseAarMetadata
core-messaging:checkReleaseAarMetadata
core-ui:checkReleaseAarMetadata
core-util:checkReleaseAarMetadata
crash-report-bugly:checkReleaseAarMetadata
crash-report-core:checkReleaseAarMetadata
crash-report-firebase:checkReleaseAarMetadata
domain:checkReleaseAarMetadata
dsbridge:checkReleaseAarMetadata
net:checkReleaseAarMetadata
permissionx:checkReleaseAarMetadata
player-feature-ipc:checkReleaseAarMetadata
player-provider-airtc-android:checkReleaseAarMetadata
player-provider-ugrtc-android:checkReleaseAarMetadata
player-runtime-android:checkReleaseAarMetadata
player-sdk-android:checkReleaseAarMetadata
push-core:checkReleaseAarMetadata
push-getui:checkReleaseAarMetadata
push-google:checkReleaseAarMetadata
push-honor:checkReleaseAarMetadata
push-huawei:checkReleaseAarMetadata
push-oppo:checkReleaseAarMetadata
push-vivo:checkReleaseAarMetadata
push-xiaomi:checkReleaseAarMetadata
qrcode:checkReleaseAarMetadata
repository:checkReleaseAarMetadata
rn-platform:checkReleaseAarMetadata
base:checkReleaseManifest
bluetooth:checkReleaseManifest
calendarview:checkReleaseManifest
camera:checkReleaseManifest
common:checkReleaseManifest
core-device:checkReleaseManifest
core-device-setup:checkReleaseManifest
core-log:checkReleaseManifest
core-messaging:checkReleaseManifest
core-ui:checkReleaseManifest
core-util:checkReleaseManifest
crash-report-bugly:checkReleaseManifest
crash-report-core:checkReleaseManifest
crash-report-firebase:checkReleaseManifest
domain:checkReleaseManifest
dsbridge:checkReleaseManifest
net:checkReleaseManifest
permissionx:checkReleaseManifest
player-feature-ipc:checkReleaseManifest
player-provider-airtc-android:checkReleaseManifest
player-provider-ugrtc-android:checkReleaseManifest
player-runtime-android:checkReleaseManifest
player-sdk-android:checkReleaseManifest
push-core:checkReleaseManifest
push-getui:checkReleaseManifest
push-google:checkReleaseManifest
push-honor:checkReleaseManifest
push-huawei:checkReleaseManifest
push-oppo:checkReleaseManifest
push-vivo:checkReleaseManifest
push-xiaomi:checkReleaseManifest
qrcode:checkReleaseManifest
repository:checkReleaseManifest
rn-platform:checkReleaseManifest
app:collectDomesticBetaDependencies
app:collectDomesticReleaseDependencies
app:collectDomesticUatDependencies
app:collectOverseasBetaDependencies
app:collectOverseasReleaseDependencies
app:collectOverseasUatDependencies
player-core:compileAndroidMain - Compiles the compilation 'main' in target 'android'.
base:compileDebugAndroidTestJavaWithJavac
bluetooth:compileDebugAndroidTestJavaWithJavac
calendarview:compileDebugAndroidTestJavaWithJavac
camera:compileDebugAndroidTestJavaWithJavac
common:compileDebugAndroidTestJavaWithJavac
core-device:compileDebugAndroidTestJavaWithJavac
core-device-setup:compileDebugAndroidTestJavaWithJavac
core-log:compileDebugAndroidTestJavaWithJavac
core-messaging:compileDebugAndroidTestJavaWithJavac
core-ui:compileDebugAndroidTestJavaWithJavac
core-util:compileDebugAndroidTestJavaWithJavac
crash-report-bugly:compileDebugAndroidTestJavaWithJavac
crash-report-core:compileDebugAndroidTestJavaWithJavac
crash-report-firebase:compileDebugAndroidTestJavaWithJavac
domain:compileDebugAndroidTestJavaWithJavac
dsbridge:compileDebugAndroidTestJavaWithJavac
net:compileDebugAndroidTestJavaWithJavac
permissionx:compileDebugAndroidTestJavaWithJavac
player-feature-ipc:compileDebugAndroidTestJavaWithJavac
player-provider-airtc-android:compileDebugAndroidTestJavaWithJavac
player-provider-ugrtc-android:compileDebugAndroidTestJavaWithJavac
player-runtime-android:compileDebugAndroidTestJavaWithJavac
player-sdk-android:compileDebugAndroidTestJavaWithJavac
push-core:compileDebugAndroidTestJavaWithJavac
push-getui:compileDebugAndroidTestJavaWithJavac
push-google:compileDebugAndroidTestJavaWithJavac
push-honor:compileDebugAndroidTestJavaWithJavac
push-huawei:compileDebugAndroidTestJavaWithJavac
push-oppo:compileDebugAndroidTestJavaWithJavac
push-vivo:compileDebugAndroidTestJavaWithJavac
push-xiaomi:compileDebugAndroidTestJavaWithJavac
qrcode:compileDebugAndroidTestJavaWithJavac
repository:compileDebugAndroidTestJavaWithJavac
rn-platform:compileDebugAndroidTestJavaWithJavac
base:compileDebugAndroidTestKotlin
bluetooth:compileDebugAndroidTestKotlin
calendarview:compileDebugAndroidTestKotlin
camera:compileDebugAndroidTestKotlin
common:compileDebugAndroidTestKotlin
core-device:compileDebugAndroidTestKotlin
core-device-setup:compileDebugAndroidTestKotlin
core-log:compileDebugAndroidTestKotlin
core-messaging:compileDebugAndroidTestKotlin
core-ui:compileDebugAndroidTestKotlin
core-util:compileDebugAndroidTestKotlin
crash-report-bugly:compileDebugAndroidTestKotlin
crash-report-core:compileDebugAndroidTestKotlin
crash-report-firebase:compileDebugAndroidTestKotlin
domain:compileDebugAndroidTestKotlin
dsbridge:compileDebugAndroidTestKotlin
net:compileDebugAndroidTestKotlin
permissionx:compileDebugAndroidTestKotlin
player-feature-ipc:compileDebugAndroidTestKotlin
player-provider-airtc-android:compileDebugAndroidTestKotlin
player-provider-ugrtc-android:compileDebugAndroidTestKotlin
player-runtime-android:compileDebugAndroidTestKotlin
player-sdk-android:compileDebugAndroidTestKotlin
push-core:compileDebugAndroidTestKotlin
push-getui:compileDebugAndroidTestKotlin
push-google:compileDebugAndroidTestKotlin
push-honor:compileDebugAndroidTestKotlin
push-huawei:compileDebugAndroidTestKotlin
push-oppo:compileDebugAndroidTestKotlin
push-vivo:compileDebugAndroidTestKotlin
push-xiaomi:compileDebugAndroidTestKotlin
qrcode:compileDebugAndroidTestKotlin
repository:compileDebugAndroidTestKotlin
rn-platform:compileDebugAndroidTestKotlin
base:compileDebugAndroidTestNavigationResources
bluetooth:compileDebugAndroidTestNavigationResources
calendarview:compileDebugAndroidTestNavigationResources
camera:compileDebugAndroidTestNavigationResources
common:compileDebugAndroidTestNavigationResources
core-device:compileDebugAndroidTestNavigationResources
core-device-setup:compileDebugAndroidTestNavigationResources
core-log:compileDebugAndroidTestNavigationResources
core-messaging:compileDebugAndroidTestNavigationResources
core-ui:compileDebugAndroidTestNavigationResources
core-util:compileDebugAndroidTestNavigationResources
crash-report-bugly:compileDebugAndroidTestNavigationResources
crash-report-core:compileDebugAndroidTestNavigationResources
crash-report-firebase:compileDebugAndroidTestNavigationResources
domain:compileDebugAndroidTestNavigationResources
dsbridge:compileDebugAndroidTestNavigationResources
net:compileDebugAndroidTestNavigationResources
permissionx:compileDebugAndroidTestNavigationResources
player-feature-ipc:compileDebugAndroidTestNavigationResources
player-provider-airtc-android:compileDebugAndroidTestNavigationResources
player-provider-ugrtc-android:compileDebugAndroidTestNavigationResources
player-runtime-android:compileDebugAndroidTestNavigationResources
player-sdk-android:compileDebugAndroidTestNavigationResources
push-core:compileDebugAndroidTestNavigationResources
push-getui:compileDebugAndroidTestNavigationResources
push-google:compileDebugAndroidTestNavigationResources
push-honor:compileDebugAndroidTestNavigationResources
push-huawei:compileDebugAndroidTestNavigationResources
push-oppo:compileDebugAndroidTestNavigationResources
push-vivo:compileDebugAndroidTestNavigationResources
push-xiaomi:compileDebugAndroidTestNavigationResources
qrcode:compileDebugAndroidTestNavigationResources
repository:compileDebugAndroidTestNavigationResources
rn-platform:compileDebugAndroidTestNavigationResources
base:compileDebugJavaWithJavac
bluetooth:compileDebugJavaWithJavac
calendarview:compileDebugJavaWithJavac
camera:compileDebugJavaWithJavac
common:compileDebugJavaWithJavac
core-device:compileDebugJavaWithJavac
core-device-setup:compileDebugJavaWithJavac
core-log:compileDebugJavaWithJavac
core-messaging:compileDebugJavaWithJavac
core-ui:compileDebugJavaWithJavac
core-util:compileDebugJavaWithJavac
crash-report-bugly:compileDebugJavaWithJavac
crash-report-core:compileDebugJavaWithJavac
crash-report-firebase:compileDebugJavaWithJavac
domain:compileDebugJavaWithJavac
dsbridge:compileDebugJavaWithJavac
net:compileDebugJavaWithJavac
permissionx:compileDebugJavaWithJavac
player-feature-ipc:compileDebugJavaWithJavac
player-provider-airtc-android:compileDebugJavaWithJavac
player-provider-ugrtc-android:compileDebugJavaWithJavac
player-runtime-android:compileDebugJavaWithJavac
player-sdk-android:compileDebugJavaWithJavac
push-core:compileDebugJavaWithJavac
push-getui:compileDebugJavaWithJavac
push-google:compileDebugJavaWithJavac
push-honor:compileDebugJavaWithJavac
push-huawei:compileDebugJavaWithJavac
push-oppo:compileDebugJavaWithJavac
push-vivo:compileDebugJavaWithJavac
push-xiaomi:compileDebugJavaWithJavac
qrcode:compileDebugJavaWithJavac
repository:compileDebugJavaWithJavac
rn-platform:compileDebugJavaWithJavac
base:compileDebugKotlin
bluetooth:compileDebugKotlin
calendarview:compileDebugKotlin
camera:compileDebugKotlin
common:compileDebugKotlin
core-device:compileDebugKotlin
core-device-setup:compileDebugKotlin
core-log:compileDebugKotlin
core-messaging:compileDebugKotlin
core-ui:compileDebugKotlin
core-util:compileDebugKotlin
crash-report-bugly:compileDebugKotlin
crash-report-core:compileDebugKotlin
crash-report-firebase:compileDebugKotlin
domain:compileDebugKotlin
dsbridge:compileDebugKotlin
net:compileDebugKotlin
permissionx:compileDebugKotlin
player-feature-ipc:compileDebugKotlin
player-provider-airtc-android:compileDebugKotlin
player-provider-ugrtc-android:compileDebugKotlin
player-runtime-android:compileDebugKotlin
player-sdk-android:compileDebugKotlin
push-core:compileDebugKotlin
push-getui:compileDebugKotlin
push-google:compileDebugKotlin
push-honor:compileDebugKotlin
push-huawei:compileDebugKotlin
push-oppo:compileDebugKotlin
push-vivo:compileDebugKotlin
push-xiaomi:compileDebugKotlin
qrcode:compileDebugKotlin
repository:compileDebugKotlin
rn-platform:compileDebugKotlin
base:compileDebugLibraryResources
bluetooth:compileDebugLibraryResources
calendarview:compileDebugLibraryResources
camera:compileDebugLibraryResources
common:compileDebugLibraryResources
core-device:compileDebugLibraryResources
core-device-setup:compileDebugLibraryResources
core-log:compileDebugLibraryResources
core-messaging:compileDebugLibraryResources
core-ui:compileDebugLibraryResources
core-util:compileDebugLibraryResources
crash-report-bugly:compileDebugLibraryResources
crash-report-core:compileDebugLibraryResources
crash-report-firebase:compileDebugLibraryResources
domain:compileDebugLibraryResources
dsbridge:compileDebugLibraryResources
net:compileDebugLibraryResources
permissionx:compileDebugLibraryResources
player-feature-ipc:compileDebugLibraryResources
player-provider-airtc-android:compileDebugLibraryResources
player-provider-ugrtc-android:compileDebugLibraryResources
player-runtime-android:compileDebugLibraryResources
player-sdk-android:compileDebugLibraryResources
push-core:compileDebugLibraryResources
push-getui:compileDebugLibraryResources
push-google:compileDebugLibraryResources
push-honor:compileDebugLibraryResources
push-huawei:compileDebugLibraryResources
push-oppo:compileDebugLibraryResources
push-vivo:compileDebugLibraryResources
push-xiaomi:compileDebugLibraryResources
qrcode:compileDebugLibraryResources
repository:compileDebugLibraryResources
rn-platform:compileDebugLibraryResources
base:compileDebugNavigationResources
bluetooth:compileDebugNavigationResources
calendarview:compileDebugNavigationResources
camera:compileDebugNavigationResources
common:compileDebugNavigationResources
core-device:compileDebugNavigationResources
core-device-setup:compileDebugNavigationResources
core-log:compileDebugNavigationResources
core-messaging:compileDebugNavigationResources
core-ui:compileDebugNavigationResources
core-util:compileDebugNavigationResources
crash-report-bugly:compileDebugNavigationResources
crash-report-core:compileDebugNavigationResources
crash-report-firebase:compileDebugNavigationResources
domain:compileDebugNavigationResources
dsbridge:compileDebugNavigationResources
net:compileDebugNavigationResources
permissionx:compileDebugNavigationResources
player-feature-ipc:compileDebugNavigationResources
player-provider-airtc-android:compileDebugNavigationResources
player-provider-ugrtc-android:compileDebugNavigationResources
player-runtime-android:compileDebugNavigationResources
player-sdk-android:compileDebugNavigationResources
push-core:compileDebugNavigationResources
push-getui:compileDebugNavigationResources
push-google:compileDebugNavigationResources
push-honor:compileDebugNavigationResources
push-huawei:compileDebugNavigationResources
push-oppo:compileDebugNavigationResources
push-vivo:compileDebugNavigationResources
push-xiaomi:compileDebugNavigationResources
qrcode:compileDebugNavigationResources
repository:compileDebugNavigationResources
rn-platform:compileDebugNavigationResources
base:compileDebugUnitTestJavaWithJavac
bluetooth:compileDebugUnitTestJavaWithJavac
calendarview:compileDebugUnitTestJavaWithJavac
camera:compileDebugUnitTestJavaWithJavac
common:compileDebugUnitTestJavaWithJavac
core-device:compileDebugUnitTestJavaWithJavac
core-device-setup:compileDebugUnitTestJavaWithJavac
core-log:compileDebugUnitTestJavaWithJavac
core-messaging:compileDebugUnitTestJavaWithJavac
core-ui:compileDebugUnitTestJavaWithJavac
core-util:compileDebugUnitTestJavaWithJavac
crash-report-bugly:compileDebugUnitTestJavaWithJavac
crash-report-core:compileDebugUnitTestJavaWithJavac
crash-report-firebase:compileDebugUnitTestJavaWithJavac
domain:compileDebugUnitTestJavaWithJavac
dsbridge:compileDebugUnitTestJavaWithJavac
net:compileDebugUnitTestJavaWithJavac
permissionx:compileDebugUnitTestJavaWithJavac
player-feature-ipc:compileDebugUnitTestJavaWithJavac
player-provider-airtc-android:compileDebugUnitTestJavaWithJavac
player-provider-ugrtc-android:compileDebugUnitTestJavaWithJavac
player-runtime-android:compileDebugUnitTestJavaWithJavac
player-sdk-android:compileDebugUnitTestJavaWithJavac
push-core:compileDebugUnitTestJavaWithJavac
push-getui:compileDebugUnitTestJavaWithJavac
push-google:compileDebugUnitTestJavaWithJavac
push-honor:compileDebugUnitTestJavaWithJavac
push-huawei:compileDebugUnitTestJavaWithJavac
push-oppo:compileDebugUnitTestJavaWithJavac
push-vivo:compileDebugUnitTestJavaWithJavac
push-xiaomi:compileDebugUnitTestJavaWithJavac
qrcode:compileDebugUnitTestJavaWithJavac
repository:compileDebugUnitTestJavaWithJavac
rn-platform:compileDebugUnitTestJavaWithJavac
base:compileDebugUnitTestKotlin
bluetooth:compileDebugUnitTestKotlin
calendarview:compileDebugUnitTestKotlin
camera:compileDebugUnitTestKotlin
common:compileDebugUnitTestKotlin
core-device:compileDebugUnitTestKotlin
core-device-setup:compileDebugUnitTestKotlin
core-log:compileDebugUnitTestKotlin
core-messaging:compileDebugUnitTestKotlin
core-ui:compileDebugUnitTestKotlin
core-util:compileDebugUnitTestKotlin
crash-report-bugly:compileDebugUnitTestKotlin
crash-report-core:compileDebugUnitTestKotlin
crash-report-firebase:compileDebugUnitTestKotlin
domain:compileDebugUnitTestKotlin
dsbridge:compileDebugUnitTestKotlin
net:compileDebugUnitTestKotlin
permissionx:compileDebugUnitTestKotlin
player-feature-ipc:compileDebugUnitTestKotlin
player-provider-airtc-android:compileDebugUnitTestKotlin
player-provider-ugrtc-android:compileDebugUnitTestKotlin
player-runtime-android:compileDebugUnitTestKotlin
player-sdk-android:compileDebugUnitTestKotlin
push-core:compileDebugUnitTestKotlin
push-getui:compileDebugUnitTestKotlin
push-google:compileDebugUnitTestKotlin
push-honor:compileDebugUnitTestKotlin
push-huawei:compileDebugUnitTestKotlin
push-oppo:compileDebugUnitTestKotlin
push-vivo:compileDebugUnitTestKotlin
push-xiaomi:compileDebugUnitTestKotlin
qrcode:compileDebugUnitTestKotlin
repository:compileDebugUnitTestKotlin
rn-platform:compileDebugUnitTestKotlin
app:compileDomesticBetaArtProfile
app:compileDomesticBetaJavaWithJavac
app:compileDomesticBetaKotlin
app:compileDomesticBetaNavigationResources
app:compileDomesticDebugAndroidTestJavaWithJavac
app:compileDomesticDebugAndroidTestKotlin
app:compileDomesticDebugAndroidTestNavigationResources
app:compileDomesticDebugArtProfile
app:compileDomesticDebugJavaWithJavac
app:compileDomesticDebugKotlin
app:compileDomesticDebugNavigationResources
app:compileDomesticDebugUnitTestJavaWithJavac
app:compileDomesticDebugUnitTestKotlin
app:compileDomesticReleaseArtProfile
app:compileDomesticReleaseJavaWithJavac
app:compileDomesticReleaseKotlin
app:compileDomesticReleaseNavigationResources
app:compileDomesticUatArtProfile
app:compileDomesticUatJavaWithJavac
app:compileDomesticUatKotlin
app:compileDomesticUatNavigationResources
core-ui:lint:compileJava - Compiles main Java source.
core-ui:lint:compileKotlin - Compiles the compilation 'main' in target ''.
player-core:compileKotlinMetadata - Compiles the kotlin sources in compilation 'main' in target 'metadata' to Metadata.
app:compileLint
base:compileLint
bluetooth:compileLint
calendarview:compileLint
camera:compileLint
common:compileLint
core-device:compileLint
core-device-setup:compileLint
core-log:compileLint
core-messaging:compileLint
core-ui:compileLint
core-util:compileLint
crash-report-bugly:compileLint
crash-report-core:compileLint
crash-report-firebase:compileLint
domain:compileLint
dsbridge:compileLint
net:compileLint
permissionx:compileLint
player-core:compileLint
player-feature-ipc:compileLint
player-provider-airtc-android:compileLint
player-provider-ugrtc-android:compileLint
player-runtime-android:compileLint
player-sdk-android:compileLint
push-core:compileLint
push-getui:compileLint
push-google:compileLint
push-honor:compileLint
push-huawei:compileLint
push-oppo:compileLint
push-vivo:compileLint
push-xiaomi:compileLint
qrcode:compileLint
repository:compileLint
rn-platform:compileLint
app:compileLintChecks
base:compileLintChecks
bluetooth:compileLintChecks
calendarview:compileLintChecks
camera:compileLintChecks
common:compileLintChecks
core-device:compileLintChecks
core-device-setup:compileLintChecks
core-log:compileLintChecks
core-messaging:compileLintChecks
core-ui:compileLintChecks
core-util:compileLintChecks
crash-report-bugly:compileLintChecks
crash-report-core:compileLintChecks
crash-report-firebase:compileLintChecks
domain:compileLintChecks
dsbridge:compileLintChecks
net:compileLintChecks
permissionx:compileLintChecks
player-feature-ipc:compileLintChecks
player-provider-airtc-android:compileLintChecks
player-provider-ugrtc-android:compileLintChecks
player-runtime-android:compileLintChecks
player-sdk-android:compileLintChecks
push-core:compileLintChecks
push-getui:compileLintChecks
push-google:compileLintChecks
push-honor:compileLintChecks
push-huawei:compileLintChecks
push-oppo:compileLintChecks
push-vivo:compileLintChecks
push-xiaomi:compileLintChecks
qrcode:compileLintChecks
repository:compileLintChecks
rn-platform:compileLintChecks
app:compileOverseasBetaArtProfile
app:compileOverseasBetaJavaWithJavac
app:compileOverseasBetaKotlin
app:compileOverseasBetaNavigationResources
app:compileOverseasDebugAndroidTestJavaWithJavac
app:compileOverseasDebugAndroidTestKotlin
app:compileOverseasDebugAndroidTestNavigationResources
app:compileOverseasDebugArtProfile
app:compileOverseasDebugJavaWithJavac
app:compileOverseasDebugKotlin
app:compileOverseasDebugNavigationResources
app:compileOverseasDebugUnitTestJavaWithJavac
app:compileOverseasDebugUnitTestKotlin
app:compileOverseasReleaseArtProfile
app:compileOverseasReleaseJavaWithJavac
app:compileOverseasReleaseKotlin
app:compileOverseasReleaseNavigationResources
app:compileOverseasUatArtProfile
app:compileOverseasUatJavaWithJavac
app:compileOverseasUatKotlin
app:compileOverseasUatNavigationResources
base:compileReleaseJavaWithJavac
bluetooth:compileReleaseJavaWithJavac
calendarview:compileReleaseJavaWithJavac
camera:compileReleaseJavaWithJavac
common:compileReleaseJavaWithJavac
core-device:compileReleaseJavaWithJavac
core-device-setup:compileReleaseJavaWithJavac
core-log:compileReleaseJavaWithJavac
core-messaging:compileReleaseJavaWithJavac
core-ui:compileReleaseJavaWithJavac
core-util:compileReleaseJavaWithJavac
crash-report-bugly:compileReleaseJavaWithJavac
crash-report-core:compileReleaseJavaWithJavac
crash-report-firebase:compileReleaseJavaWithJavac
domain:compileReleaseJavaWithJavac
dsbridge:compileReleaseJavaWithJavac
net:compileReleaseJavaWithJavac
permissionx:compileReleaseJavaWithJavac
player-feature-ipc:compileReleaseJavaWithJavac
player-provider-airtc-android:compileReleaseJavaWithJavac
player-provider-ugrtc-android:compileReleaseJavaWithJavac
player-runtime-android:compileReleaseJavaWithJavac
player-sdk-android:compileReleaseJavaWithJavac
push-core:compileReleaseJavaWithJavac
push-getui:compileReleaseJavaWithJavac
push-google:compileReleaseJavaWithJavac
push-honor:compileReleaseJavaWithJavac
push-huawei:compileReleaseJavaWithJavac
push-oppo:compileReleaseJavaWithJavac
push-vivo:compileReleaseJavaWithJavac
push-xiaomi:compileReleaseJavaWithJavac
qrcode:compileReleaseJavaWithJavac
repository:compileReleaseJavaWithJavac
rn-platform:compileReleaseJavaWithJavac
base:compileReleaseKotlin
bluetooth:compileReleaseKotlin
calendarview:compileReleaseKotlin
camera:compileReleaseKotlin
common:compileReleaseKotlin
core-device:compileReleaseKotlin
core-device-setup:compileReleaseKotlin
core-log:compileReleaseKotlin
core-messaging:compileReleaseKotlin
core-ui:compileReleaseKotlin
core-util:compileReleaseKotlin
crash-report-bugly:compileReleaseKotlin
crash-report-core:compileReleaseKotlin
crash-report-firebase:compileReleaseKotlin
domain:compileReleaseKotlin
dsbridge:compileReleaseKotlin
net:compileReleaseKotlin
permissionx:compileReleaseKotlin
player-feature-ipc:compileReleaseKotlin
player-provider-airtc-android:compileReleaseKotlin
player-provider-ugrtc-android:compileReleaseKotlin
player-runtime-android:compileReleaseKotlin
player-sdk-android:compileReleaseKotlin
push-core:compileReleaseKotlin
push-getui:compileReleaseKotlin
push-google:compileReleaseKotlin
push-honor:compileReleaseKotlin
push-huawei:compileReleaseKotlin
push-oppo:compileReleaseKotlin
push-vivo:compileReleaseKotlin
push-xiaomi:compileReleaseKotlin
qrcode:compileReleaseKotlin
repository:compileReleaseKotlin
rn-platform:compileReleaseKotlin
base:compileReleaseLibraryResources
bluetooth:compileReleaseLibraryResources
calendarview:compileReleaseLibraryResources
camera:compileReleaseLibraryResources
common:compileReleaseLibraryResources
core-device:compileReleaseLibraryResources
core-device-setup:compileReleaseLibraryResources
core-log:compileReleaseLibraryResources
core-messaging:compileReleaseLibraryResources
core-ui:compileReleaseLibraryResources
core-util:compileReleaseLibraryResources
crash-report-bugly:compileReleaseLibraryResources
crash-report-core:compileReleaseLibraryResources
crash-report-firebase:compileReleaseLibraryResources
domain:compileReleaseLibraryResources
dsbridge:compileReleaseLibraryResources
net:compileReleaseLibraryResources
permissionx:compileReleaseLibraryResources
player-feature-ipc:compileReleaseLibraryResources
player-provider-airtc-android:compileReleaseLibraryResources
player-provider-ugrtc-android:compileReleaseLibraryResources
player-runtime-android:compileReleaseLibraryResources
player-sdk-android:compileReleaseLibraryResources
push-core:compileReleaseLibraryResources
push-getui:compileReleaseLibraryResources
push-google:compileReleaseLibraryResources
push-honor:compileReleaseLibraryResources
push-huawei:compileReleaseLibraryResources
push-oppo:compileReleaseLibraryResources
push-vivo:compileReleaseLibraryResources
push-xiaomi:compileReleaseLibraryResources
qrcode:compileReleaseLibraryResources
repository:compileReleaseLibraryResources
rn-platform:compileReleaseLibraryResources
base:compileReleaseNavigationResources
bluetooth:compileReleaseNavigationResources
calendarview:compileReleaseNavigationResources
camera:compileReleaseNavigationResources
common:compileReleaseNavigationResources
core-device:compileReleaseNavigationResources
core-device-setup:compileReleaseNavigationResources
core-log:compileReleaseNavigationResources
core-messaging:compileReleaseNavigationResources
core-ui:compileReleaseNavigationResources
core-util:compileReleaseNavigationResources
crash-report-bugly:compileReleaseNavigationResources
crash-report-core:compileReleaseNavigationResources
crash-report-firebase:compileReleaseNavigationResources
domain:compileReleaseNavigationResources
dsbridge:compileReleaseNavigationResources
net:compileReleaseNavigationResources
permissionx:compileReleaseNavigationResources
player-feature-ipc:compileReleaseNavigationResources
player-provider-airtc-android:compileReleaseNavigationResources
player-provider-ugrtc-android:compileReleaseNavigationResources
player-runtime-android:compileReleaseNavigationResources
player-sdk-android:compileReleaseNavigationResources
push-core:compileReleaseNavigationResources
push-getui:compileReleaseNavigationResources
push-google:compileReleaseNavigationResources
push-honor:compileReleaseNavigationResources
push-huawei:compileReleaseNavigationResources
push-oppo:compileReleaseNavigationResources
push-vivo:compileReleaseNavigationResources
push-xiaomi:compileReleaseNavigationResources
qrcode:compileReleaseNavigationResources
repository:compileReleaseNavigationResources
rn-platform:compileReleaseNavigationResources
core-ui:lint:compileTestJava - Compiles test Java source.
core-ui:lint:compileTestKotlin - Compiles the compilation 'test' in target ''.
base:compressDebugAndroidTestAssets
bluetooth:compressDebugAndroidTestAssets
calendarview:compressDebugAndroidTestAssets
camera:compressDebugAndroidTestAssets
common:compressDebugAndroidTestAssets
core-device:compressDebugAndroidTestAssets
core-device-setup:compressDebugAndroidTestAssets
core-log:compressDebugAndroidTestAssets
core-messaging:compressDebugAndroidTestAssets
core-ui:compressDebugAndroidTestAssets
core-util:compressDebugAndroidTestAssets
crash-report-bugly:compressDebugAndroidTestAssets
crash-report-core:compressDebugAndroidTestAssets
crash-report-firebase:compressDebugAndroidTestAssets
domain:compressDebugAndroidTestAssets
dsbridge:compressDebugAndroidTestAssets
net:compressDebugAndroidTestAssets
permissionx:compressDebugAndroidTestAssets
player-feature-ipc:compressDebugAndroidTestAssets
player-provider-airtc-android:compressDebugAndroidTestAssets
player-provider-ugrtc-android:compressDebugAndroidTestAssets
player-runtime-android:compressDebugAndroidTestAssets
player-sdk-android:compressDebugAndroidTestAssets
push-core:compressDebugAndroidTestAssets
push-getui:compressDebugAndroidTestAssets
push-google:compressDebugAndroidTestAssets
push-honor:compressDebugAndroidTestAssets
push-huawei:compressDebugAndroidTestAssets
push-oppo:compressDebugAndroidTestAssets
push-vivo:compressDebugAndroidTestAssets
push-xiaomi:compressDebugAndroidTestAssets
qrcode:compressDebugAndroidTestAssets
repository:compressDebugAndroidTestAssets
rn-platform:compressDebugAndroidTestAssets
app:compressDomesticBetaAssets
app:compressDomesticDebugAndroidTestAssets
app:compressDomesticDebugAssets
app:compressDomesticReleaseAssets
app:compressDomesticUatAssets
app:compressOverseasBetaAssets
app:compressOverseasDebugAndroidTestAssets
app:compressOverseasDebugAssets
app:compressOverseasReleaseAssets
app:compressOverseasUatAssets
player-core:computeLocalPackageDependencyInputFiles
player-runtime-android:configureCMakeDebug
player-runtime-android:configureCMakeDebug[arm64-v8a]
player-runtime-android:configureCMakeDebug[armeabi-v7a]
player-runtime-android:configureCMakeDebug[x86]
player-runtime-android:configureCMakeDebug[x86_64]
player-runtime-android:configureCMakeRelWithDebInfo
player-runtime-android:configureCMakeRelWithDebInfo[arm64-v8a]
player-runtime-android:configureCMakeRelWithDebInfo[armeabi-v7a]
player-runtime-android:configureCMakeRelWithDebInfo[x86]
player-runtime-android:configureCMakeRelWithDebInfo[x86_64]
app:configureDomesticBetaDependencies
app:configureDomesticReleaseDependencies
app:configureDomesticUatDependencies
app:configureOverseasBetaDependencies
app:configureOverseasReleaseDependencies
app:configureOverseasUatDependencies
app:consumeConfigAttr
base:consumeConfigAttr
bluetooth:consumeConfigAttr
calendarview:consumeConfigAttr
camera:consumeConfigAttr
common:consumeConfigAttr
core-device:consumeConfigAttr
core-device-setup:consumeConfigAttr
core-log:consumeConfigAttr
core-messaging:consumeConfigAttr
core-ui:consumeConfigAttr
core-util:consumeConfigAttr
crash-report-bugly:consumeConfigAttr
crash-report-core:consumeConfigAttr
crash-report-firebase:consumeConfigAttr
domain:consumeConfigAttr
dsbridge:consumeConfigAttr
net:consumeConfigAttr
permissionx:consumeConfigAttr
player-core:consumeConfigAttr
player-feature-ipc:consumeConfigAttr
player-provider-airtc-android:consumeConfigAttr
player-provider-ugrtc-android:consumeConfigAttr
player-runtime-android:consumeConfigAttr
player-sdk-android:consumeConfigAttr
push-core:consumeConfigAttr
push-getui:consumeConfigAttr
push-google:consumeConfigAttr
push-honor:consumeConfigAttr
push-huawei:consumeConfigAttr
push-oppo:consumeConfigAttr
push-vivo:consumeConfigAttr
push-xiaomi:consumeConfigAttr
qrcode:consumeConfigAttr
repository:consumeConfigAttr
rn-platform:consumeConfigAttr
app:convertLinkedResourcesToBinaryDomesticBeta
app:convertLinkedResourcesToBinaryDomesticRelease
app:convertLinkedResourcesToBinaryDomesticUat
app:convertLinkedResourcesToBinaryOverseasBeta
app:convertLinkedResourcesToBinaryOverseasRelease
app:convertLinkedResourcesToBinaryOverseasUat
app:convertShrunkResourcesToBinaryDomesticBeta
app:convertShrunkResourcesToBinaryDomesticRelease
app:convertShrunkResourcesToBinaryDomesticUat
app:convertShrunkResourcesToBinaryOverseasBeta
app:convertShrunkResourcesToBinaryOverseasRelease
app:convertShrunkResourcesToBinaryOverseasUat
player-core:copyAndroidMainJniLibsProjectOnly
base:copyDebugJniLibsProjectAndLocalJars
bluetooth:copyDebugJniLibsProjectAndLocalJars
calendarview:copyDebugJniLibsProjectAndLocalJars
camera:copyDebugJniLibsProjectAndLocalJars
common:copyDebugJniLibsProjectAndLocalJars
core-device:copyDebugJniLibsProjectAndLocalJars
core-device-setup:copyDebugJniLibsProjectAndLocalJars
core-log:copyDebugJniLibsProjectAndLocalJars
core-messaging:copyDebugJniLibsProjectAndLocalJars
core-ui:copyDebugJniLibsProjectAndLocalJars
core-util:copyDebugJniLibsProjectAndLocalJars
crash-report-bugly:copyDebugJniLibsProjectAndLocalJars
crash-report-core:copyDebugJniLibsProjectAndLocalJars
crash-report-firebase:copyDebugJniLibsProjectAndLocalJars
domain:copyDebugJniLibsProjectAndLocalJars
dsbridge:copyDebugJniLibsProjectAndLocalJars
net:copyDebugJniLibsProjectAndLocalJars
permissionx:copyDebugJniLibsProjectAndLocalJars
player-feature-ipc:copyDebugJniLibsProjectAndLocalJars
player-provider-airtc-android:copyDebugJniLibsProjectAndLocalJars
player-provider-ugrtc-android:copyDebugJniLibsProjectAndLocalJars
player-runtime-android:copyDebugJniLibsProjectAndLocalJars
player-sdk-android:copyDebugJniLibsProjectAndLocalJars
push-core:copyDebugJniLibsProjectAndLocalJars
push-getui:copyDebugJniLibsProjectAndLocalJars
push-google:copyDebugJniLibsProjectAndLocalJars
push-honor:copyDebugJniLibsProjectAndLocalJars
push-huawei:copyDebugJniLibsProjectAndLocalJars
push-oppo:copyDebugJniLibsProjectAndLocalJars
push-vivo:copyDebugJniLibsProjectAndLocalJars
push-xiaomi:copyDebugJniLibsProjectAndLocalJars
qrcode:copyDebugJniLibsProjectAndLocalJars
repository:copyDebugJniLibsProjectAndLocalJars
rn-platform:copyDebugJniLibsProjectAndLocalJars
base:copyDebugJniLibsProjectOnly
bluetooth:copyDebugJniLibsProjectOnly
calendarview:copyDebugJniLibsProjectOnly
camera:copyDebugJniLibsProjectOnly
common:copyDebugJniLibsProjectOnly
core-device:copyDebugJniLibsProjectOnly
core-device-setup:copyDebugJniLibsProjectOnly
core-log:copyDebugJniLibsProjectOnly
core-messaging:copyDebugJniLibsProjectOnly
core-ui:copyDebugJniLibsProjectOnly
core-util:copyDebugJniLibsProjectOnly
crash-report-bugly:copyDebugJniLibsProjectOnly
crash-report-core:copyDebugJniLibsProjectOnly
crash-report-firebase:copyDebugJniLibsProjectOnly
domain:copyDebugJniLibsProjectOnly
dsbridge:copyDebugJniLibsProjectOnly
net:copyDebugJniLibsProjectOnly
permissionx:copyDebugJniLibsProjectOnly
player-feature-ipc:copyDebugJniLibsProjectOnly
player-provider-airtc-android:copyDebugJniLibsProjectOnly
player-provider-ugrtc-android:copyDebugJniLibsProjectOnly
player-runtime-android:copyDebugJniLibsProjectOnly
player-sdk-android:copyDebugJniLibsProjectOnly
push-core:copyDebugJniLibsProjectOnly
push-getui:copyDebugJniLibsProjectOnly
push-google:copyDebugJniLibsProjectOnly
push-honor:copyDebugJniLibsProjectOnly
push-huawei:copyDebugJniLibsProjectOnly
push-oppo:copyDebugJniLibsProjectOnly
push-vivo:copyDebugJniLibsProjectOnly
push-xiaomi:copyDebugJniLibsProjectOnly
qrcode:copyDebugJniLibsProjectOnly
repository:copyDebugJniLibsProjectOnly
rn-platform:copyDebugJniLibsProjectOnly
base:copyReleaseJniLibsProjectAndLocalJars
bluetooth:copyReleaseJniLibsProjectAndLocalJars
calendarview:copyReleaseJniLibsProjectAndLocalJars
camera:copyReleaseJniLibsProjectAndLocalJars
common:copyReleaseJniLibsProjectAndLocalJars
core-device:copyReleaseJniLibsProjectAndLocalJars
core-device-setup:copyReleaseJniLibsProjectAndLocalJars
core-log:copyReleaseJniLibsProjectAndLocalJars
core-messaging:copyReleaseJniLibsProjectAndLocalJars
core-ui:copyReleaseJniLibsProjectAndLocalJars
core-util:copyReleaseJniLibsProjectAndLocalJars
crash-report-bugly:copyReleaseJniLibsProjectAndLocalJars
crash-report-core:copyReleaseJniLibsProjectAndLocalJars
crash-report-firebase:copyReleaseJniLibsProjectAndLocalJars
domain:copyReleaseJniLibsProjectAndLocalJars
dsbridge:copyReleaseJniLibsProjectAndLocalJars
net:copyReleaseJniLibsProjectAndLocalJars
permissionx:copyReleaseJniLibsProjectAndLocalJars
player-feature-ipc:copyReleaseJniLibsProjectAndLocalJars
player-provider-airtc-android:copyReleaseJniLibsProjectAndLocalJars
player-provider-ugrtc-android:copyReleaseJniLibsProjectAndLocalJars
player-runtime-android:copyReleaseJniLibsProjectAndLocalJars
player-sdk-android:copyReleaseJniLibsProjectAndLocalJars
push-core:copyReleaseJniLibsProjectAndLocalJars
push-getui:copyReleaseJniLibsProjectAndLocalJars
push-google:copyReleaseJniLibsProjectAndLocalJars
push-honor:copyReleaseJniLibsProjectAndLocalJars
push-huawei:copyReleaseJniLibsProjectAndLocalJars
push-oppo:copyReleaseJniLibsProjectAndLocalJars
push-vivo:copyReleaseJniLibsProjectAndLocalJars
push-xiaomi:copyReleaseJniLibsProjectAndLocalJars
qrcode:copyReleaseJniLibsProjectAndLocalJars
repository:copyReleaseJniLibsProjectAndLocalJars
rn-platform:copyReleaseJniLibsProjectAndLocalJars
base:copyReleaseJniLibsProjectOnly
bluetooth:copyReleaseJniLibsProjectOnly
calendarview:copyReleaseJniLibsProjectOnly
camera:copyReleaseJniLibsProjectOnly
common:copyReleaseJniLibsProjectOnly
core-device:copyReleaseJniLibsProjectOnly
core-device-setup:copyReleaseJniLibsProjectOnly
core-log:copyReleaseJniLibsProjectOnly
core-messaging:copyReleaseJniLibsProjectOnly
core-ui:copyReleaseJniLibsProjectOnly
core-util:copyReleaseJniLibsProjectOnly
crash-report-bugly:copyReleaseJniLibsProjectOnly
crash-report-core:copyReleaseJniLibsProjectOnly
crash-report-firebase:copyReleaseJniLibsProjectOnly
domain:copyReleaseJniLibsProjectOnly
dsbridge:copyReleaseJniLibsProjectOnly
net:copyReleaseJniLibsProjectOnly
permissionx:copyReleaseJniLibsProjectOnly
player-feature-ipc:copyReleaseJniLibsProjectOnly
player-provider-airtc-android:copyReleaseJniLibsProjectOnly
player-provider-ugrtc-android:copyReleaseJniLibsProjectOnly
player-runtime-android:copyReleaseJniLibsProjectOnly
player-sdk-android:copyReleaseJniLibsProjectOnly
push-core:copyReleaseJniLibsProjectOnly
push-getui:copyReleaseJniLibsProjectOnly
push-google:copyReleaseJniLibsProjectOnly
push-honor:copyReleaseJniLibsProjectOnly
push-huawei:copyReleaseJniLibsProjectOnly
push-oppo:copyReleaseJniLibsProjectOnly
push-vivo:copyReleaseJniLibsProjectOnly
push-xiaomi:copyReleaseJniLibsProjectOnly
qrcode:copyReleaseJniLibsProjectOnly
repository:copyReleaseJniLibsProjectOnly
rn-platform:copyReleaseJniLibsProjectOnly
app:copyRenamedAabDomesticBeta
app:copyRenamedAabDomesticDebug
app:copyRenamedAabDomesticRelease
app:copyRenamedAabDomesticUat
app:copyRenamedAabOverseasBeta
app:copyRenamedAabOverseasDebug
app:copyRenamedAabOverseasRelease
app:copyRenamedAabOverseasUat
app:copyRenamedApkDomesticBeta
app:copyRenamedApkDomesticDebug
app:copyRenamedApkDomesticRelease
app:copyRenamedApkDomesticUat
app:copyRenamedApkOverseasBeta
app:copyRenamedApkOverseasDebug
app:copyRenamedApkOverseasRelease
app:copyRenamedApkOverseasUat
base:createDebugAndroidTestApkListingFileRedirect
bluetooth:createDebugAndroidTestApkListingFileRedirect
calendarview:createDebugAndroidTestApkListingFileRedirect
camera:createDebugAndroidTestApkListingFileRedirect
common:createDebugAndroidTestApkListingFileRedirect
core-device:createDebugAndroidTestApkListingFileRedirect
core-device-setup:createDebugAndroidTestApkListingFileRedirect
core-log:createDebugAndroidTestApkListingFileRedirect
core-messaging:createDebugAndroidTestApkListingFileRedirect
core-ui:createDebugAndroidTestApkListingFileRedirect
core-util:createDebugAndroidTestApkListingFileRedirect
crash-report-bugly:createDebugAndroidTestApkListingFileRedirect
crash-report-core:createDebugAndroidTestApkListingFileRedirect
crash-report-firebase:createDebugAndroidTestApkListingFileRedirect
domain:createDebugAndroidTestApkListingFileRedirect
dsbridge:createDebugAndroidTestApkListingFileRedirect
net:createDebugAndroidTestApkListingFileRedirect
permissionx:createDebugAndroidTestApkListingFileRedirect
player-feature-ipc:createDebugAndroidTestApkListingFileRedirect
player-provider-airtc-android:createDebugAndroidTestApkListingFileRedirect
player-provider-ugrtc-android:createDebugAndroidTestApkListingFileRedirect
player-runtime-android:createDebugAndroidTestApkListingFileRedirect
player-sdk-android:createDebugAndroidTestApkListingFileRedirect
push-core:createDebugAndroidTestApkListingFileRedirect
push-getui:createDebugAndroidTestApkListingFileRedirect
push-google:createDebugAndroidTestApkListingFileRedirect
push-honor:createDebugAndroidTestApkListingFileRedirect
push-huawei:createDebugAndroidTestApkListingFileRedirect
push-oppo:createDebugAndroidTestApkListingFileRedirect
push-vivo:createDebugAndroidTestApkListingFileRedirect
push-xiaomi:createDebugAndroidTestApkListingFileRedirect
qrcode:createDebugAndroidTestApkListingFileRedirect
repository:createDebugAndroidTestApkListingFileRedirect
rn-platform:createDebugAndroidTestApkListingFileRedirect
app:createDomesticBetaApkListingFileRedirect
app:createDomesticBetaApksFromBundleListingFileRedirect
app:createDomesticBetaBundleListingFileRedirect
app:createDomesticBetaCompatibleScreenManifests
app:createDomesticDebugAndroidTestApkListingFileRedirect
app:createDomesticDebugApkListingFileRedirect
app:createDomesticDebugApksFromBundleListingFileRedirect
app:createDomesticDebugBundleListingFileRedirect
app:createDomesticDebugCompatibleScreenManifests
app:createDomesticReleaseApkListingFileRedirect
app:createDomesticReleaseApksFromBundleListingFileRedirect
app:createDomesticReleaseBundleListingFileRedirect
app:createDomesticReleaseCompatibleScreenManifests
app:createDomesticUatApkListingFileRedirect
app:createDomesticUatApksFromBundleListingFileRedirect
app:createDomesticUatBundleListingFileRedirect
app:createDomesticUatCompatibleScreenManifests
player-core:createFullJarAndroidMain
base:createFullJarDebug
bluetooth:createFullJarDebug
calendarview:createFullJarDebug
camera:createFullJarDebug
common:createFullJarDebug
core-device:createFullJarDebug
core-device-setup:createFullJarDebug
core-log:createFullJarDebug
core-messaging:createFullJarDebug
core-ui:createFullJarDebug
core-util:createFullJarDebug
crash-report-bugly:createFullJarDebug
crash-report-core:createFullJarDebug
crash-report-firebase:createFullJarDebug
domain:createFullJarDebug
dsbridge:createFullJarDebug
net:createFullJarDebug
permissionx:createFullJarDebug
player-feature-ipc:createFullJarDebug
player-provider-airtc-android:createFullJarDebug
player-provider-ugrtc-android:createFullJarDebug
player-runtime-android:createFullJarDebug
player-sdk-android:createFullJarDebug
push-core:createFullJarDebug
push-getui:createFullJarDebug
push-google:createFullJarDebug
push-honor:createFullJarDebug
push-huawei:createFullJarDebug
push-oppo:createFullJarDebug
push-vivo:createFullJarDebug
push-xiaomi:createFullJarDebug
qrcode:createFullJarDebug
repository:createFullJarDebug
rn-platform:createFullJarDebug
base:createFullJarRelease
bluetooth:createFullJarRelease
calendarview:createFullJarRelease
camera:createFullJarRelease
common:createFullJarRelease
core-device:createFullJarRelease
core-device-setup:createFullJarRelease
core-log:createFullJarRelease
core-messaging:createFullJarRelease
core-ui:createFullJarRelease
core-util:createFullJarRelease
crash-report-bugly:createFullJarRelease
crash-report-core:createFullJarRelease
crash-report-firebase:createFullJarRelease
domain:createFullJarRelease
dsbridge:createFullJarRelease
net:createFullJarRelease
permissionx:createFullJarRelease
player-feature-ipc:createFullJarRelease
player-provider-airtc-android:createFullJarRelease
player-provider-ugrtc-android:createFullJarRelease
player-runtime-android:createFullJarRelease
player-sdk-android:createFullJarRelease
push-core:createFullJarRelease
push-getui:createFullJarRelease
push-google:createFullJarRelease
push-honor:createFullJarRelease
push-huawei:createFullJarRelease
push-oppo:createFullJarRelease
push-vivo:createFullJarRelease
push-xiaomi:createFullJarRelease
qrcode:createFullJarRelease
repository:createFullJarRelease
rn-platform:createFullJarRelease
app:createMockableJar
base:createMockableJar
bluetooth:createMockableJar
calendarview:createMockableJar
camera:createMockableJar
common:createMockableJar
core-device:createMockableJar
core-device-setup:createMockableJar
core-log:createMockableJar
core-messaging:createMockableJar
core-ui:createMockableJar
core-util:createMockableJar
crash-report-bugly:createMockableJar
crash-report-core:createMockableJar
crash-report-firebase:createMockableJar
domain:createMockableJar
dsbridge:createMockableJar
net:createMockableJar
permissionx:createMockableJar
player-feature-ipc:createMockableJar
player-provider-airtc-android:createMockableJar
player-provider-ugrtc-android:createMockableJar
player-runtime-android:createMockableJar
player-sdk-android:createMockableJar
push-core:createMockableJar
push-getui:createMockableJar
push-google:createMockableJar
push-honor:createMockableJar
push-huawei:createMockableJar
push-oppo:createMockableJar
push-vivo:createMockableJar
push-xiaomi:createMockableJar
qrcode:createMockableJar
repository:createMockableJar
rn-platform:createMockableJar
app:createOverseasBetaApkListingFileRedirect
app:createOverseasBetaApksFromBundleListingFileRedirect
app:createOverseasBetaBundleListingFileRedirect
app:createOverseasBetaCompatibleScreenManifests
app:createOverseasDebugAndroidTestApkListingFileRedirect
app:createOverseasDebugApkListingFileRedirect
app:createOverseasDebugApksFromBundleListingFileRedirect
app:createOverseasDebugBundleListingFileRedirect
app:createOverseasDebugCompatibleScreenManifests
app:createOverseasReleaseApkListingFileRedirect
app:createOverseasReleaseApksFromBundleListingFileRedirect
app:createOverseasReleaseBundleListingFileRedirect
app:createOverseasReleaseCompatibleScreenManifests
app:createOverseasUatApkListingFileRedirect
app:createOverseasUatApksFromBundleListingFileRedirect
app:createOverseasUatBundleListingFileRedirect
app:createOverseasUatCompatibleScreenManifests
base:dataBindingGenBaseClassesDebug
common:dataBindingGenBaseClassesDebug
core-ui:dataBindingGenBaseClassesDebug
permissionx:dataBindingGenBaseClassesDebug
player-feature-ipc:dataBindingGenBaseClassesDebug
player-runtime-android:dataBindingGenBaseClassesDebug
base:dataBindingGenBaseClassesDebugAndroidTest
common:dataBindingGenBaseClassesDebugAndroidTest
core-ui:dataBindingGenBaseClassesDebugAndroidTest
permissionx:dataBindingGenBaseClassesDebugAndroidTest
player-feature-ipc:dataBindingGenBaseClassesDebugAndroidTest
player-runtime-android:dataBindingGenBaseClassesDebugAndroidTest
app:dataBindingGenBaseClassesDomesticBeta
app:dataBindingGenBaseClassesDomesticDebug
app:dataBindingGenBaseClassesDomesticDebugAndroidTest
app:dataBindingGenBaseClassesDomesticRelease
app:dataBindingGenBaseClassesDomesticUat
app:dataBindingGenBaseClassesOverseasBeta
app:dataBindingGenBaseClassesOverseasDebug
app:dataBindingGenBaseClassesOverseasDebugAndroidTest
app:dataBindingGenBaseClassesOverseasRelease
app:dataBindingGenBaseClassesOverseasUat
base:dataBindingGenBaseClassesRelease
common:dataBindingGenBaseClassesRelease
core-ui:dataBindingGenBaseClassesRelease
permissionx:dataBindingGenBaseClassesRelease
player-feature-ipc:dataBindingGenBaseClassesRelease
player-runtime-android:dataBindingGenBaseClassesRelease
base:dataBindingMergeDependencyArtifactsDebug
common:dataBindingMergeDependencyArtifactsDebug
core-ui:dataBindingMergeDependencyArtifactsDebug
permissionx:dataBindingMergeDependencyArtifactsDebug
player-feature-ipc:dataBindingMergeDependencyArtifactsDebug
player-runtime-android:dataBindingMergeDependencyArtifactsDebug
base:dataBindingMergeDependencyArtifactsDebugAndroidTest
common:dataBindingMergeDependencyArtifactsDebugAndroidTest
core-ui:dataBindingMergeDependencyArtifactsDebugAndroidTest
permissionx:dataBindingMergeDependencyArtifactsDebugAndroidTest
player-feature-ipc:dataBindingMergeDependencyArtifactsDebugAndroidTest
player-runtime-android:dataBindingMergeDependencyArtifactsDebugAndroidTest
app:dataBindingMergeDependencyArtifactsDomesticBeta
app:dataBindingMergeDependencyArtifactsDomesticDebug
app:dataBindingMergeDependencyArtifactsDomesticDebugAndroidTest
app:dataBindingMergeDependencyArtifactsDomesticRelease
app:dataBindingMergeDependencyArtifactsDomesticUat
app:dataBindingMergeDependencyArtifactsOverseasBeta
app:dataBindingMergeDependencyArtifactsOverseasDebug
app:dataBindingMergeDependencyArtifactsOverseasDebugAndroidTest
app:dataBindingMergeDependencyArtifactsOverseasRelease
app:dataBindingMergeDependencyArtifactsOverseasUat
base:dataBindingMergeDependencyArtifactsRelease
common:dataBindingMergeDependencyArtifactsRelease
core-ui:dataBindingMergeDependencyArtifactsRelease
permissionx:dataBindingMergeDependencyArtifactsRelease
player-feature-ipc:dataBindingMergeDependencyArtifactsRelease
player-runtime-android:dataBindingMergeDependencyArtifactsRelease
base:desugarDebugAndroidTestFileDependencies
bluetooth:desugarDebugAndroidTestFileDependencies
calendarview:desugarDebugAndroidTestFileDependencies
camera:desugarDebugAndroidTestFileDependencies
common:desugarDebugAndroidTestFileDependencies
core-device:desugarDebugAndroidTestFileDependencies
core-device-setup:desugarDebugAndroidTestFileDependencies
core-log:desugarDebugAndroidTestFileDependencies
core-messaging:desugarDebugAndroidTestFileDependencies
core-ui:desugarDebugAndroidTestFileDependencies
core-util:desugarDebugAndroidTestFileDependencies
crash-report-bugly:desugarDebugAndroidTestFileDependencies
crash-report-core:desugarDebugAndroidTestFileDependencies
crash-report-firebase:desugarDebugAndroidTestFileDependencies
domain:desugarDebugAndroidTestFileDependencies
dsbridge:desugarDebugAndroidTestFileDependencies
net:desugarDebugAndroidTestFileDependencies
permissionx:desugarDebugAndroidTestFileDependencies
player-feature-ipc:desugarDebugAndroidTestFileDependencies
player-provider-airtc-android:desugarDebugAndroidTestFileDependencies
player-provider-ugrtc-android:desugarDebugAndroidTestFileDependencies
player-runtime-android:desugarDebugAndroidTestFileDependencies
player-sdk-android:desugarDebugAndroidTestFileDependencies
push-core:desugarDebugAndroidTestFileDependencies
push-getui:desugarDebugAndroidTestFileDependencies
push-google:desugarDebugAndroidTestFileDependencies
push-honor:desugarDebugAndroidTestFileDependencies
push-huawei:desugarDebugAndroidTestFileDependencies
push-oppo:desugarDebugAndroidTestFileDependencies
push-vivo:desugarDebugAndroidTestFileDependencies
push-xiaomi:desugarDebugAndroidTestFileDependencies
qrcode:desugarDebugAndroidTestFileDependencies
repository:desugarDebugAndroidTestFileDependencies
rn-platform:desugarDebugAndroidTestFileDependencies
app:desugarDomesticDebugAndroidTestFileDependencies
app:desugarDomesticDebugFileDependencies
app:desugarOverseasDebugAndroidTestFileDependencies
app:desugarOverseasDebugFileDependencies
base:dexBuilderDebugAndroidTest
bluetooth:dexBuilderDebugAndroidTest
calendarview:dexBuilderDebugAndroidTest
camera:dexBuilderDebugAndroidTest
common:dexBuilderDebugAndroidTest
core-device:dexBuilderDebugAndroidTest
core-device-setup:dexBuilderDebugAndroidTest
core-log:dexBuilderDebugAndroidTest
core-messaging:dexBuilderDebugAndroidTest
core-ui:dexBuilderDebugAndroidTest
core-util:dexBuilderDebugAndroidTest
crash-report-bugly:dexBuilderDebugAndroidTest
crash-report-core:dexBuilderDebugAndroidTest
crash-report-firebase:dexBuilderDebugAndroidTest
domain:dexBuilderDebugAndroidTest
dsbridge:dexBuilderDebugAndroidTest
net:dexBuilderDebugAndroidTest
permissionx:dexBuilderDebugAndroidTest
player-feature-ipc:dexBuilderDebugAndroidTest
player-provider-airtc-android:dexBuilderDebugAndroidTest
player-provider-ugrtc-android:dexBuilderDebugAndroidTest
player-runtime-android:dexBuilderDebugAndroidTest
player-sdk-android:dexBuilderDebugAndroidTest
push-core:dexBuilderDebugAndroidTest
push-getui:dexBuilderDebugAndroidTest
push-google:dexBuilderDebugAndroidTest
push-honor:dexBuilderDebugAndroidTest
push-huawei:dexBuilderDebugAndroidTest
push-oppo:dexBuilderDebugAndroidTest
push-vivo:dexBuilderDebugAndroidTest
push-xiaomi:dexBuilderDebugAndroidTest
qrcode:dexBuilderDebugAndroidTest
repository:dexBuilderDebugAndroidTest
rn-platform:dexBuilderDebugAndroidTest
app:dexBuilderDomesticDebug
app:dexBuilderDomesticDebugAndroidTest
app:dexBuilderOverseasDebug
app:dexBuilderOverseasDebugAndroidTest
app:expandDomesticBetaArtProfileWildcards
app:expandDomesticBetaL8ArtProfileWildcards
app:expandDomesticReleaseArtProfileWildcards
app:expandDomesticReleaseL8ArtProfileWildcards
app:expandDomesticUatArtProfileWildcards
app:expandDomesticUatL8ArtProfileWildcards
app:expandOverseasBetaArtProfileWildcards
app:expandOverseasBetaL8ArtProfileWildcards
app:expandOverseasReleaseArtProfileWildcards
app:expandOverseasReleaseL8ArtProfileWildcards
app:expandOverseasUatArtProfileWildcards
app:expandOverseasUatL8ArtProfileWildcards
player-core:exportCommonSourceSetsMetadataLocationsForMetadataApiElements
base:exportDebugConsumerProguardFiles
bluetooth:exportDebugConsumerProguardFiles
calendarview:exportDebugConsumerProguardFiles
camera:exportDebugConsumerProguardFiles
common:exportDebugConsumerProguardFiles
core-device:exportDebugConsumerProguardFiles
core-device-setup:exportDebugConsumerProguardFiles
core-log:exportDebugConsumerProguardFiles
core-messaging:exportDebugConsumerProguardFiles
core-ui:exportDebugConsumerProguardFiles
core-util:exportDebugConsumerProguardFiles
crash-report-bugly:exportDebugConsumerProguardFiles
crash-report-core:exportDebugConsumerProguardFiles
crash-report-firebase:exportDebugConsumerProguardFiles
domain:exportDebugConsumerProguardFiles
dsbridge:exportDebugConsumerProguardFiles
net:exportDebugConsumerProguardFiles
permissionx:exportDebugConsumerProguardFiles
player-feature-ipc:exportDebugConsumerProguardFiles
player-provider-airtc-android:exportDebugConsumerProguardFiles
player-provider-ugrtc-android:exportDebugConsumerProguardFiles
player-runtime-android:exportDebugConsumerProguardFiles
player-sdk-android:exportDebugConsumerProguardFiles
push-core:exportDebugConsumerProguardFiles
push-getui:exportDebugConsumerProguardFiles
push-google:exportDebugConsumerProguardFiles
push-honor:exportDebugConsumerProguardFiles
push-huawei:exportDebugConsumerProguardFiles
push-oppo:exportDebugConsumerProguardFiles
push-vivo:exportDebugConsumerProguardFiles
push-xiaomi:exportDebugConsumerProguardFiles
qrcode:exportDebugConsumerProguardFiles
repository:exportDebugConsumerProguardFiles
rn-platform:exportDebugConsumerProguardFiles
base:exportReleaseConsumerProguardFiles
bluetooth:exportReleaseConsumerProguardFiles
calendarview:exportReleaseConsumerProguardFiles
camera:exportReleaseConsumerProguardFiles
common:exportReleaseConsumerProguardFiles
core-device:exportReleaseConsumerProguardFiles
core-device-setup:exportReleaseConsumerProguardFiles
core-log:exportReleaseConsumerProguardFiles
core-messaging:exportReleaseConsumerProguardFiles
core-ui:exportReleaseConsumerProguardFiles
core-util:exportReleaseConsumerProguardFiles
crash-report-bugly:exportReleaseConsumerProguardFiles
crash-report-core:exportReleaseConsumerProguardFiles
crash-report-firebase:exportReleaseConsumerProguardFiles
domain:exportReleaseConsumerProguardFiles
dsbridge:exportReleaseConsumerProguardFiles
net:exportReleaseConsumerProguardFiles
permissionx:exportReleaseConsumerProguardFiles
player-feature-ipc:exportReleaseConsumerProguardFiles
player-provider-airtc-android:exportReleaseConsumerProguardFiles
player-provider-ugrtc-android:exportReleaseConsumerProguardFiles
player-runtime-android:exportReleaseConsumerProguardFiles
player-sdk-android:exportReleaseConsumerProguardFiles
push-core:exportReleaseConsumerProguardFiles
push-getui:exportReleaseConsumerProguardFiles
push-google:exportReleaseConsumerProguardFiles
push-honor:exportReleaseConsumerProguardFiles
push-huawei:exportReleaseConsumerProguardFiles
push-oppo:exportReleaseConsumerProguardFiles
push-vivo:exportReleaseConsumerProguardFiles
push-xiaomi:exportReleaseConsumerProguardFiles
qrcode:exportReleaseConsumerProguardFiles
repository:exportReleaseConsumerProguardFiles
rn-platform:exportReleaseConsumerProguardFiles
player-core:exportRootPublicationCoordinatesForMetadataApiElements
player-core:exportTargetPublicationCoordinatesForAndroidApiElements
player-core:exportTargetPublicationCoordinatesForAndroidRuntimeElements
player-runtime-android:externalNativeBuildCleanDebug
player-runtime-android:externalNativeBuildCleanRelease
player-runtime-android:externalNativeBuildDebug
player-runtime-android:externalNativeBuildRelease
app:extractApksForDomesticBeta
app:extractApksForDomesticDebug
app:extractApksForDomesticRelease
app:extractApksForDomesticUat
app:extractApksForOverseasBeta
app:extractApksForOverseasDebug
app:extractApksForOverseasRelease
app:extractApksForOverseasUat
app:extractApksFromBundleForDomesticBeta
app:extractApksFromBundleForDomesticDebug
app:extractApksFromBundleForDomesticRelease
app:extractApksFromBundleForDomesticUat
app:extractApksFromBundleForOverseasBeta
app:extractApksFromBundleForOverseasDebug
app:extractApksFromBundleForOverseasRelease
app:extractApksFromBundleForOverseasUat
base:extractDebugSupportedLocales
bluetooth:extractDebugSupportedLocales
calendarview:extractDebugSupportedLocales
camera:extractDebugSupportedLocales
common:extractDebugSupportedLocales
core-device:extractDebugSupportedLocales
core-device-setup:extractDebugSupportedLocales
core-log:extractDebugSupportedLocales
core-messaging:extractDebugSupportedLocales
core-ui:extractDebugSupportedLocales
core-util:extractDebugSupportedLocales
crash-report-bugly:extractDebugSupportedLocales
crash-report-core:extractDebugSupportedLocales
crash-report-firebase:extractDebugSupportedLocales
domain:extractDebugSupportedLocales
dsbridge:extractDebugSupportedLocales
net:extractDebugSupportedLocales
permissionx:extractDebugSupportedLocales
player-feature-ipc:extractDebugSupportedLocales
player-provider-airtc-android:extractDebugSupportedLocales
player-provider-ugrtc-android:extractDebugSupportedLocales
player-runtime-android:extractDebugSupportedLocales
player-sdk-android:extractDebugSupportedLocales
push-core:extractDebugSupportedLocales
push-getui:extractDebugSupportedLocales
push-google:extractDebugSupportedLocales
push-honor:extractDebugSupportedLocales
push-huawei:extractDebugSupportedLocales
push-oppo:extractDebugSupportedLocales
push-vivo:extractDebugSupportedLocales
push-xiaomi:extractDebugSupportedLocales
qrcode:extractDebugSupportedLocales
repository:extractDebugSupportedLocales
rn-platform:extractDebugSupportedLocales
base:extractDeepLinksDebug
bluetooth:extractDeepLinksDebug
calendarview:extractDeepLinksDebug
camera:extractDeepLinksDebug
common:extractDeepLinksDebug
core-device:extractDeepLinksDebug
core-device-setup:extractDeepLinksDebug
core-log:extractDeepLinksDebug
core-messaging:extractDeepLinksDebug
core-ui:extractDeepLinksDebug
core-util:extractDeepLinksDebug
crash-report-bugly:extractDeepLinksDebug
crash-report-core:extractDeepLinksDebug
crash-report-firebase:extractDeepLinksDebug
domain:extractDeepLinksDebug
dsbridge:extractDeepLinksDebug
net:extractDeepLinksDebug
permissionx:extractDeepLinksDebug
player-feature-ipc:extractDeepLinksDebug
player-provider-airtc-android:extractDeepLinksDebug
player-provider-ugrtc-android:extractDeepLinksDebug
player-runtime-android:extractDeepLinksDebug
player-sdk-android:extractDeepLinksDebug
push-core:extractDeepLinksDebug
push-getui:extractDeepLinksDebug
push-google:extractDeepLinksDebug
push-honor:extractDeepLinksDebug
push-huawei:extractDeepLinksDebug
push-oppo:extractDeepLinksDebug
push-vivo:extractDeepLinksDebug
push-xiaomi:extractDeepLinksDebug
qrcode:extractDeepLinksDebug
repository:extractDeepLinksDebug
rn-platform:extractDeepLinksDebug
app:extractDeepLinksDomesticBeta
app:extractDeepLinksDomesticDebug
app:extractDeepLinksDomesticRelease
app:extractDeepLinksDomesticUat
base:extractDeepLinksForAarDebug
bluetooth:extractDeepLinksForAarDebug
calendarview:extractDeepLinksForAarDebug
camera:extractDeepLinksForAarDebug
common:extractDeepLinksForAarDebug
core-device:extractDeepLinksForAarDebug
core-device-setup:extractDeepLinksForAarDebug
core-log:extractDeepLinksForAarDebug
core-messaging:extractDeepLinksForAarDebug
core-ui:extractDeepLinksForAarDebug
core-util:extractDeepLinksForAarDebug
crash-report-bugly:extractDeepLinksForAarDebug
crash-report-core:extractDeepLinksForAarDebug
crash-report-firebase:extractDeepLinksForAarDebug
domain:extractDeepLinksForAarDebug
dsbridge:extractDeepLinksForAarDebug
net:extractDeepLinksForAarDebug
permissionx:extractDeepLinksForAarDebug
player-feature-ipc:extractDeepLinksForAarDebug
player-provider-airtc-android:extractDeepLinksForAarDebug
player-provider-ugrtc-android:extractDeepLinksForAarDebug
player-runtime-android:extractDeepLinksForAarDebug
player-sdk-android:extractDeepLinksForAarDebug
push-core:extractDeepLinksForAarDebug
push-getui:extractDeepLinksForAarDebug
push-google:extractDeepLinksForAarDebug
push-honor:extractDeepLinksForAarDebug
push-huawei:extractDeepLinksForAarDebug
push-oppo:extractDeepLinksForAarDebug
push-vivo:extractDeepLinksForAarDebug
push-xiaomi:extractDeepLinksForAarDebug
qrcode:extractDeepLinksForAarDebug
repository:extractDeepLinksForAarDebug
rn-platform:extractDeepLinksForAarDebug
base:extractDeepLinksForAarRelease
bluetooth:extractDeepLinksForAarRelease
calendarview:extractDeepLinksForAarRelease
camera:extractDeepLinksForAarRelease
common:extractDeepLinksForAarRelease
core-device:extractDeepLinksForAarRelease
core-device-setup:extractDeepLinksForAarRelease
core-log:extractDeepLinksForAarRelease
core-messaging:extractDeepLinksForAarRelease
core-ui:extractDeepLinksForAarRelease
core-util:extractDeepLinksForAarRelease
crash-report-bugly:extractDeepLinksForAarRelease
crash-report-core:extractDeepLinksForAarRelease
crash-report-firebase:extractDeepLinksForAarRelease
domain:extractDeepLinksForAarRelease
dsbridge:extractDeepLinksForAarRelease
net:extractDeepLinksForAarRelease
permissionx:extractDeepLinksForAarRelease
player-feature-ipc:extractDeepLinksForAarRelease
player-provider-airtc-android:extractDeepLinksForAarRelease
player-provider-ugrtc-android:extractDeepLinksForAarRelease
player-runtime-android:extractDeepLinksForAarRelease
player-sdk-android:extractDeepLinksForAarRelease
push-core:extractDeepLinksForAarRelease
push-getui:extractDeepLinksForAarRelease
push-google:extractDeepLinksForAarRelease
push-honor:extractDeepLinksForAarRelease
push-huawei:extractDeepLinksForAarRelease
push-oppo:extractDeepLinksForAarRelease
push-vivo:extractDeepLinksForAarRelease
push-xiaomi:extractDeepLinksForAarRelease
qrcode:extractDeepLinksForAarRelease
repository:extractDeepLinksForAarRelease
rn-platform:extractDeepLinksForAarRelease
app:extractDeepLinksOverseasBeta
app:extractDeepLinksOverseasDebug
app:extractDeepLinksOverseasRelease
app:extractDeepLinksOverseasUat
base:extractDeepLinksRelease
bluetooth:extractDeepLinksRelease
calendarview:extractDeepLinksRelease
camera:extractDeepLinksRelease
common:extractDeepLinksRelease
core-device:extractDeepLinksRelease
core-device-setup:extractDeepLinksRelease
core-log:extractDeepLinksRelease
core-messaging:extractDeepLinksRelease
core-ui:extractDeepLinksRelease
core-util:extractDeepLinksRelease
crash-report-bugly:extractDeepLinksRelease
crash-report-core:extractDeepLinksRelease
crash-report-firebase:extractDeepLinksRelease
domain:extractDeepLinksRelease
dsbridge:extractDeepLinksRelease
net:extractDeepLinksRelease
permissionx:extractDeepLinksRelease
player-feature-ipc:extractDeepLinksRelease
player-provider-airtc-android:extractDeepLinksRelease
player-provider-ugrtc-android:extractDeepLinksRelease
player-runtime-android:extractDeepLinksRelease
player-sdk-android:extractDeepLinksRelease
push-core:extractDeepLinksRelease
push-getui:extractDeepLinksRelease
push-google:extractDeepLinksRelease
push-honor:extractDeepLinksRelease
push-huawei:extractDeepLinksRelease
push-oppo:extractDeepLinksRelease
push-vivo:extractDeepLinksRelease
push-xiaomi:extractDeepLinksRelease
qrcode:extractDeepLinksRelease
repository:extractDeepLinksRelease
rn-platform:extractDeepLinksRelease
app:extractDomesticBetaNativeDebugMetadata
app:extractDomesticBetaNativeSymbolTables
app:extractDomesticBetaVersionControlInfo
app:extractDomesticDebugNativeDebugMetadata
app:extractDomesticDebugNativeSymbolTables
app:extractDomesticReleaseNativeDebugMetadata
app:extractDomesticReleaseNativeSymbolTables
app:extractDomesticReleaseVersionControlInfo
app:extractDomesticUatNativeDebugMetadata
app:extractDomesticUatNativeSymbolTables
app:extractDomesticUatVersionControlInfo
app:extractOverseasBetaNativeDebugMetadata
app:extractOverseasBetaNativeSymbolTables
app:extractOverseasBetaVersionControlInfo
app:extractOverseasDebugNativeDebugMetadata
app:extractOverseasDebugNativeSymbolTables
app:extractOverseasReleaseNativeDebugMetadata
app:extractOverseasReleaseNativeSymbolTables
app:extractOverseasReleaseVersionControlInfo
app:extractOverseasUatNativeDebugMetadata
app:extractOverseasUatNativeSymbolTables
app:extractOverseasUatVersionControlInfo
app:extractProguardFiles
base:extractProguardFiles
bluetooth:extractProguardFiles
calendarview:extractProguardFiles
camera:extractProguardFiles
common:extractProguardFiles
core-device:extractProguardFiles
core-device-setup:extractProguardFiles
core-log:extractProguardFiles
core-messaging:extractProguardFiles
core-ui:extractProguardFiles
core-util:extractProguardFiles
crash-report-bugly:extractProguardFiles
crash-report-core:extractProguardFiles
crash-report-firebase:extractProguardFiles
domain:extractProguardFiles
dsbridge:extractProguardFiles
net:extractProguardFiles
permissionx:extractProguardFiles
player-core:extractProguardFiles
player-feature-ipc:extractProguardFiles
player-provider-airtc-android:extractProguardFiles
player-provider-ugrtc-android:extractProguardFiles
player-runtime-android:extractProguardFiles
player-sdk-android:extractProguardFiles
push-core:extractProguardFiles
push-getui:extractProguardFiles
push-google:extractProguardFiles
push-honor:extractProguardFiles
push-huawei:extractProguardFiles
push-oppo:extractProguardFiles
push-vivo:extractProguardFiles
push-xiaomi:extractProguardFiles
qrcode:extractProguardFiles
repository:extractProguardFiles
rn-platform:extractProguardFiles
base:extractReleaseSupportedLocales
bluetooth:extractReleaseSupportedLocales
calendarview:extractReleaseSupportedLocales
camera:extractReleaseSupportedLocales
common:extractReleaseSupportedLocales
core-device:extractReleaseSupportedLocales
core-device-setup:extractReleaseSupportedLocales
core-log:extractReleaseSupportedLocales
core-messaging:extractReleaseSupportedLocales
core-ui:extractReleaseSupportedLocales
core-util:extractReleaseSupportedLocales
crash-report-bugly:extractReleaseSupportedLocales
crash-report-core:extractReleaseSupportedLocales
crash-report-firebase:extractReleaseSupportedLocales
domain:extractReleaseSupportedLocales
dsbridge:extractReleaseSupportedLocales
net:extractReleaseSupportedLocales
permissionx:extractReleaseSupportedLocales
player-feature-ipc:extractReleaseSupportedLocales
player-provider-airtc-android:extractReleaseSupportedLocales
player-provider-ugrtc-android:extractReleaseSupportedLocales
player-runtime-android:extractReleaseSupportedLocales
player-sdk-android:extractReleaseSupportedLocales
push-core:extractReleaseSupportedLocales
push-getui:extractReleaseSupportedLocales
push-google:extractReleaseSupportedLocales
push-honor:extractReleaseSupportedLocales
push-huawei:extractReleaseSupportedLocales
push-oppo:extractReleaseSupportedLocales
push-vivo:extractReleaseSupportedLocales
push-xiaomi:extractReleaseSupportedLocales
qrcode:extractReleaseSupportedLocales
repository:extractReleaseSupportedLocales
rn-platform:extractReleaseSupportedLocales
player-core:fetchSyntheticImportProjectPackages
player-core:generateAndroidMainEmptyResourceFiles
base:generateDebugAndroidTestAssets
bluetooth:generateDebugAndroidTestAssets
calendarview:generateDebugAndroidTestAssets
camera:generateDebugAndroidTestAssets
common:generateDebugAndroidTestAssets
core-device:generateDebugAndroidTestAssets
core-device-setup:generateDebugAndroidTestAssets
core-log:generateDebugAndroidTestAssets
core-messaging:generateDebugAndroidTestAssets
core-ui:generateDebugAndroidTestAssets
core-util:generateDebugAndroidTestAssets
crash-report-bugly:generateDebugAndroidTestAssets
crash-report-core:generateDebugAndroidTestAssets
crash-report-firebase:generateDebugAndroidTestAssets
domain:generateDebugAndroidTestAssets
dsbridge:generateDebugAndroidTestAssets
net:generateDebugAndroidTestAssets
permissionx:generateDebugAndroidTestAssets
player-feature-ipc:generateDebugAndroidTestAssets
player-provider-airtc-android:generateDebugAndroidTestAssets
player-provider-ugrtc-android:generateDebugAndroidTestAssets
player-runtime-android:generateDebugAndroidTestAssets
player-sdk-android:generateDebugAndroidTestAssets
push-core:generateDebugAndroidTestAssets
push-getui:generateDebugAndroidTestAssets
push-google:generateDebugAndroidTestAssets
push-honor:generateDebugAndroidTestAssets
push-huawei:generateDebugAndroidTestAssets
push-oppo:generateDebugAndroidTestAssets
push-vivo:generateDebugAndroidTestAssets
push-xiaomi:generateDebugAndroidTestAssets
qrcode:generateDebugAndroidTestAssets
repository:generateDebugAndroidTestAssets
rn-platform:generateDebugAndroidTestAssets
base:generateDebugAndroidTestBuildConfig
core-device-setup:generateDebugAndroidTestBuildConfig
player-runtime-android:generateDebugAndroidTestBuildConfig
repository:generateDebugAndroidTestBuildConfig
rn-platform:generateDebugAndroidTestBuildConfig
base:generateDebugAndroidTestGlobalSynthetics
bluetooth:generateDebugAndroidTestGlobalSynthetics
calendarview:generateDebugAndroidTestGlobalSynthetics
camera:generateDebugAndroidTestGlobalSynthetics
common:generateDebugAndroidTestGlobalSynthetics
core-device:generateDebugAndroidTestGlobalSynthetics
core-device-setup:generateDebugAndroidTestGlobalSynthetics
core-log:generateDebugAndroidTestGlobalSynthetics
core-messaging:generateDebugAndroidTestGlobalSynthetics
core-ui:generateDebugAndroidTestGlobalSynthetics
core-util:generateDebugAndroidTestGlobalSynthetics
crash-report-bugly:generateDebugAndroidTestGlobalSynthetics
crash-report-core:generateDebugAndroidTestGlobalSynthetics
crash-report-firebase:generateDebugAndroidTestGlobalSynthetics
domain:generateDebugAndroidTestGlobalSynthetics
dsbridge:generateDebugAndroidTestGlobalSynthetics
net:generateDebugAndroidTestGlobalSynthetics
permissionx:generateDebugAndroidTestGlobalSynthetics
player-feature-ipc:generateDebugAndroidTestGlobalSynthetics
player-provider-airtc-android:generateDebugAndroidTestGlobalSynthetics
player-provider-ugrtc-android:generateDebugAndroidTestGlobalSynthetics
player-runtime-android:generateDebugAndroidTestGlobalSynthetics
player-sdk-android:generateDebugAndroidTestGlobalSynthetics
push-core:generateDebugAndroidTestGlobalSynthetics
push-getui:generateDebugAndroidTestGlobalSynthetics
push-google:generateDebugAndroidTestGlobalSynthetics
push-honor:generateDebugAndroidTestGlobalSynthetics
push-huawei:generateDebugAndroidTestGlobalSynthetics
push-oppo:generateDebugAndroidTestGlobalSynthetics
push-vivo:generateDebugAndroidTestGlobalSynthetics
push-xiaomi:generateDebugAndroidTestGlobalSynthetics
qrcode:generateDebugAndroidTestGlobalSynthetics
repository:generateDebugAndroidTestGlobalSynthetics
rn-platform:generateDebugAndroidTestGlobalSynthetics
base:generateDebugAndroidTestLintModel
bluetooth:generateDebugAndroidTestLintModel
calendarview:generateDebugAndroidTestLintModel
camera:generateDebugAndroidTestLintModel
common:generateDebugAndroidTestLintModel
core-device:generateDebugAndroidTestLintModel
core-device-setup:generateDebugAndroidTestLintModel
core-log:generateDebugAndroidTestLintModel
core-messaging:generateDebugAndroidTestLintModel
core-ui:generateDebugAndroidTestLintModel
core-util:generateDebugAndroidTestLintModel
crash-report-bugly:generateDebugAndroidTestLintModel
crash-report-core:generateDebugAndroidTestLintModel
crash-report-firebase:generateDebugAndroidTestLintModel
domain:generateDebugAndroidTestLintModel
dsbridge:generateDebugAndroidTestLintModel
net:generateDebugAndroidTestLintModel
permissionx:generateDebugAndroidTestLintModel
player-feature-ipc:generateDebugAndroidTestLintModel
player-provider-airtc-android:generateDebugAndroidTestLintModel
player-provider-ugrtc-android:generateDebugAndroidTestLintModel
player-runtime-android:generateDebugAndroidTestLintModel
player-sdk-android:generateDebugAndroidTestLintModel
push-core:generateDebugAndroidTestLintModel
push-getui:generateDebugAndroidTestLintModel
push-google:generateDebugAndroidTestLintModel
push-honor:generateDebugAndroidTestLintModel
push-huawei:generateDebugAndroidTestLintModel
push-oppo:generateDebugAndroidTestLintModel
push-vivo:generateDebugAndroidTestLintModel
push-xiaomi:generateDebugAndroidTestLintModel
qrcode:generateDebugAndroidTestLintModel
repository:generateDebugAndroidTestLintModel
rn-platform:generateDebugAndroidTestLintModel
base:generateDebugAndroidTestResources
bluetooth:generateDebugAndroidTestResources
calendarview:generateDebugAndroidTestResources
camera:generateDebugAndroidTestResources
common:generateDebugAndroidTestResources
core-device:generateDebugAndroidTestResources
core-device-setup:generateDebugAndroidTestResources
core-log:generateDebugAndroidTestResources
core-messaging:generateDebugAndroidTestResources
core-ui:generateDebugAndroidTestResources
core-util:generateDebugAndroidTestResources
crash-report-bugly:generateDebugAndroidTestResources
crash-report-core:generateDebugAndroidTestResources
crash-report-firebase:generateDebugAndroidTestResources
domain:generateDebugAndroidTestResources
dsbridge:generateDebugAndroidTestResources
net:generateDebugAndroidTestResources
permissionx:generateDebugAndroidTestResources
player-feature-ipc:generateDebugAndroidTestResources
player-provider-airtc-android:generateDebugAndroidTestResources
player-provider-ugrtc-android:generateDebugAndroidTestResources
player-runtime-android:generateDebugAndroidTestResources
player-sdk-android:generateDebugAndroidTestResources
push-core:generateDebugAndroidTestResources
push-getui:generateDebugAndroidTestResources
push-google:generateDebugAndroidTestResources
push-honor:generateDebugAndroidTestResources
push-huawei:generateDebugAndroidTestResources
push-oppo:generateDebugAndroidTestResources
push-vivo:generateDebugAndroidTestResources
push-xiaomi:generateDebugAndroidTestResources
qrcode:generateDebugAndroidTestResources
repository:generateDebugAndroidTestResources
rn-platform:generateDebugAndroidTestResources
base:generateDebugAndroidTestRFile
bluetooth:generateDebugAndroidTestRFile
calendarview:generateDebugAndroidTestRFile
camera:generateDebugAndroidTestRFile
common:generateDebugAndroidTestRFile
core-device:generateDebugAndroidTestRFile
core-device-setup:generateDebugAndroidTestRFile
core-log:generateDebugAndroidTestRFile
core-messaging:generateDebugAndroidTestRFile
core-ui:generateDebugAndroidTestRFile
core-util:generateDebugAndroidTestRFile
crash-report-bugly:generateDebugAndroidTestRFile
crash-report-core:generateDebugAndroidTestRFile
crash-report-firebase:generateDebugAndroidTestRFile
domain:generateDebugAndroidTestRFile
dsbridge:generateDebugAndroidTestRFile
net:generateDebugAndroidTestRFile
permissionx:generateDebugAndroidTestRFile
player-feature-ipc:generateDebugAndroidTestRFile
player-provider-airtc-android:generateDebugAndroidTestRFile
player-provider-ugrtc-android:generateDebugAndroidTestRFile
player-runtime-android:generateDebugAndroidTestRFile
player-sdk-android:generateDebugAndroidTestRFile
push-core:generateDebugAndroidTestRFile
push-getui:generateDebugAndroidTestRFile
push-google:generateDebugAndroidTestRFile
push-honor:generateDebugAndroidTestRFile
push-huawei:generateDebugAndroidTestRFile
push-oppo:generateDebugAndroidTestRFile
push-vivo:generateDebugAndroidTestRFile
push-xiaomi:generateDebugAndroidTestRFile
qrcode:generateDebugAndroidTestRFile
repository:generateDebugAndroidTestRFile
rn-platform:generateDebugAndroidTestRFile
base:generateDebugAndroidTestSources
bluetooth:generateDebugAndroidTestSources
calendarview:generateDebugAndroidTestSources
camera:generateDebugAndroidTestSources
common:generateDebugAndroidTestSources
core-device:generateDebugAndroidTestSources
core-device-setup:generateDebugAndroidTestSources
core-log:generateDebugAndroidTestSources
core-messaging:generateDebugAndroidTestSources
core-ui:generateDebugAndroidTestSources
core-util:generateDebugAndroidTestSources
crash-report-bugly:generateDebugAndroidTestSources
crash-report-core:generateDebugAndroidTestSources
crash-report-firebase:generateDebugAndroidTestSources
domain:generateDebugAndroidTestSources
dsbridge:generateDebugAndroidTestSources
net:generateDebugAndroidTestSources
permissionx:generateDebugAndroidTestSources
player-feature-ipc:generateDebugAndroidTestSources
player-provider-airtc-android:generateDebugAndroidTestSources
player-provider-ugrtc-android:generateDebugAndroidTestSources
player-runtime-android:generateDebugAndroidTestSources
player-sdk-android:generateDebugAndroidTestSources
push-core:generateDebugAndroidTestSources
push-getui:generateDebugAndroidTestSources
push-google:generateDebugAndroidTestSources
push-honor:generateDebugAndroidTestSources
push-huawei:generateDebugAndroidTestSources
push-oppo:generateDebugAndroidTestSources
push-vivo:generateDebugAndroidTestSources
push-xiaomi:generateDebugAndroidTestSources
qrcode:generateDebugAndroidTestSources
repository:generateDebugAndroidTestSources
rn-platform:generateDebugAndroidTestSources
base:generateDebugAssets
bluetooth:generateDebugAssets
calendarview:generateDebugAssets
camera:generateDebugAssets
common:generateDebugAssets
core-device:generateDebugAssets
core-device-setup:generateDebugAssets
core-log:generateDebugAssets
core-messaging:generateDebugAssets
core-ui:generateDebugAssets
core-util:generateDebugAssets
crash-report-bugly:generateDebugAssets
crash-report-core:generateDebugAssets
crash-report-firebase:generateDebugAssets
domain:generateDebugAssets
dsbridge:generateDebugAssets
net:generateDebugAssets
permissionx:generateDebugAssets
player-feature-ipc:generateDebugAssets
player-provider-airtc-android:generateDebugAssets
player-provider-ugrtc-android:generateDebugAssets
player-runtime-android:generateDebugAssets
player-sdk-android:generateDebugAssets
push-core:generateDebugAssets
push-getui:generateDebugAssets
push-google:generateDebugAssets
push-honor:generateDebugAssets
push-huawei:generateDebugAssets
push-oppo:generateDebugAssets
push-vivo:generateDebugAssets
push-xiaomi:generateDebugAssets
qrcode:generateDebugAssets
repository:generateDebugAssets
rn-platform:generateDebugAssets
base:generateDebugBuildConfig
core-device-setup:generateDebugBuildConfig
player-runtime-android:generateDebugBuildConfig
repository:generateDebugBuildConfig
rn-platform:generateDebugBuildConfig
base:generateDebugExternalPublicTxt
bluetooth:generateDebugExternalPublicTxt
calendarview:generateDebugExternalPublicTxt
camera:generateDebugExternalPublicTxt
common:generateDebugExternalPublicTxt
core-device:generateDebugExternalPublicTxt
core-device-setup:generateDebugExternalPublicTxt
core-log:generateDebugExternalPublicTxt
core-messaging:generateDebugExternalPublicTxt
core-ui:generateDebugExternalPublicTxt
core-util:generateDebugExternalPublicTxt
crash-report-bugly:generateDebugExternalPublicTxt
crash-report-core:generateDebugExternalPublicTxt
crash-report-firebase:generateDebugExternalPublicTxt
domain:generateDebugExternalPublicTxt
dsbridge:generateDebugExternalPublicTxt
net:generateDebugExternalPublicTxt
permissionx:generateDebugExternalPublicTxt
player-feature-ipc:generateDebugExternalPublicTxt
player-provider-airtc-android:generateDebugExternalPublicTxt
player-provider-ugrtc-android:generateDebugExternalPublicTxt
player-runtime-android:generateDebugExternalPublicTxt
player-sdk-android:generateDebugExternalPublicTxt
push-core:generateDebugExternalPublicTxt
push-getui:generateDebugExternalPublicTxt
push-google:generateDebugExternalPublicTxt
push-honor:generateDebugExternalPublicTxt
push-huawei:generateDebugExternalPublicTxt
push-oppo:generateDebugExternalPublicTxt
push-vivo:generateDebugExternalPublicTxt
push-xiaomi:generateDebugExternalPublicTxt
qrcode:generateDebugExternalPublicTxt
repository:generateDebugExternalPublicTxt
rn-platform:generateDebugExternalPublicTxt
base:generateDebugLintModel
bluetooth:generateDebugLintModel
calendarview:generateDebugLintModel
camera:generateDebugLintModel
common:generateDebugLintModel
core-device:generateDebugLintModel
core-device-setup:generateDebugLintModel
core-log:generateDebugLintModel
core-messaging:generateDebugLintModel
core-ui:generateDebugLintModel
core-util:generateDebugLintModel
crash-report-bugly:generateDebugLintModel
crash-report-core:generateDebugLintModel
crash-report-firebase:generateDebugLintModel
domain:generateDebugLintModel
dsbridge:generateDebugLintModel
net:generateDebugLintModel
permissionx:generateDebugLintModel
player-feature-ipc:generateDebugLintModel
player-provider-airtc-android:generateDebugLintModel
player-provider-ugrtc-android:generateDebugLintModel
player-runtime-android:generateDebugLintModel
player-sdk-android:generateDebugLintModel
push-core:generateDebugLintModel
push-getui:generateDebugLintModel
push-google:generateDebugLintModel
push-honor:generateDebugLintModel
push-huawei:generateDebugLintModel
push-oppo:generateDebugLintModel
push-vivo:generateDebugLintModel
push-xiaomi:generateDebugLintModel
qrcode:generateDebugLintModel
repository:generateDebugLintModel
rn-platform:generateDebugLintModel
base:generateDebugLintReportModel
bluetooth:generateDebugLintReportModel
calendarview:generateDebugLintReportModel
camera:generateDebugLintReportModel
common:generateDebugLintReportModel
core-device:generateDebugLintReportModel
core-device-setup:generateDebugLintReportModel
core-log:generateDebugLintReportModel
core-messaging:generateDebugLintReportModel
core-ui:generateDebugLintReportModel
core-util:generateDebugLintReportModel
crash-report-bugly:generateDebugLintReportModel
crash-report-core:generateDebugLintReportModel
crash-report-firebase:generateDebugLintReportModel
domain:generateDebugLintReportModel
dsbridge:generateDebugLintReportModel
net:generateDebugLintReportModel
permissionx:generateDebugLintReportModel
player-feature-ipc:generateDebugLintReportModel
player-provider-airtc-android:generateDebugLintReportModel
player-provider-ugrtc-android:generateDebugLintReportModel
player-runtime-android:generateDebugLintReportModel
player-sdk-android:generateDebugLintReportModel
push-core:generateDebugLintReportModel
push-getui:generateDebugLintReportModel
push-google:generateDebugLintReportModel
push-honor:generateDebugLintReportModel
push-huawei:generateDebugLintReportModel
push-oppo:generateDebugLintReportModel
push-vivo:generateDebugLintReportModel
push-xiaomi:generateDebugLintReportModel
qrcode:generateDebugLintReportModel
repository:generateDebugLintReportModel
rn-platform:generateDebugLintReportModel
base:generateDebugLintVitalModel
bluetooth:generateDebugLintVitalModel
calendarview:generateDebugLintVitalModel
camera:generateDebugLintVitalModel
common:generateDebugLintVitalModel
core-device:generateDebugLintVitalModel
core-device-setup:generateDebugLintVitalModel
core-log:generateDebugLintVitalModel
core-messaging:generateDebugLintVitalModel
core-ui:generateDebugLintVitalModel
core-util:generateDebugLintVitalModel
crash-report-bugly:generateDebugLintVitalModel
crash-report-core:generateDebugLintVitalModel
crash-report-firebase:generateDebugLintVitalModel
domain:generateDebugLintVitalModel
dsbridge:generateDebugLintVitalModel
net:generateDebugLintVitalModel
permissionx:generateDebugLintVitalModel
player-feature-ipc:generateDebugLintVitalModel
player-provider-airtc-android:generateDebugLintVitalModel
player-provider-ugrtc-android:generateDebugLintVitalModel
player-runtime-android:generateDebugLintVitalModel
player-sdk-android:generateDebugLintVitalModel
push-core:generateDebugLintVitalModel
push-getui:generateDebugLintVitalModel
push-google:generateDebugLintVitalModel
push-honor:generateDebugLintVitalModel
push-huawei:generateDebugLintVitalModel
push-oppo:generateDebugLintVitalModel
push-vivo:generateDebugLintVitalModel
push-xiaomi:generateDebugLintVitalModel
qrcode:generateDebugLintVitalModel
repository:generateDebugLintVitalModel
rn-platform:generateDebugLintVitalModel
base:generateDebugResources
bluetooth:generateDebugResources
calendarview:generateDebugResources
camera:generateDebugResources
common:generateDebugResources
core-device:generateDebugResources
core-device-setup:generateDebugResources
core-log:generateDebugResources
core-messaging:generateDebugResources
core-ui:generateDebugResources
core-util:generateDebugResources
crash-report-bugly:generateDebugResources
crash-report-core:generateDebugResources
crash-report-firebase:generateDebugResources
domain:generateDebugResources
dsbridge:generateDebugResources
net:generateDebugResources
permissionx:generateDebugResources
player-feature-ipc:generateDebugResources
player-provider-airtc-android:generateDebugResources
player-provider-ugrtc-android:generateDebugResources
player-runtime-android:generateDebugResources
player-sdk-android:generateDebugResources
push-core:generateDebugResources
push-getui:generateDebugResources
push-google:generateDebugResources
push-honor:generateDebugResources
push-huawei:generateDebugResources
push-oppo:generateDebugResources
push-vivo:generateDebugResources
push-xiaomi:generateDebugResources
qrcode:generateDebugResources
repository:generateDebugResources
rn-platform:generateDebugResources
base:generateDebugRFile
bluetooth:generateDebugRFile
calendarview:generateDebugRFile
camera:generateDebugRFile
common:generateDebugRFile
core-device:generateDebugRFile
core-device-setup:generateDebugRFile
core-log:generateDebugRFile
core-messaging:generateDebugRFile
core-ui:generateDebugRFile
core-util:generateDebugRFile
crash-report-bugly:generateDebugRFile
crash-report-core:generateDebugRFile
crash-report-firebase:generateDebugRFile
domain:generateDebugRFile
dsbridge:generateDebugRFile
net:generateDebugRFile
permissionx:generateDebugRFile
player-feature-ipc:generateDebugRFile
player-provider-airtc-android:generateDebugRFile
player-provider-ugrtc-android:generateDebugRFile
player-runtime-android:generateDebugRFile
player-sdk-android:generateDebugRFile
push-core:generateDebugRFile
push-getui:generateDebugRFile
push-google:generateDebugRFile
push-honor:generateDebugRFile
push-huawei:generateDebugRFile
push-oppo:generateDebugRFile
push-vivo:generateDebugRFile
push-xiaomi:generateDebugRFile
qrcode:generateDebugRFile
repository:generateDebugRFile
rn-platform:generateDebugRFile
base:generateDebugSources
bluetooth:generateDebugSources
calendarview:generateDebugSources
camera:generateDebugSources
common:generateDebugSources
core-device:generateDebugSources
core-device-setup:generateDebugSources
core-log:generateDebugSources
core-messaging:generateDebugSources
core-ui:generateDebugSources
core-util:generateDebugSources
crash-report-bugly:generateDebugSources
crash-report-core:generateDebugSources
crash-report-firebase:generateDebugSources
domain:generateDebugSources
dsbridge:generateDebugSources
net:generateDebugSources
permissionx:generateDebugSources
player-feature-ipc:generateDebugSources
player-provider-airtc-android:generateDebugSources
player-provider-ugrtc-android:generateDebugSources
player-runtime-android:generateDebugSources
player-sdk-android:generateDebugSources
push-core:generateDebugSources
push-getui:generateDebugSources
push-google:generateDebugSources
push-honor:generateDebugSources
push-huawei:generateDebugSources
push-oppo:generateDebugSources
push-vivo:generateDebugSources
push-xiaomi:generateDebugSources
qrcode:generateDebugSources
repository:generateDebugSources
rn-platform:generateDebugSources
base:generateDebugUnitTestAssets
bluetooth:generateDebugUnitTestAssets
calendarview:generateDebugUnitTestAssets
camera:generateDebugUnitTestAssets
common:generateDebugUnitTestAssets
core-device:generateDebugUnitTestAssets
core-device-setup:generateDebugUnitTestAssets
core-log:generateDebugUnitTestAssets
core-messaging:generateDebugUnitTestAssets
core-ui:generateDebugUnitTestAssets
core-util:generateDebugUnitTestAssets
crash-report-bugly:generateDebugUnitTestAssets
crash-report-core:generateDebugUnitTestAssets
crash-report-firebase:generateDebugUnitTestAssets
domain:generateDebugUnitTestAssets
dsbridge:generateDebugUnitTestAssets
net:generateDebugUnitTestAssets
permissionx:generateDebugUnitTestAssets
player-feature-ipc:generateDebugUnitTestAssets
player-provider-airtc-android:generateDebugUnitTestAssets
player-provider-ugrtc-android:generateDebugUnitTestAssets
player-runtime-android:generateDebugUnitTestAssets
player-sdk-android:generateDebugUnitTestAssets
push-core:generateDebugUnitTestAssets
push-getui:generateDebugUnitTestAssets
push-google:generateDebugUnitTestAssets
push-honor:generateDebugUnitTestAssets
push-huawei:generateDebugUnitTestAssets
push-oppo:generateDebugUnitTestAssets
push-vivo:generateDebugUnitTestAssets
push-xiaomi:generateDebugUnitTestAssets
qrcode:generateDebugUnitTestAssets
repository:generateDebugUnitTestAssets
rn-platform:generateDebugUnitTestAssets
base:generateDebugUnitTestLintModel
bluetooth:generateDebugUnitTestLintModel
calendarview:generateDebugUnitTestLintModel
camera:generateDebugUnitTestLintModel
common:generateDebugUnitTestLintModel
core-device:generateDebugUnitTestLintModel
core-device-setup:generateDebugUnitTestLintModel
core-log:generateDebugUnitTestLintModel
core-messaging:generateDebugUnitTestLintModel
core-ui:generateDebugUnitTestLintModel
core-util:generateDebugUnitTestLintModel
crash-report-bugly:generateDebugUnitTestLintModel
crash-report-core:generateDebugUnitTestLintModel
crash-report-firebase:generateDebugUnitTestLintModel
domain:generateDebugUnitTestLintModel
dsbridge:generateDebugUnitTestLintModel
net:generateDebugUnitTestLintModel
permissionx:generateDebugUnitTestLintModel
player-feature-ipc:generateDebugUnitTestLintModel
player-provider-airtc-android:generateDebugUnitTestLintModel
player-provider-ugrtc-android:generateDebugUnitTestLintModel
player-runtime-android:generateDebugUnitTestLintModel
player-sdk-android:generateDebugUnitTestLintModel
push-core:generateDebugUnitTestLintModel
push-getui:generateDebugUnitTestLintModel
push-google:generateDebugUnitTestLintModel
push-honor:generateDebugUnitTestLintModel
push-huawei:generateDebugUnitTestLintModel
push-oppo:generateDebugUnitTestLintModel
push-vivo:generateDebugUnitTestLintModel
push-xiaomi:generateDebugUnitTestLintModel
qrcode:generateDebugUnitTestLintModel
repository:generateDebugUnitTestLintModel
rn-platform:generateDebugUnitTestLintModel
base:generateDebugUnitTestResources
bluetooth:generateDebugUnitTestResources
calendarview:generateDebugUnitTestResources
camera:generateDebugUnitTestResources
common:generateDebugUnitTestResources
core-device:generateDebugUnitTestResources
core-device-setup:generateDebugUnitTestResources
core-log:generateDebugUnitTestResources
core-messaging:generateDebugUnitTestResources
core-ui:generateDebugUnitTestResources
core-util:generateDebugUnitTestResources
crash-report-bugly:generateDebugUnitTestResources
crash-report-core:generateDebugUnitTestResources
crash-report-firebase:generateDebugUnitTestResources
domain:generateDebugUnitTestResources
dsbridge:generateDebugUnitTestResources
net:generateDebugUnitTestResources
permissionx:generateDebugUnitTestResources
player-feature-ipc:generateDebugUnitTestResources
player-provider-airtc-android:generateDebugUnitTestResources
player-provider-ugrtc-android:generateDebugUnitTestResources
player-runtime-android:generateDebugUnitTestResources
player-sdk-android:generateDebugUnitTestResources
push-core:generateDebugUnitTestResources
push-getui:generateDebugUnitTestResources
push-google:generateDebugUnitTestResources
push-honor:generateDebugUnitTestResources
push-huawei:generateDebugUnitTestResources
push-oppo:generateDebugUnitTestResources
push-vivo:generateDebugUnitTestResources
push-xiaomi:generateDebugUnitTestResources
qrcode:generateDebugUnitTestResources
repository:generateDebugUnitTestResources
rn-platform:generateDebugUnitTestResources
base:generateDebugUnitTestSources
bluetooth:generateDebugUnitTestSources
calendarview:generateDebugUnitTestSources
camera:generateDebugUnitTestSources
common:generateDebugUnitTestSources
core-device:generateDebugUnitTestSources
core-device-setup:generateDebugUnitTestSources
core-log:generateDebugUnitTestSources
core-messaging:generateDebugUnitTestSources
core-ui:generateDebugUnitTestSources
core-util:generateDebugUnitTestSources
crash-report-bugly:generateDebugUnitTestSources
crash-report-core:generateDebugUnitTestSources
crash-report-firebase:generateDebugUnitTestSources
domain:generateDebugUnitTestSources
dsbridge:generateDebugUnitTestSources
net:generateDebugUnitTestSources
permissionx:generateDebugUnitTestSources
player-feature-ipc:generateDebugUnitTestSources
player-provider-airtc-android:generateDebugUnitTestSources
player-provider-ugrtc-android:generateDebugUnitTestSources
player-runtime-android:generateDebugUnitTestSources
player-sdk-android:generateDebugUnitTestSources
push-core:generateDebugUnitTestSources
push-getui:generateDebugUnitTestSources
push-google:generateDebugUnitTestSources
push-honor:generateDebugUnitTestSources
push-huawei:generateDebugUnitTestSources
push-oppo:generateDebugUnitTestSources
push-vivo:generateDebugUnitTestSources
push-xiaomi:generateDebugUnitTestSources
qrcode:generateDebugUnitTestSources
repository:generateDebugUnitTestSources
rn-platform:generateDebugUnitTestSources
base:generateDebugUnitTestStubRFile
bluetooth:generateDebugUnitTestStubRFile
calendarview:generateDebugUnitTestStubRFile
camera:generateDebugUnitTestStubRFile
common:generateDebugUnitTestStubRFile
core-device:generateDebugUnitTestStubRFile
core-device-setup:generateDebugUnitTestStubRFile
core-log:generateDebugUnitTestStubRFile
core-messaging:generateDebugUnitTestStubRFile
core-ui:generateDebugUnitTestStubRFile
core-util:generateDebugUnitTestStubRFile
crash-report-bugly:generateDebugUnitTestStubRFile
crash-report-core:generateDebugUnitTestStubRFile
crash-report-firebase:generateDebugUnitTestStubRFile
domain:generateDebugUnitTestStubRFile
dsbridge:generateDebugUnitTestStubRFile
net:generateDebugUnitTestStubRFile
permissionx:generateDebugUnitTestStubRFile
player-feature-ipc:generateDebugUnitTestStubRFile
player-provider-airtc-android:generateDebugUnitTestStubRFile
player-provider-ugrtc-android:generateDebugUnitTestStubRFile
player-runtime-android:generateDebugUnitTestStubRFile
player-sdk-android:generateDebugUnitTestStubRFile
push-core:generateDebugUnitTestStubRFile
push-getui:generateDebugUnitTestStubRFile
push-google:generateDebugUnitTestStubRFile
push-honor:generateDebugUnitTestStubRFile
push-huawei:generateDebugUnitTestStubRFile
push-oppo:generateDebugUnitTestStubRFile
push-vivo:generateDebugUnitTestStubRFile
push-xiaomi:generateDebugUnitTestStubRFile
qrcode:generateDebugUnitTestStubRFile
repository:generateDebugUnitTestStubRFile
rn-platform:generateDebugUnitTestStubRFile
app:generateDomesticBetaAssets
app:generateDomesticBetaBuildConfig
app:generateDomesticBetaFeatureMetadata
app:generateDomesticBetaFeatureTransitiveDeps
app:generateDomesticBetaLintModel
app:generateDomesticBetaLintReportModel
app:generateDomesticBetaManifestClass
app:generateDomesticBetaResources
app:generateDomesticBetaResValues
app:generateDomesticBetaRFile
app:generateDomesticBetaSources
app:generateDomesticDebugAndroidTestAssets
app:generateDomesticDebugAndroidTestBuildConfig
app:generateDomesticDebugAndroidTestGlobalSynthetics
app:generateDomesticDebugAndroidTestLintModel
app:generateDomesticDebugAndroidTestResources
app:generateDomesticDebugAndroidTestResValues
app:generateDomesticDebugAndroidTestRFile
app:generateDomesticDebugAndroidTestSources
app:generateDomesticDebugAssets
app:generateDomesticDebugBuildConfig
app:generateDomesticDebugFeatureMetadata
app:generateDomesticDebugFeatureTransitiveDeps
app:generateDomesticDebugGlobalSynthetics
app:generateDomesticDebugLintModel
app:generateDomesticDebugLintReportModel
app:generateDomesticDebugManifestClass
app:generateDomesticDebugResources
app:generateDomesticDebugResValues
app:generateDomesticDebugRFile
app:generateDomesticDebugSources
app:generateDomesticDebugUnitTestAssets
app:generateDomesticDebugUnitTestLintModel
app:generateDomesticDebugUnitTestResources
app:generateDomesticDebugUnitTestSources
app:generateDomesticReleaseAssets
app:generateDomesticReleaseBuildConfig
app:generateDomesticReleaseFeatureMetadata
app:generateDomesticReleaseFeatureTransitiveDeps
app:generateDomesticReleaseLintModel
app:generateDomesticReleaseLintReportModel
app:generateDomesticReleaseManifestClass
app:generateDomesticReleaseResources
app:generateDomesticReleaseResValues
app:generateDomesticReleaseRFile
app:generateDomesticReleaseSources
app:generateDomesticUatAssets
app:generateDomesticUatBuildConfig
app:generateDomesticUatFeatureMetadata
app:generateDomesticUatFeatureTransitiveDeps
app:generateDomesticUatLintModel
app:generateDomesticUatLintReportModel
app:generateDomesticUatManifestClass
app:generateDomesticUatResources
app:generateDomesticUatResValues
app:generateDomesticUatRFile
app:generateDomesticUatSources
player-runtime-android:generateJsonModelDebug
player-runtime-android:generateJsonModelRelease
app:generateOverseasBetaAssets
app:generateOverseasBetaBuildConfig
app:generateOverseasBetaFeatureMetadata
app:generateOverseasBetaFeatureTransitiveDeps
app:generateOverseasBetaLintModel
app:generateOverseasBetaLintReportModel
app:generateOverseasBetaManifestClass
app:generateOverseasBetaResources
app:generateOverseasBetaResValues
app:generateOverseasBetaRFile
app:generateOverseasBetaSources
app:generateOverseasDebugAndroidTestAssets
app:generateOverseasDebugAndroidTestBuildConfig
app:generateOverseasDebugAndroidTestGlobalSynthetics
app:generateOverseasDebugAndroidTestLintModel
app:generateOverseasDebugAndroidTestResources
app:generateOverseasDebugAndroidTestResValues
app:generateOverseasDebugAndroidTestRFile
app:generateOverseasDebugAndroidTestSources
app:generateOverseasDebugAssets
app:generateOverseasDebugBuildConfig
app:generateOverseasDebugFeatureMetadata
app:generateOverseasDebugFeatureTransitiveDeps
app:generateOverseasDebugGlobalSynthetics
app:generateOverseasDebugLintModel
app:generateOverseasDebugLintReportModel
app:generateOverseasDebugManifestClass
app:generateOverseasDebugResources
app:generateOverseasDebugResValues
app:generateOverseasDebugRFile
app:generateOverseasDebugSources
app:generateOverseasDebugUnitTestAssets
app:generateOverseasDebugUnitTestLintModel
app:generateOverseasDebugUnitTestResources
app:generateOverseasDebugUnitTestSources
app:generateOverseasReleaseAssets
app:generateOverseasReleaseBuildConfig
app:generateOverseasReleaseFeatureMetadata
app:generateOverseasReleaseFeatureTransitiveDeps
app:generateOverseasReleaseLintModel
app:generateOverseasReleaseLintReportModel
app:generateOverseasReleaseManifestClass
app:generateOverseasReleaseResources
app:generateOverseasReleaseResValues
app:generateOverseasReleaseRFile
app:generateOverseasReleaseSources
app:generateOverseasUatAssets
app:generateOverseasUatBuildConfig
app:generateOverseasUatFeatureMetadata
app:generateOverseasUatFeatureTransitiveDeps
app:generateOverseasUatLintModel
app:generateOverseasUatLintReportModel
app:generateOverseasUatManifestClass
app:generateOverseasUatResources
app:generateOverseasUatResValues
app:generateOverseasUatRFile
app:generateOverseasUatSources
player-core:generateProjectStructureMetadata - Generates serialized project structure metadata of the current project (for tooling)
base:generateReleaseAssets
bluetooth:generateReleaseAssets
calendarview:generateReleaseAssets
camera:generateReleaseAssets
common:generateReleaseAssets
core-device:generateReleaseAssets
core-device-setup:generateReleaseAssets
core-log:generateReleaseAssets
core-messaging:generateReleaseAssets
core-ui:generateReleaseAssets
core-util:generateReleaseAssets
crash-report-bugly:generateReleaseAssets
crash-report-core:generateReleaseAssets
crash-report-firebase:generateReleaseAssets
domain:generateReleaseAssets
dsbridge:generateReleaseAssets
net:generateReleaseAssets
permissionx:generateReleaseAssets
player-feature-ipc:generateReleaseAssets
player-provider-airtc-android:generateReleaseAssets
player-provider-ugrtc-android:generateReleaseAssets
player-runtime-android:generateReleaseAssets
player-sdk-android:generateReleaseAssets
push-core:generateReleaseAssets
push-getui:generateReleaseAssets
push-google:generateReleaseAssets
push-honor:generateReleaseAssets
push-huawei:generateReleaseAssets
push-oppo:generateReleaseAssets
push-vivo:generateReleaseAssets
push-xiaomi:generateReleaseAssets
qrcode:generateReleaseAssets
repository:generateReleaseAssets
rn-platform:generateReleaseAssets
base:generateReleaseBuildConfig
core-device-setup:generateReleaseBuildConfig
player-runtime-android:generateReleaseBuildConfig
repository:generateReleaseBuildConfig
rn-platform:generateReleaseBuildConfig
base:generateReleaseExternalPublicTxt
bluetooth:generateReleaseExternalPublicTxt
calendarview:generateReleaseExternalPublicTxt
camera:generateReleaseExternalPublicTxt
common:generateReleaseExternalPublicTxt
core-device:generateReleaseExternalPublicTxt
core-device-setup:generateReleaseExternalPublicTxt
core-log:generateReleaseExternalPublicTxt
core-messaging:generateReleaseExternalPublicTxt
core-ui:generateReleaseExternalPublicTxt
core-util:generateReleaseExternalPublicTxt
crash-report-bugly:generateReleaseExternalPublicTxt
crash-report-core:generateReleaseExternalPublicTxt
crash-report-firebase:generateReleaseExternalPublicTxt
domain:generateReleaseExternalPublicTxt
dsbridge:generateReleaseExternalPublicTxt
net:generateReleaseExternalPublicTxt
permissionx:generateReleaseExternalPublicTxt
player-feature-ipc:generateReleaseExternalPublicTxt
player-provider-airtc-android:generateReleaseExternalPublicTxt
player-provider-ugrtc-android:generateReleaseExternalPublicTxt
player-runtime-android:generateReleaseExternalPublicTxt
player-sdk-android:generateReleaseExternalPublicTxt
push-core:generateReleaseExternalPublicTxt
push-getui:generateReleaseExternalPublicTxt
push-google:generateReleaseExternalPublicTxt
push-honor:generateReleaseExternalPublicTxt
push-huawei:generateReleaseExternalPublicTxt
push-oppo:generateReleaseExternalPublicTxt
push-vivo:generateReleaseExternalPublicTxt
push-xiaomi:generateReleaseExternalPublicTxt
qrcode:generateReleaseExternalPublicTxt
repository:generateReleaseExternalPublicTxt
rn-platform:generateReleaseExternalPublicTxt
core-device-setup:generateReleaseLibraryProguardRules
base:generateReleaseLintModel
bluetooth:generateReleaseLintModel
calendarview:generateReleaseLintModel
camera:generateReleaseLintModel
common:generateReleaseLintModel
core-device:generateReleaseLintModel
core-device-setup:generateReleaseLintModel
core-log:generateReleaseLintModel
core-messaging:generateReleaseLintModel
core-ui:generateReleaseLintModel
core-util:generateReleaseLintModel
crash-report-bugly:generateReleaseLintModel
crash-report-core:generateReleaseLintModel
crash-report-firebase:generateReleaseLintModel
domain:generateReleaseLintModel
dsbridge:generateReleaseLintModel
net:generateReleaseLintModel
permissionx:generateReleaseLintModel
player-feature-ipc:generateReleaseLintModel
player-provider-airtc-android:generateReleaseLintModel
player-provider-ugrtc-android:generateReleaseLintModel
player-runtime-android:generateReleaseLintModel
player-sdk-android:generateReleaseLintModel
push-core:generateReleaseLintModel
push-getui:generateReleaseLintModel
push-google:generateReleaseLintModel
push-honor:generateReleaseLintModel
push-huawei:generateReleaseLintModel
push-oppo:generateReleaseLintModel
push-vivo:generateReleaseLintModel
push-xiaomi:generateReleaseLintModel
qrcode:generateReleaseLintModel
repository:generateReleaseLintModel
rn-platform:generateReleaseLintModel
base:generateReleaseLintReportModel
bluetooth:generateReleaseLintReportModel
calendarview:generateReleaseLintReportModel
camera:generateReleaseLintReportModel
common:generateReleaseLintReportModel
core-device:generateReleaseLintReportModel
core-device-setup:generateReleaseLintReportModel
core-log:generateReleaseLintReportModel
core-messaging:generateReleaseLintReportModel
core-ui:generateReleaseLintReportModel
core-util:generateReleaseLintReportModel
crash-report-bugly:generateReleaseLintReportModel
crash-report-core:generateReleaseLintReportModel
crash-report-firebase:generateReleaseLintReportModel
domain:generateReleaseLintReportModel
dsbridge:generateReleaseLintReportModel
net:generateReleaseLintReportModel
permissionx:generateReleaseLintReportModel
player-feature-ipc:generateReleaseLintReportModel
player-provider-airtc-android:generateReleaseLintReportModel
player-provider-ugrtc-android:generateReleaseLintReportModel
player-runtime-android:generateReleaseLintReportModel
player-sdk-android:generateReleaseLintReportModel
push-core:generateReleaseLintReportModel
push-getui:generateReleaseLintReportModel
push-google:generateReleaseLintReportModel
push-honor:generateReleaseLintReportModel
push-huawei:generateReleaseLintReportModel
push-oppo:generateReleaseLintReportModel
push-vivo:generateReleaseLintReportModel
push-xiaomi:generateReleaseLintReportModel
qrcode:generateReleaseLintReportModel
repository:generateReleaseLintReportModel
rn-platform:generateReleaseLintReportModel
base:generateReleaseLintVitalModel
bluetooth:generateReleaseLintVitalModel
calendarview:generateReleaseLintVitalModel
camera:generateReleaseLintVitalModel
common:generateReleaseLintVitalModel
core-device:generateReleaseLintVitalModel
core-device-setup:generateReleaseLintVitalModel
core-log:generateReleaseLintVitalModel
core-messaging:generateReleaseLintVitalModel
core-ui:generateReleaseLintVitalModel
core-util:generateReleaseLintVitalModel
crash-report-bugly:generateReleaseLintVitalModel
crash-report-core:generateReleaseLintVitalModel
crash-report-firebase:generateReleaseLintVitalModel
domain:generateReleaseLintVitalModel
dsbridge:generateReleaseLintVitalModel
net:generateReleaseLintVitalModel
permissionx:generateReleaseLintVitalModel
player-feature-ipc:generateReleaseLintVitalModel
player-provider-airtc-android:generateReleaseLintVitalModel
player-provider-ugrtc-android:generateReleaseLintVitalModel
player-runtime-android:generateReleaseLintVitalModel
player-sdk-android:generateReleaseLintVitalModel
push-core:generateReleaseLintVitalModel
push-getui:generateReleaseLintVitalModel
push-google:generateReleaseLintVitalModel
push-honor:generateReleaseLintVitalModel
push-huawei:generateReleaseLintVitalModel
push-oppo:generateReleaseLintVitalModel
push-vivo:generateReleaseLintVitalModel
push-xiaomi:generateReleaseLintVitalModel
qrcode:generateReleaseLintVitalModel
repository:generateReleaseLintVitalModel
rn-platform:generateReleaseLintVitalModel
base:generateReleaseResources
bluetooth:generateReleaseResources
calendarview:generateReleaseResources
camera:generateReleaseResources
common:generateReleaseResources
core-device:generateReleaseResources
core-device-setup:generateReleaseResources
core-log:generateReleaseResources
core-messaging:generateReleaseResources
core-ui:generateReleaseResources
core-util:generateReleaseResources
crash-report-bugly:generateReleaseResources
crash-report-core:generateReleaseResources
crash-report-firebase:generateReleaseResources
domain:generateReleaseResources
dsbridge:generateReleaseResources
net:generateReleaseResources
permissionx:generateReleaseResources
player-feature-ipc:generateReleaseResources
player-provider-airtc-android:generateReleaseResources
player-provider-ugrtc-android:generateReleaseResources
player-runtime-android:generateReleaseResources
player-sdk-android:generateReleaseResources
push-core:generateReleaseResources
push-getui:generateReleaseResources
push-google:generateReleaseResources
push-honor:generateReleaseResources
push-huawei:generateReleaseResources
push-oppo:generateReleaseResources
push-vivo:generateReleaseResources
push-xiaomi:generateReleaseResources
qrcode:generateReleaseResources
repository:generateReleaseResources
rn-platform:generateReleaseResources
base:generateReleaseRFile
bluetooth:generateReleaseRFile
calendarview:generateReleaseRFile
camera:generateReleaseRFile
common:generateReleaseRFile
core-device:generateReleaseRFile
core-device-setup:generateReleaseRFile
core-log:generateReleaseRFile
core-messaging:generateReleaseRFile
core-ui:generateReleaseRFile
core-util:generateReleaseRFile
crash-report-bugly:generateReleaseRFile
crash-report-core:generateReleaseRFile
crash-report-firebase:generateReleaseRFile
domain:generateReleaseRFile
dsbridge:generateReleaseRFile
net:generateReleaseRFile
permissionx:generateReleaseRFile
player-feature-ipc:generateReleaseRFile
player-provider-airtc-android:generateReleaseRFile
player-provider-ugrtc-android:generateReleaseRFile
player-runtime-android:generateReleaseRFile
player-sdk-android:generateReleaseRFile
push-core:generateReleaseRFile
push-getui:generateReleaseRFile
push-google:generateReleaseRFile
push-honor:generateReleaseRFile
push-huawei:generateReleaseRFile
push-oppo:generateReleaseRFile
push-vivo:generateReleaseRFile
push-xiaomi:generateReleaseRFile
qrcode:generateReleaseRFile
repository:generateReleaseRFile
rn-platform:generateReleaseRFile
base:generateReleaseSources
bluetooth:generateReleaseSources
calendarview:generateReleaseSources
camera:generateReleaseSources
common:generateReleaseSources
core-device:generateReleaseSources
core-device-setup:generateReleaseSources
core-log:generateReleaseSources
core-messaging:generateReleaseSources
core-ui:generateReleaseSources
core-util:generateReleaseSources
crash-report-bugly:generateReleaseSources
crash-report-core:generateReleaseSources
crash-report-firebase:generateReleaseSources
domain:generateReleaseSources
dsbridge:generateReleaseSources
net:generateReleaseSources
permissionx:generateReleaseSources
player-feature-ipc:generateReleaseSources
player-provider-airtc-android:generateReleaseSources
player-provider-ugrtc-android:generateReleaseSources
player-runtime-android:generateReleaseSources
player-sdk-android:generateReleaseSources
push-core:generateReleaseSources
push-getui:generateReleaseSources
push-google:generateReleaseSources
push-honor:generateReleaseSources
push-huawei:generateReleaseSources
push-oppo:generateReleaseSources
push-vivo:generateReleaseSources
push-xiaomi:generateReleaseSources
qrcode:generateReleaseSources
repository:generateReleaseSources
rn-platform:generateReleaseSources
player-core:generateSyntheticLinkageSwiftPMImportProjectForCinteropsAndLdDump
player-core:generateSyntheticLinkageSwiftPMImportProjectForEmbedAndSignLinkage
player-core:generateSyntheticLinkageSwiftPMImportProjectForLinkageForCli
player-core:integrateEmbedAndSign
player-core:integrateLinkagePackage
calendarview:intoJar
permissionx:javaDocReleaseGeneration
permissionx:javaDocReleaseJar
base:javaPreCompileDebug
bluetooth:javaPreCompileDebug
calendarview:javaPreCompileDebug
camera:javaPreCompileDebug
common:javaPreCompileDebug
core-device:javaPreCompileDebug
core-device-setup:javaPreCompileDebug
core-log:javaPreCompileDebug
core-messaging:javaPreCompileDebug
core-ui:javaPreCompileDebug
core-util:javaPreCompileDebug
crash-report-bugly:javaPreCompileDebug
crash-report-core:javaPreCompileDebug
crash-report-firebase:javaPreCompileDebug
domain:javaPreCompileDebug
dsbridge:javaPreCompileDebug
net:javaPreCompileDebug
permissionx:javaPreCompileDebug
player-feature-ipc:javaPreCompileDebug
player-provider-airtc-android:javaPreCompileDebug
player-provider-ugrtc-android:javaPreCompileDebug
player-runtime-android:javaPreCompileDebug
player-sdk-android:javaPreCompileDebug
push-core:javaPreCompileDebug
push-getui:javaPreCompileDebug
push-google:javaPreCompileDebug
push-honor:javaPreCompileDebug
push-huawei:javaPreCompileDebug
push-oppo:javaPreCompileDebug
push-vivo:javaPreCompileDebug
push-xiaomi:javaPreCompileDebug
qrcode:javaPreCompileDebug
repository:javaPreCompileDebug
rn-platform:javaPreCompileDebug
base:javaPreCompileDebugAndroidTest
bluetooth:javaPreCompileDebugAndroidTest
calendarview:javaPreCompileDebugAndroidTest
camera:javaPreCompileDebugAndroidTest
common:javaPreCompileDebugAndroidTest
core-device:javaPreCompileDebugAndroidTest
core-device-setup:javaPreCompileDebugAndroidTest
core-log:javaPreCompileDebugAndroidTest
core-messaging:javaPreCompileDebugAndroidTest
core-ui:javaPreCompileDebugAndroidTest
core-util:javaPreCompileDebugAndroidTest
crash-report-bugly:javaPreCompileDebugAndroidTest
crash-report-core:javaPreCompileDebugAndroidTest
crash-report-firebase:javaPreCompileDebugAndroidTest
domain:javaPreCompileDebugAndroidTest
dsbridge:javaPreCompileDebugAndroidTest
net:javaPreCompileDebugAndroidTest
permissionx:javaPreCompileDebugAndroidTest
player-feature-ipc:javaPreCompileDebugAndroidTest
player-provider-airtc-android:javaPreCompileDebugAndroidTest
player-provider-ugrtc-android:javaPreCompileDebugAndroidTest
player-runtime-android:javaPreCompileDebugAndroidTest
player-sdk-android:javaPreCompileDebugAndroidTest
push-core:javaPreCompileDebugAndroidTest
push-getui:javaPreCompileDebugAndroidTest
push-google:javaPreCompileDebugAndroidTest
push-honor:javaPreCompileDebugAndroidTest
push-huawei:javaPreCompileDebugAndroidTest
push-oppo:javaPreCompileDebugAndroidTest
push-vivo:javaPreCompileDebugAndroidTest
push-xiaomi:javaPreCompileDebugAndroidTest
qrcode:javaPreCompileDebugAndroidTest
repository:javaPreCompileDebugAndroidTest
rn-platform:javaPreCompileDebugAndroidTest
base:javaPreCompileDebugUnitTest
bluetooth:javaPreCompileDebugUnitTest
calendarview:javaPreCompileDebugUnitTest
camera:javaPreCompileDebugUnitTest
common:javaPreCompileDebugUnitTest
core-device:javaPreCompileDebugUnitTest
core-device-setup:javaPreCompileDebugUnitTest
core-log:javaPreCompileDebugUnitTest
core-messaging:javaPreCompileDebugUnitTest
core-ui:javaPreCompileDebugUnitTest
core-util:javaPreCompileDebugUnitTest
crash-report-bugly:javaPreCompileDebugUnitTest
crash-report-core:javaPreCompileDebugUnitTest
crash-report-firebase:javaPreCompileDebugUnitTest
domain:javaPreCompileDebugUnitTest
dsbridge:javaPreCompileDebugUnitTest
net:javaPreCompileDebugUnitTest
permissionx:javaPreCompileDebugUnitTest
player-feature-ipc:javaPreCompileDebugUnitTest
player-provider-airtc-android:javaPreCompileDebugUnitTest
player-provider-ugrtc-android:javaPreCompileDebugUnitTest
player-runtime-android:javaPreCompileDebugUnitTest
player-sdk-android:javaPreCompileDebugUnitTest
push-core:javaPreCompileDebugUnitTest
push-getui:javaPreCompileDebugUnitTest
push-google:javaPreCompileDebugUnitTest
push-honor:javaPreCompileDebugUnitTest
push-huawei:javaPreCompileDebugUnitTest
push-oppo:javaPreCompileDebugUnitTest
push-vivo:javaPreCompileDebugUnitTest
push-xiaomi:javaPreCompileDebugUnitTest
qrcode:javaPreCompileDebugUnitTest
repository:javaPreCompileDebugUnitTest
rn-platform:javaPreCompileDebugUnitTest
app:javaPreCompileDomesticBeta
app:javaPreCompileDomesticDebug
app:javaPreCompileDomesticDebugAndroidTest
app:javaPreCompileDomesticDebugUnitTest
app:javaPreCompileDomesticRelease
app:javaPreCompileDomesticUat
app:javaPreCompileOverseasBeta
app:javaPreCompileOverseasDebug
app:javaPreCompileOverseasDebugAndroidTest
app:javaPreCompileOverseasDebugUnitTest
app:javaPreCompileOverseasRelease
app:javaPreCompileOverseasUat
base:javaPreCompileRelease
bluetooth:javaPreCompileRelease
calendarview:javaPreCompileRelease
camera:javaPreCompileRelease
common:javaPreCompileRelease
core-device:javaPreCompileRelease
core-device-setup:javaPreCompileRelease
core-log:javaPreCompileRelease
core-messaging:javaPreCompileRelease
core-ui:javaPreCompileRelease
core-util:javaPreCompileRelease
crash-report-bugly:javaPreCompileRelease
crash-report-core:javaPreCompileRelease
crash-report-firebase:javaPreCompileRelease
domain:javaPreCompileRelease
dsbridge:javaPreCompileRelease
net:javaPreCompileRelease
permissionx:javaPreCompileRelease
player-feature-ipc:javaPreCompileRelease
player-provider-airtc-android:javaPreCompileRelease
player-provider-ugrtc-android:javaPreCompileRelease
player-runtime-android:javaPreCompileRelease
player-sdk-android:javaPreCompileRelease
push-core:javaPreCompileRelease
push-getui:javaPreCompileRelease
push-google:javaPreCompileRelease
push-honor:javaPreCompileRelease
push-huawei:javaPreCompileRelease
push-oppo:javaPreCompileRelease
push-vivo:javaPreCompileRelease
push-xiaomi:javaPreCompileRelease
qrcode:javaPreCompileRelease
repository:javaPreCompileRelease
rn-platform:javaPreCompileRelease
player-core:kmpPartiallyResolvedDependenciesChecker
base:kspDebugAndroidTestKotlin
base:kspDebugKotlin
base:kspDebugUnitTestKotlin
app:kspDomesticBetaKotlin
app:kspDomesticDebugAndroidTestKotlin
app:kspDomesticDebugKotlin
app:kspDomesticDebugUnitTestKotlin
app:kspDomesticReleaseKotlin
app:kspDomesticUatKotlin
app:kspOverseasBetaKotlin
app:kspOverseasDebugAndroidTestKotlin
app:kspOverseasDebugKotlin
app:kspOverseasDebugUnitTestKotlin
app:kspOverseasReleaseKotlin
app:kspOverseasUatKotlin
base:kspReleaseKotlin
base:l8DexDesugarLibDebugAndroidTest
bluetooth:l8DexDesugarLibDebugAndroidTest
calendarview:l8DexDesugarLibDebugAndroidTest
camera:l8DexDesugarLibDebugAndroidTest
common:l8DexDesugarLibDebugAndroidTest
core-device:l8DexDesugarLibDebugAndroidTest
core-log:l8DexDesugarLibDebugAndroidTest
core-messaging:l8DexDesugarLibDebugAndroidTest
core-ui:l8DexDesugarLibDebugAndroidTest
core-util:l8DexDesugarLibDebugAndroidTest
crash-report-bugly:l8DexDesugarLibDebugAndroidTest
crash-report-core:l8DexDesugarLibDebugAndroidTest
crash-report-firebase:l8DexDesugarLibDebugAndroidTest
domain:l8DexDesugarLibDebugAndroidTest
dsbridge:l8DexDesugarLibDebugAndroidTest
net:l8DexDesugarLibDebugAndroidTest
push-core:l8DexDesugarLibDebugAndroidTest
push-getui:l8DexDesugarLibDebugAndroidTest
push-google:l8DexDesugarLibDebugAndroidTest
push-honor:l8DexDesugarLibDebugAndroidTest
push-huawei:l8DexDesugarLibDebugAndroidTest
push-oppo:l8DexDesugarLibDebugAndroidTest
push-vivo:l8DexDesugarLibDebugAndroidTest
push-xiaomi:l8DexDesugarLibDebugAndroidTest
qrcode:l8DexDesugarLibDebugAndroidTest
repository:l8DexDesugarLibDebugAndroidTest
rn-platform:l8DexDesugarLibDebugAndroidTest
app:l8DexDesugarLibDomesticBeta
app:l8DexDesugarLibDomesticDebug
app:l8DexDesugarLibDomesticRelease
app:l8DexDesugarLibDomesticUat
app:l8DexDesugarLibOverseasBeta
app:l8DexDesugarLibOverseasDebug
app:l8DexDesugarLibOverseasRelease
app:l8DexDesugarLibOverseasUat
base:lintAnalyzeDebug - Run lint analysis on the debug component
bluetooth:lintAnalyzeDebug - Run lint analysis on the debug component
calendarview:lintAnalyzeDebug - Run lint analysis on the debug component
camera:lintAnalyzeDebug - Run lint analysis on the debug component
common:lintAnalyzeDebug - Run lint analysis on the debug component
core-device:lintAnalyzeDebug - Run lint analysis on the debug component
core-device-setup:lintAnalyzeDebug - Run lint analysis on the debug component
core-log:lintAnalyzeDebug - Run lint analysis on the debug component
core-messaging:lintAnalyzeDebug - Run lint analysis on the debug component
core-ui:lintAnalyzeDebug - Run lint analysis on the debug component
core-util:lintAnalyzeDebug - Run lint analysis on the debug component
crash-report-bugly:lintAnalyzeDebug - Run lint analysis on the debug component
crash-report-core:lintAnalyzeDebug - Run lint analysis on the debug component
crash-report-firebase:lintAnalyzeDebug - Run lint analysis on the debug component
domain:lintAnalyzeDebug - Run lint analysis on the debug component
dsbridge:lintAnalyzeDebug - Run lint analysis on the debug component
net:lintAnalyzeDebug - Run lint analysis on the debug component
permissionx:lintAnalyzeDebug - Run lint analysis on the debug component
player-feature-ipc:lintAnalyzeDebug - Run lint analysis on the debug component
player-provider-airtc-android:lintAnalyzeDebug - Run lint analysis on the debug component
player-provider-ugrtc-android:lintAnalyzeDebug - Run lint analysis on the debug component
player-runtime-android:lintAnalyzeDebug - Run lint analysis on the debug component
player-sdk-android:lintAnalyzeDebug - Run lint analysis on the debug component
push-core:lintAnalyzeDebug - Run lint analysis on the debug component
push-getui:lintAnalyzeDebug - Run lint analysis on the debug component
push-google:lintAnalyzeDebug - Run lint analysis on the debug component
push-honor:lintAnalyzeDebug - Run lint analysis on the debug component
push-huawei:lintAnalyzeDebug - Run lint analysis on the debug component
push-oppo:lintAnalyzeDebug - Run lint analysis on the debug component
push-vivo:lintAnalyzeDebug - Run lint analysis on the debug component
push-xiaomi:lintAnalyzeDebug - Run lint analysis on the debug component
qrcode:lintAnalyzeDebug - Run lint analysis on the debug component
repository:lintAnalyzeDebug - Run lint analysis on the debug component
rn-platform:lintAnalyzeDebug - Run lint analysis on the debug component
base:lintAnalyzeDebugAndroidTest - Run lint analysis on the debugAndroidTest component
bluetooth:lintAnalyzeDebugAndroidTest - Run lint analysis on the debugAndroidTest component
calendarview:lintAnalyzeDebugAndroidTest - Run lint analysis on the debugAndroidTest component
camera:lintAnalyzeDebugAndroidTest - Run lint analysis on the debugAndroidTest component
common:lintAnalyzeDebugAndroidTest - Run lint analysis on the debugAndroidTest component
core-device:lintAnalyzeDebugAndroidTest - Run lint analysis on the debugAndroidTest component
core-device-setup:lintAnalyzeDebugAndroidTest - Run lint analysis on the debugAndroidTest component
core-log:lintAnalyzeDebugAndroidTest - Run lint analysis on the debugAndroidTest component
core-messaging:lintAnalyzeDebugAndroidTest - Run lint analysis on the debugAndroidTest component
core-ui:lintAnalyzeDebugAndroidTest - Run lint analysis on the debugAndroidTest component
core-util:lintAnalyzeDebugAndroidTest - Run lint analysis on the debugAndroidTest component
crash-report-bugly:lintAnalyzeDebugAndroidTest - Run lint analysis on the debugAndroidTest component
crash-report-core:lintAnalyzeDebugAndroidTest - Run lint analysis on the debugAndroidTest component
crash-report-firebase:lintAnalyzeDebugAndroidTest - Run lint analysis on the debugAndroidTest component
domain:lintAnalyzeDebugAndroidTest - Run lint analysis on the debugAndroidTest component
dsbridge:lintAnalyzeDebugAndroidTest - Run lint analysis on the debugAndroidTest component
net:lintAnalyzeDebugAndroidTest - Run lint analysis on the debugAndroidTest component
permissionx:lintAnalyzeDebugAndroidTest - Run lint analysis on the debugAndroidTest component
player-feature-ipc:lintAnalyzeDebugAndroidTest - Run lint analysis on the debugAndroidTest component
player-provider-airtc-android:lintAnalyzeDebugAndroidTest - Run lint analysis on the debugAndroidTest component
player-provider-ugrtc-android:lintAnalyzeDebugAndroidTest - Run lint analysis on the debugAndroidTest component
player-runtime-android:lintAnalyzeDebugAndroidTest - Run lint analysis on the debugAndroidTest component
player-sdk-android:lintAnalyzeDebugAndroidTest - Run lint analysis on the debugAndroidTest component
push-core:lintAnalyzeDebugAndroidTest - Run lint analysis on the debugAndroidTest component
push-getui:lintAnalyzeDebugAndroidTest - Run lint analysis on the debugAndroidTest component
push-google:lintAnalyzeDebugAndroidTest - Run lint analysis on the debugAndroidTest component
push-honor:lintAnalyzeDebugAndroidTest - Run lint analysis on the debugAndroidTest component
push-huawei:lintAnalyzeDebugAndroidTest - Run lint analysis on the debugAndroidTest component
push-oppo:lintAnalyzeDebugAndroidTest - Run lint analysis on the debugAndroidTest component
push-vivo:lintAnalyzeDebugAndroidTest - Run lint analysis on the debugAndroidTest component
push-xiaomi:lintAnalyzeDebugAndroidTest - Run lint analysis on the debugAndroidTest component
qrcode:lintAnalyzeDebugAndroidTest - Run lint analysis on the debugAndroidTest component
repository:lintAnalyzeDebugAndroidTest - Run lint analysis on the debugAndroidTest component
rn-platform:lintAnalyzeDebugAndroidTest - Run lint analysis on the debugAndroidTest component
base:lintAnalyzeDebugUnitTest - Run lint analysis on the debugUnitTest component
bluetooth:lintAnalyzeDebugUnitTest - Run lint analysis on the debugUnitTest component
calendarview:lintAnalyzeDebugUnitTest - Run lint analysis on the debugUnitTest component
camera:lintAnalyzeDebugUnitTest - Run lint analysis on the debugUnitTest component
common:lintAnalyzeDebugUnitTest - Run lint analysis on the debugUnitTest component
core-device:lintAnalyzeDebugUnitTest - Run lint analysis on the debugUnitTest component
core-device-setup:lintAnalyzeDebugUnitTest - Run lint analysis on the debugUnitTest component
core-log:lintAnalyzeDebugUnitTest - Run lint analysis on the debugUnitTest component
core-messaging:lintAnalyzeDebugUnitTest - Run lint analysis on the debugUnitTest component
core-ui:lintAnalyzeDebugUnitTest - Run lint analysis on the debugUnitTest component
core-util:lintAnalyzeDebugUnitTest - Run lint analysis on the debugUnitTest component
crash-report-bugly:lintAnalyzeDebugUnitTest - Run lint analysis on the debugUnitTest component
crash-report-core:lintAnalyzeDebugUnitTest - Run lint analysis on the debugUnitTest component
crash-report-firebase:lintAnalyzeDebugUnitTest - Run lint analysis on the debugUnitTest component
domain:lintAnalyzeDebugUnitTest - Run lint analysis on the debugUnitTest component
dsbridge:lintAnalyzeDebugUnitTest - Run lint analysis on the debugUnitTest component
net:lintAnalyzeDebugUnitTest - Run lint analysis on the debugUnitTest component
permissionx:lintAnalyzeDebugUnitTest - Run lint analysis on the debugUnitTest component
player-feature-ipc:lintAnalyzeDebugUnitTest - Run lint analysis on the debugUnitTest component
player-provider-airtc-android:lintAnalyzeDebugUnitTest - Run lint analysis on the debugUnitTest component
player-provider-ugrtc-android:lintAnalyzeDebugUnitTest - Run lint analysis on the debugUnitTest component
player-runtime-android:lintAnalyzeDebugUnitTest - Run lint analysis on the debugUnitTest component
player-sdk-android:lintAnalyzeDebugUnitTest - Run lint analysis on the debugUnitTest component
push-core:lintAnalyzeDebugUnitTest - Run lint analysis on the debugUnitTest component
push-getui:lintAnalyzeDebugUnitTest - Run lint analysis on the debugUnitTest component
push-google:lintAnalyzeDebugUnitTest - Run lint analysis on the debugUnitTest component
push-honor:lintAnalyzeDebugUnitTest - Run lint analysis on the debugUnitTest component
push-huawei:lintAnalyzeDebugUnitTest - Run lint analysis on the debugUnitTest component
push-oppo:lintAnalyzeDebugUnitTest - Run lint analysis on the debugUnitTest component
push-vivo:lintAnalyzeDebugUnitTest - Run lint analysis on the debugUnitTest component
push-xiaomi:lintAnalyzeDebugUnitTest - Run lint analysis on the debugUnitTest component
qrcode:lintAnalyzeDebugUnitTest - Run lint analysis on the debugUnitTest component
repository:lintAnalyzeDebugUnitTest - Run lint analysis on the debugUnitTest component
rn-platform:lintAnalyzeDebugUnitTest - Run lint analysis on the debugUnitTest component
app:lintAnalyzeDomesticBeta - Run lint analysis on the domesticBeta component
app:lintAnalyzeDomesticDebug - Run lint analysis on the domesticDebug component
app:lintAnalyzeDomesticDebugAndroidTest - Run lint analysis on the domesticDebugAndroidTest component
app:lintAnalyzeDomesticDebugUnitTest - Run lint analysis on the domesticDebugUnitTest component
app:lintAnalyzeDomesticRelease - Run lint analysis on the domesticRelease component
app:lintAnalyzeDomesticUat - Run lint analysis on the domesticUat component
app:lintAnalyzeOverseasBeta - Run lint analysis on the overseasBeta component
app:lintAnalyzeOverseasDebug - Run lint analysis on the overseasDebug component
app:lintAnalyzeOverseasDebugAndroidTest - Run lint analysis on the overseasDebugAndroidTest component
app:lintAnalyzeOverseasDebugUnitTest - Run lint analysis on the overseasDebugUnitTest component
app:lintAnalyzeOverseasRelease - Run lint analysis on the overseasRelease component
app:lintAnalyzeOverseasUat - Run lint analysis on the overseasUat component
base:lintAnalyzeRelease - Run lint analysis on the release component
bluetooth:lintAnalyzeRelease - Run lint analysis on the release component
calendarview:lintAnalyzeRelease - Run lint analysis on the release component
camera:lintAnalyzeRelease - Run lint analysis on the release component
common:lintAnalyzeRelease - Run lint analysis on the release component
core-device:lintAnalyzeRelease - Run lint analysis on the release component
core-device-setup:lintAnalyzeRelease - Run lint analysis on the release component
core-log:lintAnalyzeRelease - Run lint analysis on the release component
core-messaging:lintAnalyzeRelease - Run lint analysis on the release component
core-ui:lintAnalyzeRelease - Run lint analysis on the release component
core-util:lintAnalyzeRelease - Run lint analysis on the release component
crash-report-bugly:lintAnalyzeRelease - Run lint analysis on the release component
crash-report-core:lintAnalyzeRelease - Run lint analysis on the release component
crash-report-firebase:lintAnalyzeRelease - Run lint analysis on the release component
domain:lintAnalyzeRelease - Run lint analysis on the release component
dsbridge:lintAnalyzeRelease - Run lint analysis on the release component
net:lintAnalyzeRelease - Run lint analysis on the release component
permissionx:lintAnalyzeRelease - Run lint analysis on the release component
player-feature-ipc:lintAnalyzeRelease - Run lint analysis on the release component
player-provider-airtc-android:lintAnalyzeRelease - Run lint analysis on the release component
player-provider-ugrtc-android:lintAnalyzeRelease - Run lint analysis on the release component
player-runtime-android:lintAnalyzeRelease - Run lint analysis on the release component
player-sdk-android:lintAnalyzeRelease - Run lint analysis on the release component
push-core:lintAnalyzeRelease - Run lint analysis on the release component
push-getui:lintAnalyzeRelease - Run lint analysis on the release component
push-google:lintAnalyzeRelease - Run lint analysis on the release component
push-honor:lintAnalyzeRelease - Run lint analysis on the release component
push-huawei:lintAnalyzeRelease - Run lint analysis on the release component
push-oppo:lintAnalyzeRelease - Run lint analysis on the release component
push-vivo:lintAnalyzeRelease - Run lint analysis on the release component
push-xiaomi:lintAnalyzeRelease - Run lint analysis on the release component
qrcode:lintAnalyzeRelease - Run lint analysis on the release component
repository:lintAnalyzeRelease - Run lint analysis on the release component
rn-platform:lintAnalyzeRelease - Run lint analysis on the release component
base:lintFixDebug - Fix lint on the debug variant
bluetooth:lintFixDebug - Fix lint on the debug variant
calendarview:lintFixDebug - Fix lint on the debug variant
camera:lintFixDebug - Fix lint on the debug variant
common:lintFixDebug - Fix lint on the debug variant
core-device:lintFixDebug - Fix lint on the debug variant
core-device-setup:lintFixDebug - Fix lint on the debug variant
core-log:lintFixDebug - Fix lint on the debug variant
core-messaging:lintFixDebug - Fix lint on the debug variant
core-ui:lintFixDebug - Fix lint on the debug variant
core-util:lintFixDebug - Fix lint on the debug variant
crash-report-bugly:lintFixDebug - Fix lint on the debug variant
crash-report-core:lintFixDebug - Fix lint on the debug variant
crash-report-firebase:lintFixDebug - Fix lint on the debug variant
domain:lintFixDebug - Fix lint on the debug variant
dsbridge:lintFixDebug - Fix lint on the debug variant
net:lintFixDebug - Fix lint on the debug variant
permissionx:lintFixDebug - Fix lint on the debug variant
player-feature-ipc:lintFixDebug - Fix lint on the debug variant
player-provider-airtc-android:lintFixDebug - Fix lint on the debug variant
player-provider-ugrtc-android:lintFixDebug - Fix lint on the debug variant
player-runtime-android:lintFixDebug - Fix lint on the debug variant
player-sdk-android:lintFixDebug - Fix lint on the debug variant
push-core:lintFixDebug - Fix lint on the debug variant
push-getui:lintFixDebug - Fix lint on the debug variant
push-google:lintFixDebug - Fix lint on the debug variant
push-honor:lintFixDebug - Fix lint on the debug variant
push-huawei:lintFixDebug - Fix lint on the debug variant
push-oppo:lintFixDebug - Fix lint on the debug variant
push-vivo:lintFixDebug - Fix lint on the debug variant
push-xiaomi:lintFixDebug - Fix lint on the debug variant
qrcode:lintFixDebug - Fix lint on the debug variant
repository:lintFixDebug - Fix lint on the debug variant
rn-platform:lintFixDebug - Fix lint on the debug variant
app:lintFixDomesticBeta - Fix lint on the domesticBeta variant
app:lintFixDomesticDebug - Fix lint on the domesticDebug variant
app:lintFixDomesticRelease - Fix lint on the domesticRelease variant
app:lintFixDomesticUat - Fix lint on the domesticUat variant
app:lintFixOverseasBeta - Fix lint on the overseasBeta variant
app:lintFixOverseasDebug - Fix lint on the overseasDebug variant
app:lintFixOverseasRelease - Fix lint on the overseasRelease variant
app:lintFixOverseasUat - Fix lint on the overseasUat variant
base:lintFixRelease - Fix lint on the release variant
bluetooth:lintFixRelease - Fix lint on the release variant
calendarview:lintFixRelease - Fix lint on the release variant
camera:lintFixRelease - Fix lint on the release variant
common:lintFixRelease - Fix lint on the release variant
core-device:lintFixRelease - Fix lint on the release variant
core-device-setup:lintFixRelease - Fix lint on the release variant
core-log:lintFixRelease - Fix lint on the release variant
core-messaging:lintFixRelease - Fix lint on the release variant
core-ui:lintFixRelease - Fix lint on the release variant
core-util:lintFixRelease - Fix lint on the release variant
crash-report-bugly:lintFixRelease - Fix lint on the release variant
crash-report-core:lintFixRelease - Fix lint on the release variant
crash-report-firebase:lintFixRelease - Fix lint on the release variant
domain:lintFixRelease - Fix lint on the release variant
dsbridge:lintFixRelease - Fix lint on the release variant
net:lintFixRelease - Fix lint on the release variant
permissionx:lintFixRelease - Fix lint on the release variant
player-feature-ipc:lintFixRelease - Fix lint on the release variant
player-provider-airtc-android:lintFixRelease - Fix lint on the release variant
player-provider-ugrtc-android:lintFixRelease - Fix lint on the release variant
player-runtime-android:lintFixRelease - Fix lint on the release variant
player-sdk-android:lintFixRelease - Fix lint on the release variant
push-core:lintFixRelease - Fix lint on the release variant
push-getui:lintFixRelease - Fix lint on the release variant
push-google:lintFixRelease - Fix lint on the release variant
push-honor:lintFixRelease - Fix lint on the release variant
push-huawei:lintFixRelease - Fix lint on the release variant
push-oppo:lintFixRelease - Fix lint on the release variant
push-vivo:lintFixRelease - Fix lint on the release variant
push-xiaomi:lintFixRelease - Fix lint on the release variant
qrcode:lintFixRelease - Fix lint on the release variant
repository:lintFixRelease - Fix lint on the release variant
rn-platform:lintFixRelease - Fix lint on the release variant
base:lintReportDebug - Run lint on the debug variant
bluetooth:lintReportDebug - Run lint on the debug variant
calendarview:lintReportDebug - Run lint on the debug variant
camera:lintReportDebug - Run lint on the debug variant
common:lintReportDebug - Run lint on the debug variant
core-device:lintReportDebug - Run lint on the debug variant
core-device-setup:lintReportDebug - Run lint on the debug variant
core-log:lintReportDebug - Run lint on the debug variant
core-messaging:lintReportDebug - Run lint on the debug variant
core-ui:lintReportDebug - Run lint on the debug variant
core-util:lintReportDebug - Run lint on the debug variant
crash-report-bugly:lintReportDebug - Run lint on the debug variant
crash-report-core:lintReportDebug - Run lint on the debug variant
crash-report-firebase:lintReportDebug - Run lint on the debug variant
domain:lintReportDebug - Run lint on the debug variant
dsbridge:lintReportDebug - Run lint on the debug variant
net:lintReportDebug - Run lint on the debug variant
permissionx:lintReportDebug - Run lint on the debug variant
player-feature-ipc:lintReportDebug - Run lint on the debug variant
player-provider-airtc-android:lintReportDebug - Run lint on the debug variant
player-provider-ugrtc-android:lintReportDebug - Run lint on the debug variant
player-runtime-android:lintReportDebug - Run lint on the debug variant
player-sdk-android:lintReportDebug - Run lint on the debug variant
push-core:lintReportDebug - Run lint on the debug variant
push-getui:lintReportDebug - Run lint on the debug variant
push-google:lintReportDebug - Run lint on the debug variant
push-honor:lintReportDebug - Run lint on the debug variant
push-huawei:lintReportDebug - Run lint on the debug variant
push-oppo:lintReportDebug - Run lint on the debug variant
push-vivo:lintReportDebug - Run lint on the debug variant
push-xiaomi:lintReportDebug - Run lint on the debug variant
qrcode:lintReportDebug - Run lint on the debug variant
repository:lintReportDebug - Run lint on the debug variant
rn-platform:lintReportDebug - Run lint on the debug variant
app:lintReportDomesticBeta - Run lint on the domesticBeta variant
app:lintReportDomesticDebug - Run lint on the domesticDebug variant
app:lintReportDomesticRelease - Run lint on the domesticRelease variant
app:lintReportDomesticUat - Run lint on the domesticUat variant
app:lintReportOverseasBeta - Run lint on the overseasBeta variant
app:lintReportOverseasDebug - Run lint on the overseasDebug variant
app:lintReportOverseasRelease - Run lint on the overseasRelease variant
app:lintReportOverseasUat - Run lint on the overseasUat variant
base:lintReportRelease - Run lint on the release variant
bluetooth:lintReportRelease - Run lint on the release variant
calendarview:lintReportRelease - Run lint on the release variant
camera:lintReportRelease - Run lint on the release variant
common:lintReportRelease - Run lint on the release variant
core-device:lintReportRelease - Run lint on the release variant
core-device-setup:lintReportRelease - Run lint on the release variant
core-log:lintReportRelease - Run lint on the release variant
core-messaging:lintReportRelease - Run lint on the release variant
core-ui:lintReportRelease - Run lint on the release variant
core-util:lintReportRelease - Run lint on the release variant
crash-report-bugly:lintReportRelease - Run lint on the release variant
crash-report-core:lintReportRelease - Run lint on the release variant
crash-report-firebase:lintReportRelease - Run lint on the release variant
domain:lintReportRelease - Run lint on the release variant
dsbridge:lintReportRelease - Run lint on the release variant
net:lintReportRelease - Run lint on the release variant
permissionx:lintReportRelease - Run lint on the release variant
player-feature-ipc:lintReportRelease - Run lint on the release variant
player-provider-airtc-android:lintReportRelease - Run lint on the release variant
player-provider-ugrtc-android:lintReportRelease - Run lint on the release variant
player-runtime-android:lintReportRelease - Run lint on the release variant
player-sdk-android:lintReportRelease - Run lint on the release variant
push-core:lintReportRelease - Run lint on the release variant
push-getui:lintReportRelease - Run lint on the release variant
push-google:lintReportRelease - Run lint on the release variant
push-honor:lintReportRelease - Run lint on the release variant
push-huawei:lintReportRelease - Run lint on the release variant
push-oppo:lintReportRelease - Run lint on the release variant
push-vivo:lintReportRelease - Run lint on the release variant
push-xiaomi:lintReportRelease - Run lint on the release variant
qrcode:lintReportRelease - Run lint on the release variant
repository:lintReportRelease - Run lint on the release variant
rn-platform:lintReportRelease - Run lint on the release variant
base:lintVitalAnalyzeDebug - Run lint analysis with only the fatal issues enabled on the debug variant
bluetooth:lintVitalAnalyzeDebug - Run lint analysis with only the fatal issues enabled on the debug variant
calendarview:lintVitalAnalyzeDebug - Run lint analysis with only the fatal issues enabled on the debug variant
camera:lintVitalAnalyzeDebug - Run lint analysis with only the fatal issues enabled on the debug variant
common:lintVitalAnalyzeDebug - Run lint analysis with only the fatal issues enabled on the debug variant
core-device:lintVitalAnalyzeDebug - Run lint analysis with only the fatal issues enabled on the debug variant
core-device-setup:lintVitalAnalyzeDebug - Run lint analysis with only the fatal issues enabled on the debug variant
core-log:lintVitalAnalyzeDebug - Run lint analysis with only the fatal issues enabled on the debug variant
core-messaging:lintVitalAnalyzeDebug - Run lint analysis with only the fatal issues enabled on the debug variant
core-ui:lintVitalAnalyzeDebug - Run lint analysis with only the fatal issues enabled on the debug variant
core-util:lintVitalAnalyzeDebug - Run lint analysis with only the fatal issues enabled on the debug variant
crash-report-bugly:lintVitalAnalyzeDebug - Run lint analysis with only the fatal issues enabled on the debug variant
crash-report-core:lintVitalAnalyzeDebug - Run lint analysis with only the fatal issues enabled on the debug variant
crash-report-firebase:lintVitalAnalyzeDebug - Run lint analysis with only the fatal issues enabled on the debug variant
domain:lintVitalAnalyzeDebug - Run lint analysis with only the fatal issues enabled on the debug variant
dsbridge:lintVitalAnalyzeDebug - Run lint analysis with only the fatal issues enabled on the debug variant
net:lintVitalAnalyzeDebug - Run lint analysis with only the fatal issues enabled on the debug variant
permissionx:lintVitalAnalyzeDebug - Run lint analysis with only the fatal issues enabled on the debug variant
player-feature-ipc:lintVitalAnalyzeDebug - Run lint analysis with only the fatal issues enabled on the debug variant
player-provider-airtc-android:lintVitalAnalyzeDebug - Run lint analysis with only the fatal issues enabled on the debug variant
player-provider-ugrtc-android:lintVitalAnalyzeDebug - Run lint analysis with only the fatal issues enabled on the debug variant
player-runtime-android:lintVitalAnalyzeDebug - Run lint analysis with only the fatal issues enabled on the debug variant
player-sdk-android:lintVitalAnalyzeDebug - Run lint analysis with only the fatal issues enabled on the debug variant
push-core:lintVitalAnalyzeDebug - Run lint analysis with only the fatal issues enabled on the debug variant
push-getui:lintVitalAnalyzeDebug - Run lint analysis with only the fatal issues enabled on the debug variant
push-google:lintVitalAnalyzeDebug - Run lint analysis with only the fatal issues enabled on the debug variant
push-honor:lintVitalAnalyzeDebug - Run lint analysis with only the fatal issues enabled on the debug variant
push-huawei:lintVitalAnalyzeDebug - Run lint analysis with only the fatal issues enabled on the debug variant
push-oppo:lintVitalAnalyzeDebug - Run lint analysis with only the fatal issues enabled on the debug variant
push-vivo:lintVitalAnalyzeDebug - Run lint analysis with only the fatal issues enabled on the debug variant
push-xiaomi:lintVitalAnalyzeDebug - Run lint analysis with only the fatal issues enabled on the debug variant
qrcode:lintVitalAnalyzeDebug - Run lint analysis with only the fatal issues enabled on the debug variant
repository:lintVitalAnalyzeDebug - Run lint analysis with only the fatal issues enabled on the debug variant
rn-platform:lintVitalAnalyzeDebug - Run lint analysis with only the fatal issues enabled on the debug variant
base:lintVitalAnalyzeRelease - Run lint analysis with only the fatal issues enabled on the release variant
bluetooth:lintVitalAnalyzeRelease - Run lint analysis with only the fatal issues enabled on the release variant
calendarview:lintVitalAnalyzeRelease - Run lint analysis with only the fatal issues enabled on the release variant
camera:lintVitalAnalyzeRelease - Run lint analysis with only the fatal issues enabled on the release variant
common:lintVitalAnalyzeRelease - Run lint analysis with only the fatal issues enabled on the release variant
core-device:lintVitalAnalyzeRelease - Run lint analysis with only the fatal issues enabled on the release variant
core-device-setup:lintVitalAnalyzeRelease - Run lint analysis with only the fatal issues enabled on the release variant
core-log:lintVitalAnalyzeRelease - Run lint analysis with only the fatal issues enabled on the release variant
core-messaging:lintVitalAnalyzeRelease - Run lint analysis with only the fatal issues enabled on the release variant
core-ui:lintVitalAnalyzeRelease - Run lint analysis with only the fatal issues enabled on the release variant
core-util:lintVitalAnalyzeRelease - Run lint analysis with only the fatal issues enabled on the release variant
crash-report-bugly:lintVitalAnalyzeRelease - Run lint analysis with only the fatal issues enabled on the release variant
crash-report-core:lintVitalAnalyzeRelease - Run lint analysis with only the fatal issues enabled on the release variant
crash-report-firebase:lintVitalAnalyzeRelease - Run lint analysis with only the fatal issues enabled on the release variant
domain:lintVitalAnalyzeRelease - Run lint analysis with only the fatal issues enabled on the release variant
dsbridge:lintVitalAnalyzeRelease - Run lint analysis with only the fatal issues enabled on the release variant
net:lintVitalAnalyzeRelease - Run lint analysis with only the fatal issues enabled on the release variant
permissionx:lintVitalAnalyzeRelease - Run lint analysis with only the fatal issues enabled on the release variant
player-feature-ipc:lintVitalAnalyzeRelease - Run lint analysis with only the fatal issues enabled on the release variant
player-provider-airtc-android:lintVitalAnalyzeRelease - Run lint analysis with only the fatal issues enabled on the release variant
player-provider-ugrtc-android:lintVitalAnalyzeRelease - Run lint analysis with only the fatal issues enabled on the release variant
player-runtime-android:lintVitalAnalyzeRelease - Run lint analysis with only the fatal issues enabled on the release variant
player-sdk-android:lintVitalAnalyzeRelease - Run lint analysis with only the fatal issues enabled on the release variant
push-core:lintVitalAnalyzeRelease - Run lint analysis with only the fatal issues enabled on the release variant
push-getui:lintVitalAnalyzeRelease - Run lint analysis with only the fatal issues enabled on the release variant
push-google:lintVitalAnalyzeRelease - Run lint analysis with only the fatal issues enabled on the release variant
push-honor:lintVitalAnalyzeRelease - Run lint analysis with only the fatal issues enabled on the release variant
push-huawei:lintVitalAnalyzeRelease - Run lint analysis with only the fatal issues enabled on the release variant
push-oppo:lintVitalAnalyzeRelease - Run lint analysis with only the fatal issues enabled on the release variant
push-vivo:lintVitalAnalyzeRelease - Run lint analysis with only the fatal issues enabled on the release variant
push-xiaomi:lintVitalAnalyzeRelease - Run lint analysis with only the fatal issues enabled on the release variant
qrcode:lintVitalAnalyzeRelease - Run lint analysis with only the fatal issues enabled on the release variant
repository:lintVitalAnalyzeRelease - Run lint analysis with only the fatal issues enabled on the release variant
rn-platform:lintVitalAnalyzeRelease - Run lint analysis with only the fatal issues enabled on the release variant
core-ui:lint:mainClasses
app:makeApkFromBundleForDomesticBeta
app:makeApkFromBundleForDomesticDebug
app:makeApkFromBundleForDomesticRelease
app:makeApkFromBundleForDomesticUat
app:makeApkFromBundleForOverseasBeta
app:makeApkFromBundleForOverseasDebug
app:makeApkFromBundleForOverseasRelease
app:makeApkFromBundleForOverseasUat
base:mapDebugAndroidTestSourceSetPaths
bluetooth:mapDebugAndroidTestSourceSetPaths
calendarview:mapDebugAndroidTestSourceSetPaths
camera:mapDebugAndroidTestSourceSetPaths
common:mapDebugAndroidTestSourceSetPaths
core-device:mapDebugAndroidTestSourceSetPaths
core-device-setup:mapDebugAndroidTestSourceSetPaths
core-log:mapDebugAndroidTestSourceSetPaths
core-messaging:mapDebugAndroidTestSourceSetPaths
core-ui:mapDebugAndroidTestSourceSetPaths
core-util:mapDebugAndroidTestSourceSetPaths
crash-report-bugly:mapDebugAndroidTestSourceSetPaths
crash-report-core:mapDebugAndroidTestSourceSetPaths
crash-report-firebase:mapDebugAndroidTestSourceSetPaths
domain:mapDebugAndroidTestSourceSetPaths
dsbridge:mapDebugAndroidTestSourceSetPaths
net:mapDebugAndroidTestSourceSetPaths
permissionx:mapDebugAndroidTestSourceSetPaths
player-feature-ipc:mapDebugAndroidTestSourceSetPaths
player-provider-airtc-android:mapDebugAndroidTestSourceSetPaths
player-provider-ugrtc-android:mapDebugAndroidTestSourceSetPaths
player-runtime-android:mapDebugAndroidTestSourceSetPaths
player-sdk-android:mapDebugAndroidTestSourceSetPaths
push-core:mapDebugAndroidTestSourceSetPaths
push-getui:mapDebugAndroidTestSourceSetPaths
push-google:mapDebugAndroidTestSourceSetPaths
push-honor:mapDebugAndroidTestSourceSetPaths
push-huawei:mapDebugAndroidTestSourceSetPaths
push-oppo:mapDebugAndroidTestSourceSetPaths
push-vivo:mapDebugAndroidTestSourceSetPaths
push-xiaomi:mapDebugAndroidTestSourceSetPaths
qrcode:mapDebugAndroidTestSourceSetPaths
repository:mapDebugAndroidTestSourceSetPaths
rn-platform:mapDebugAndroidTestSourceSetPaths
base:mapDebugSourceSetPaths
bluetooth:mapDebugSourceSetPaths
calendarview:mapDebugSourceSetPaths
camera:mapDebugSourceSetPaths
common:mapDebugSourceSetPaths
core-device:mapDebugSourceSetPaths
core-device-setup:mapDebugSourceSetPaths
core-log:mapDebugSourceSetPaths
core-messaging:mapDebugSourceSetPaths
core-ui:mapDebugSourceSetPaths
core-util:mapDebugSourceSetPaths
crash-report-bugly:mapDebugSourceSetPaths
crash-report-core:mapDebugSourceSetPaths
crash-report-firebase:mapDebugSourceSetPaths
domain:mapDebugSourceSetPaths
dsbridge:mapDebugSourceSetPaths
net:mapDebugSourceSetPaths
permissionx:mapDebugSourceSetPaths
player-feature-ipc:mapDebugSourceSetPaths
player-provider-airtc-android:mapDebugSourceSetPaths
player-provider-ugrtc-android:mapDebugSourceSetPaths
player-runtime-android:mapDebugSourceSetPaths
player-sdk-android:mapDebugSourceSetPaths
push-core:mapDebugSourceSetPaths
push-getui:mapDebugSourceSetPaths
push-google:mapDebugSourceSetPaths
push-honor:mapDebugSourceSetPaths
push-huawei:mapDebugSourceSetPaths
push-oppo:mapDebugSourceSetPaths
push-vivo:mapDebugSourceSetPaths
push-xiaomi:mapDebugSourceSetPaths
qrcode:mapDebugSourceSetPaths
repository:mapDebugSourceSetPaths
rn-platform:mapDebugSourceSetPaths
app:mapDomesticBetaSourceSetPaths
app:mapDomesticDebugAndroidTestSourceSetPaths
app:mapDomesticDebugSourceSetPaths
app:mapDomesticReleaseSourceSetPaths
app:mapDomesticUatSourceSetPaths
app:mapOverseasBetaSourceSetPaths
app:mapOverseasDebugAndroidTestSourceSetPaths
app:mapOverseasDebugSourceSetPaths
app:mapOverseasReleaseSourceSetPaths
app:mapOverseasUatSourceSetPaths
base:mapReleaseSourceSetPaths
bluetooth:mapReleaseSourceSetPaths
calendarview:mapReleaseSourceSetPaths
camera:mapReleaseSourceSetPaths
common:mapReleaseSourceSetPaths
core-device:mapReleaseSourceSetPaths
core-device-setup:mapReleaseSourceSetPaths
core-log:mapReleaseSourceSetPaths
core-messaging:mapReleaseSourceSetPaths
core-ui:mapReleaseSourceSetPaths
core-util:mapReleaseSourceSetPaths
crash-report-bugly:mapReleaseSourceSetPaths
crash-report-core:mapReleaseSourceSetPaths
crash-report-firebase:mapReleaseSourceSetPaths
domain:mapReleaseSourceSetPaths
dsbridge:mapReleaseSourceSetPaths
net:mapReleaseSourceSetPaths
permissionx:mapReleaseSourceSetPaths
player-feature-ipc:mapReleaseSourceSetPaths
player-provider-airtc-android:mapReleaseSourceSetPaths
player-provider-ugrtc-android:mapReleaseSourceSetPaths
player-runtime-android:mapReleaseSourceSetPaths
player-sdk-android:mapReleaseSourceSetPaths
push-core:mapReleaseSourceSetPaths
push-getui:mapReleaseSourceSetPaths
push-google:mapReleaseSourceSetPaths
push-honor:mapReleaseSourceSetPaths
push-huawei:mapReleaseSourceSetPaths
push-oppo:mapReleaseSourceSetPaths
push-vivo:mapReleaseSourceSetPaths
push-xiaomi:mapReleaseSourceSetPaths
qrcode:mapReleaseSourceSetPaths
repository:mapReleaseSourceSetPaths
rn-platform:mapReleaseSourceSetPaths
player-core:mergeAndroidMainJavaResource
player-core:mergeAndroidMainJniLibFolders
player-core:mergeAndroidMainNativeLibs
base:mergeDebugAndroidTestAssets
bluetooth:mergeDebugAndroidTestAssets
calendarview:mergeDebugAndroidTestAssets
camera:mergeDebugAndroidTestAssets
common:mergeDebugAndroidTestAssets
core-device:mergeDebugAndroidTestAssets
core-device-setup:mergeDebugAndroidTestAssets
core-log:mergeDebugAndroidTestAssets
core-messaging:mergeDebugAndroidTestAssets
core-ui:mergeDebugAndroidTestAssets
core-util:mergeDebugAndroidTestAssets
crash-report-bugly:mergeDebugAndroidTestAssets
crash-report-core:mergeDebugAndroidTestAssets
crash-report-firebase:mergeDebugAndroidTestAssets
domain:mergeDebugAndroidTestAssets
dsbridge:mergeDebugAndroidTestAssets
net:mergeDebugAndroidTestAssets
permissionx:mergeDebugAndroidTestAssets
player-feature-ipc:mergeDebugAndroidTestAssets
player-provider-airtc-android:mergeDebugAndroidTestAssets
player-provider-ugrtc-android:mergeDebugAndroidTestAssets
player-runtime-android:mergeDebugAndroidTestAssets
player-sdk-android:mergeDebugAndroidTestAssets
push-core:mergeDebugAndroidTestAssets
push-getui:mergeDebugAndroidTestAssets
push-google:mergeDebugAndroidTestAssets
push-honor:mergeDebugAndroidTestAssets
push-huawei:mergeDebugAndroidTestAssets
push-oppo:mergeDebugAndroidTestAssets
push-vivo:mergeDebugAndroidTestAssets
push-xiaomi:mergeDebugAndroidTestAssets
qrcode:mergeDebugAndroidTestAssets
repository:mergeDebugAndroidTestAssets
rn-platform:mergeDebugAndroidTestAssets
base:mergeDebugAndroidTestGeneratedProguardFiles
bluetooth:mergeDebugAndroidTestGeneratedProguardFiles
calendarview:mergeDebugAndroidTestGeneratedProguardFiles
camera:mergeDebugAndroidTestGeneratedProguardFiles
common:mergeDebugAndroidTestGeneratedProguardFiles
core-device:mergeDebugAndroidTestGeneratedProguardFiles
core-device-setup:mergeDebugAndroidTestGeneratedProguardFiles
core-log:mergeDebugAndroidTestGeneratedProguardFiles
core-messaging:mergeDebugAndroidTestGeneratedProguardFiles
core-ui:mergeDebugAndroidTestGeneratedProguardFiles
core-util:mergeDebugAndroidTestGeneratedProguardFiles
crash-report-bugly:mergeDebugAndroidTestGeneratedProguardFiles
crash-report-core:mergeDebugAndroidTestGeneratedProguardFiles
crash-report-firebase:mergeDebugAndroidTestGeneratedProguardFiles
domain:mergeDebugAndroidTestGeneratedProguardFiles
dsbridge:mergeDebugAndroidTestGeneratedProguardFiles
net:mergeDebugAndroidTestGeneratedProguardFiles
permissionx:mergeDebugAndroidTestGeneratedProguardFiles
player-feature-ipc:mergeDebugAndroidTestGeneratedProguardFiles
player-provider-airtc-android:mergeDebugAndroidTestGeneratedProguardFiles
player-provider-ugrtc-android:mergeDebugAndroidTestGeneratedProguardFiles
player-runtime-android:mergeDebugAndroidTestGeneratedProguardFiles
player-sdk-android:mergeDebugAndroidTestGeneratedProguardFiles
push-core:mergeDebugAndroidTestGeneratedProguardFiles
push-getui:mergeDebugAndroidTestGeneratedProguardFiles
push-google:mergeDebugAndroidTestGeneratedProguardFiles
push-honor:mergeDebugAndroidTestGeneratedProguardFiles
push-huawei:mergeDebugAndroidTestGeneratedProguardFiles
push-oppo:mergeDebugAndroidTestGeneratedProguardFiles
push-vivo:mergeDebugAndroidTestGeneratedProguardFiles
push-xiaomi:mergeDebugAndroidTestGeneratedProguardFiles
qrcode:mergeDebugAndroidTestGeneratedProguardFiles
repository:mergeDebugAndroidTestGeneratedProguardFiles
rn-platform:mergeDebugAndroidTestGeneratedProguardFiles
base:mergeDebugAndroidTestJavaResource
bluetooth:mergeDebugAndroidTestJavaResource
calendarview:mergeDebugAndroidTestJavaResource
camera:mergeDebugAndroidTestJavaResource
common:mergeDebugAndroidTestJavaResource
core-device:mergeDebugAndroidTestJavaResource
core-device-setup:mergeDebugAndroidTestJavaResource
core-log:mergeDebugAndroidTestJavaResource
core-messaging:mergeDebugAndroidTestJavaResource
core-ui:mergeDebugAndroidTestJavaResource
core-util:mergeDebugAndroidTestJavaResource
crash-report-bugly:mergeDebugAndroidTestJavaResource
crash-report-core:mergeDebugAndroidTestJavaResource
crash-report-firebase:mergeDebugAndroidTestJavaResource
domain:mergeDebugAndroidTestJavaResource
dsbridge:mergeDebugAndroidTestJavaResource
net:mergeDebugAndroidTestJavaResource
permissionx:mergeDebugAndroidTestJavaResource
player-feature-ipc:mergeDebugAndroidTestJavaResource
player-provider-airtc-android:mergeDebugAndroidTestJavaResource
player-provider-ugrtc-android:mergeDebugAndroidTestJavaResource
player-runtime-android:mergeDebugAndroidTestJavaResource
player-sdk-android:mergeDebugAndroidTestJavaResource
push-core:mergeDebugAndroidTestJavaResource
push-getui:mergeDebugAndroidTestJavaResource
push-google:mergeDebugAndroidTestJavaResource
push-honor:mergeDebugAndroidTestJavaResource
push-huawei:mergeDebugAndroidTestJavaResource
push-oppo:mergeDebugAndroidTestJavaResource
push-vivo:mergeDebugAndroidTestJavaResource
push-xiaomi:mergeDebugAndroidTestJavaResource
qrcode:mergeDebugAndroidTestJavaResource
repository:mergeDebugAndroidTestJavaResource
rn-platform:mergeDebugAndroidTestJavaResource
base:mergeDebugAndroidTestJniLibFolders
bluetooth:mergeDebugAndroidTestJniLibFolders
calendarview:mergeDebugAndroidTestJniLibFolders
camera:mergeDebugAndroidTestJniLibFolders
common:mergeDebugAndroidTestJniLibFolders
core-device:mergeDebugAndroidTestJniLibFolders
core-device-setup:mergeDebugAndroidTestJniLibFolders
core-log:mergeDebugAndroidTestJniLibFolders
core-messaging:mergeDebugAndroidTestJniLibFolders
core-ui:mergeDebugAndroidTestJniLibFolders
core-util:mergeDebugAndroidTestJniLibFolders
crash-report-bugly:mergeDebugAndroidTestJniLibFolders
crash-report-core:mergeDebugAndroidTestJniLibFolders
crash-report-firebase:mergeDebugAndroidTestJniLibFolders
domain:mergeDebugAndroidTestJniLibFolders
dsbridge:mergeDebugAndroidTestJniLibFolders
net:mergeDebugAndroidTestJniLibFolders
permissionx:mergeDebugAndroidTestJniLibFolders
player-feature-ipc:mergeDebugAndroidTestJniLibFolders
player-provider-airtc-android:mergeDebugAndroidTestJniLibFolders
player-provider-ugrtc-android:mergeDebugAndroidTestJniLibFolders
player-runtime-android:mergeDebugAndroidTestJniLibFolders
player-sdk-android:mergeDebugAndroidTestJniLibFolders
push-core:mergeDebugAndroidTestJniLibFolders
push-getui:mergeDebugAndroidTestJniLibFolders
push-google:mergeDebugAndroidTestJniLibFolders
push-honor:mergeDebugAndroidTestJniLibFolders
push-huawei:mergeDebugAndroidTestJniLibFolders
push-oppo:mergeDebugAndroidTestJniLibFolders
push-vivo:mergeDebugAndroidTestJniLibFolders
push-xiaomi:mergeDebugAndroidTestJniLibFolders
qrcode:mergeDebugAndroidTestJniLibFolders
repository:mergeDebugAndroidTestJniLibFolders
rn-platform:mergeDebugAndroidTestJniLibFolders
base:mergeDebugAndroidTestNativeLibs
bluetooth:mergeDebugAndroidTestNativeLibs
calendarview:mergeDebugAndroidTestNativeLibs
camera:mergeDebugAndroidTestNativeLibs
common:mergeDebugAndroidTestNativeLibs
core-device:mergeDebugAndroidTestNativeLibs
core-device-setup:mergeDebugAndroidTestNativeLibs
core-log:mergeDebugAndroidTestNativeLibs
core-messaging:mergeDebugAndroidTestNativeLibs
core-ui:mergeDebugAndroidTestNativeLibs
core-util:mergeDebugAndroidTestNativeLibs
crash-report-bugly:mergeDebugAndroidTestNativeLibs
crash-report-core:mergeDebugAndroidTestNativeLibs
crash-report-firebase:mergeDebugAndroidTestNativeLibs
domain:mergeDebugAndroidTestNativeLibs
dsbridge:mergeDebugAndroidTestNativeLibs
net:mergeDebugAndroidTestNativeLibs
permissionx:mergeDebugAndroidTestNativeLibs
player-feature-ipc:mergeDebugAndroidTestNativeLibs
player-provider-airtc-android:mergeDebugAndroidTestNativeLibs
player-provider-ugrtc-android:mergeDebugAndroidTestNativeLibs
player-runtime-android:mergeDebugAndroidTestNativeLibs
player-sdk-android:mergeDebugAndroidTestNativeLibs
push-core:mergeDebugAndroidTestNativeLibs
push-getui:mergeDebugAndroidTestNativeLibs
push-google:mergeDebugAndroidTestNativeLibs
push-honor:mergeDebugAndroidTestNativeLibs
push-huawei:mergeDebugAndroidTestNativeLibs
push-oppo:mergeDebugAndroidTestNativeLibs
push-vivo:mergeDebugAndroidTestNativeLibs
push-xiaomi:mergeDebugAndroidTestNativeLibs
qrcode:mergeDebugAndroidTestNativeLibs
repository:mergeDebugAndroidTestNativeLibs
rn-platform:mergeDebugAndroidTestNativeLibs
base:mergeDebugAndroidTestResources
bluetooth:mergeDebugAndroidTestResources
calendarview:mergeDebugAndroidTestResources
camera:mergeDebugAndroidTestResources
common:mergeDebugAndroidTestResources
core-device:mergeDebugAndroidTestResources
core-device-setup:mergeDebugAndroidTestResources
core-log:mergeDebugAndroidTestResources
core-messaging:mergeDebugAndroidTestResources
core-ui:mergeDebugAndroidTestResources
core-util:mergeDebugAndroidTestResources
crash-report-bugly:mergeDebugAndroidTestResources
crash-report-core:mergeDebugAndroidTestResources
crash-report-firebase:mergeDebugAndroidTestResources
domain:mergeDebugAndroidTestResources
dsbridge:mergeDebugAndroidTestResources
net:mergeDebugAndroidTestResources
permissionx:mergeDebugAndroidTestResources
player-feature-ipc:mergeDebugAndroidTestResources
player-provider-airtc-android:mergeDebugAndroidTestResources
player-provider-ugrtc-android:mergeDebugAndroidTestResources
player-runtime-android:mergeDebugAndroidTestResources
player-sdk-android:mergeDebugAndroidTestResources
push-core:mergeDebugAndroidTestResources
push-getui:mergeDebugAndroidTestResources
push-google:mergeDebugAndroidTestResources
push-honor:mergeDebugAndroidTestResources
push-huawei:mergeDebugAndroidTestResources
push-oppo:mergeDebugAndroidTestResources
push-vivo:mergeDebugAndroidTestResources
push-xiaomi:mergeDebugAndroidTestResources
qrcode:mergeDebugAndroidTestResources
repository:mergeDebugAndroidTestResources
rn-platform:mergeDebugAndroidTestResources
base:mergeDebugAssets
bluetooth:mergeDebugAssets
calendarview:mergeDebugAssets
camera:mergeDebugAssets
common:mergeDebugAssets
core-device:mergeDebugAssets
core-device-setup:mergeDebugAssets
core-log:mergeDebugAssets
core-messaging:mergeDebugAssets
core-ui:mergeDebugAssets
core-util:mergeDebugAssets
crash-report-bugly:mergeDebugAssets
crash-report-core:mergeDebugAssets
crash-report-firebase:mergeDebugAssets
domain:mergeDebugAssets
dsbridge:mergeDebugAssets
net:mergeDebugAssets
permissionx:mergeDebugAssets
player-feature-ipc:mergeDebugAssets
player-provider-airtc-android:mergeDebugAssets
player-provider-ugrtc-android:mergeDebugAssets
player-runtime-android:mergeDebugAssets
player-sdk-android:mergeDebugAssets
push-core:mergeDebugAssets
push-getui:mergeDebugAssets
push-google:mergeDebugAssets
push-honor:mergeDebugAssets
push-huawei:mergeDebugAssets
push-oppo:mergeDebugAssets
push-vivo:mergeDebugAssets
push-xiaomi:mergeDebugAssets
qrcode:mergeDebugAssets
repository:mergeDebugAssets
rn-platform:mergeDebugAssets
base:mergeDebugConsumerProguardFiles
bluetooth:mergeDebugConsumerProguardFiles
calendarview:mergeDebugConsumerProguardFiles
camera:mergeDebugConsumerProguardFiles
common:mergeDebugConsumerProguardFiles
core-device:mergeDebugConsumerProguardFiles
core-device-setup:mergeDebugConsumerProguardFiles
core-log:mergeDebugConsumerProguardFiles
core-messaging:mergeDebugConsumerProguardFiles
core-ui:mergeDebugConsumerProguardFiles
core-util:mergeDebugConsumerProguardFiles
crash-report-bugly:mergeDebugConsumerProguardFiles
crash-report-core:mergeDebugConsumerProguardFiles
crash-report-firebase:mergeDebugConsumerProguardFiles
domain:mergeDebugConsumerProguardFiles
dsbridge:mergeDebugConsumerProguardFiles
net:mergeDebugConsumerProguardFiles
permissionx:mergeDebugConsumerProguardFiles
player-feature-ipc:mergeDebugConsumerProguardFiles
player-provider-airtc-android:mergeDebugConsumerProguardFiles
player-provider-ugrtc-android:mergeDebugConsumerProguardFiles
player-runtime-android:mergeDebugConsumerProguardFiles
player-sdk-android:mergeDebugConsumerProguardFiles
push-core:mergeDebugConsumerProguardFiles
push-getui:mergeDebugConsumerProguardFiles
push-google:mergeDebugConsumerProguardFiles
push-honor:mergeDebugConsumerProguardFiles
push-huawei:mergeDebugConsumerProguardFiles
push-oppo:mergeDebugConsumerProguardFiles
push-vivo:mergeDebugConsumerProguardFiles
push-xiaomi:mergeDebugConsumerProguardFiles
qrcode:mergeDebugConsumerProguardFiles
repository:mergeDebugConsumerProguardFiles
rn-platform:mergeDebugConsumerProguardFiles
base:mergeDebugGeneratedProguardFiles
bluetooth:mergeDebugGeneratedProguardFiles
calendarview:mergeDebugGeneratedProguardFiles
camera:mergeDebugGeneratedProguardFiles
common:mergeDebugGeneratedProguardFiles
core-device:mergeDebugGeneratedProguardFiles
core-device-setup:mergeDebugGeneratedProguardFiles
core-log:mergeDebugGeneratedProguardFiles
core-messaging:mergeDebugGeneratedProguardFiles
core-ui:mergeDebugGeneratedProguardFiles
core-util:mergeDebugGeneratedProguardFiles
crash-report-bugly:mergeDebugGeneratedProguardFiles
crash-report-core:mergeDebugGeneratedProguardFiles
crash-report-firebase:mergeDebugGeneratedProguardFiles
domain:mergeDebugGeneratedProguardFiles
dsbridge:mergeDebugGeneratedProguardFiles
net:mergeDebugGeneratedProguardFiles
permissionx:mergeDebugGeneratedProguardFiles
player-feature-ipc:mergeDebugGeneratedProguardFiles
player-provider-airtc-android:mergeDebugGeneratedProguardFiles
player-provider-ugrtc-android:mergeDebugGeneratedProguardFiles
player-runtime-android:mergeDebugGeneratedProguardFiles
player-sdk-android:mergeDebugGeneratedProguardFiles
push-core:mergeDebugGeneratedProguardFiles
push-getui:mergeDebugGeneratedProguardFiles
push-google:mergeDebugGeneratedProguardFiles
push-honor:mergeDebugGeneratedProguardFiles
push-huawei:mergeDebugGeneratedProguardFiles
push-oppo:mergeDebugGeneratedProguardFiles
push-vivo:mergeDebugGeneratedProguardFiles
push-xiaomi:mergeDebugGeneratedProguardFiles
qrcode:mergeDebugGeneratedProguardFiles
repository:mergeDebugGeneratedProguardFiles
rn-platform:mergeDebugGeneratedProguardFiles
base:mergeDebugJavaResource
bluetooth:mergeDebugJavaResource
calendarview:mergeDebugJavaResource
camera:mergeDebugJavaResource
common:mergeDebugJavaResource
core-device:mergeDebugJavaResource
core-device-setup:mergeDebugJavaResource
core-log:mergeDebugJavaResource
core-messaging:mergeDebugJavaResource
core-ui:mergeDebugJavaResource
core-util:mergeDebugJavaResource
crash-report-bugly:mergeDebugJavaResource
crash-report-core:mergeDebugJavaResource
crash-report-firebase:mergeDebugJavaResource
domain:mergeDebugJavaResource
dsbridge:mergeDebugJavaResource
net:mergeDebugJavaResource
permissionx:mergeDebugJavaResource
player-feature-ipc:mergeDebugJavaResource
player-provider-airtc-android:mergeDebugJavaResource
player-provider-ugrtc-android:mergeDebugJavaResource
player-runtime-android:mergeDebugJavaResource
player-sdk-android:mergeDebugJavaResource
push-core:mergeDebugJavaResource
push-getui:mergeDebugJavaResource
push-google:mergeDebugJavaResource
push-honor:mergeDebugJavaResource
push-huawei:mergeDebugJavaResource
push-oppo:mergeDebugJavaResource
push-vivo:mergeDebugJavaResource
push-xiaomi:mergeDebugJavaResource
qrcode:mergeDebugJavaResource
repository:mergeDebugJavaResource
rn-platform:mergeDebugJavaResource
base:mergeDebugJniLibFolders
bluetooth:mergeDebugJniLibFolders
calendarview:mergeDebugJniLibFolders
camera:mergeDebugJniLibFolders
common:mergeDebugJniLibFolders
core-device:mergeDebugJniLibFolders
core-device-setup:mergeDebugJniLibFolders
core-log:mergeDebugJniLibFolders
core-messaging:mergeDebugJniLibFolders
core-ui:mergeDebugJniLibFolders
core-util:mergeDebugJniLibFolders
crash-report-bugly:mergeDebugJniLibFolders
crash-report-core:mergeDebugJniLibFolders
crash-report-firebase:mergeDebugJniLibFolders
domain:mergeDebugJniLibFolders
dsbridge:mergeDebugJniLibFolders
net:mergeDebugJniLibFolders
permissionx:mergeDebugJniLibFolders
player-feature-ipc:mergeDebugJniLibFolders
player-provider-airtc-android:mergeDebugJniLibFolders
player-provider-ugrtc-android:mergeDebugJniLibFolders
player-runtime-android:mergeDebugJniLibFolders
player-sdk-android:mergeDebugJniLibFolders
push-core:mergeDebugJniLibFolders
push-getui:mergeDebugJniLibFolders
push-google:mergeDebugJniLibFolders
push-honor:mergeDebugJniLibFolders
push-huawei:mergeDebugJniLibFolders
push-oppo:mergeDebugJniLibFolders
push-vivo:mergeDebugJniLibFolders
push-xiaomi:mergeDebugJniLibFolders
qrcode:mergeDebugJniLibFolders
repository:mergeDebugJniLibFolders
rn-platform:mergeDebugJniLibFolders
base:mergeDebugNativeLibs
bluetooth:mergeDebugNativeLibs
calendarview:mergeDebugNativeLibs
camera:mergeDebugNativeLibs
common:mergeDebugNativeLibs
core-device:mergeDebugNativeLibs
core-device-setup:mergeDebugNativeLibs
core-log:mergeDebugNativeLibs
core-messaging:mergeDebugNativeLibs
core-ui:mergeDebugNativeLibs
core-util:mergeDebugNativeLibs
crash-report-bugly:mergeDebugNativeLibs
crash-report-core:mergeDebugNativeLibs
crash-report-firebase:mergeDebugNativeLibs
domain:mergeDebugNativeLibs
dsbridge:mergeDebugNativeLibs
net:mergeDebugNativeLibs
permissionx:mergeDebugNativeLibs
player-feature-ipc:mergeDebugNativeLibs
player-provider-airtc-android:mergeDebugNativeLibs
player-provider-ugrtc-android:mergeDebugNativeLibs
player-runtime-android:mergeDebugNativeLibs
player-sdk-android:mergeDebugNativeLibs
push-core:mergeDebugNativeLibs
push-getui:mergeDebugNativeLibs
push-google:mergeDebugNativeLibs
push-honor:mergeDebugNativeLibs
push-huawei:mergeDebugNativeLibs
push-oppo:mergeDebugNativeLibs
push-vivo:mergeDebugNativeLibs
push-xiaomi:mergeDebugNativeLibs
qrcode:mergeDebugNativeLibs
repository:mergeDebugNativeLibs
rn-platform:mergeDebugNativeLibs
base:mergeDebugResources
bluetooth:mergeDebugResources
calendarview:mergeDebugResources
camera:mergeDebugResources
common:mergeDebugResources
core-device:mergeDebugResources
core-device-setup:mergeDebugResources
core-log:mergeDebugResources
core-messaging:mergeDebugResources
core-ui:mergeDebugResources
core-util:mergeDebugResources
crash-report-bugly:mergeDebugResources
crash-report-core:mergeDebugResources
crash-report-firebase:mergeDebugResources
domain:mergeDebugResources
dsbridge:mergeDebugResources
net:mergeDebugResources
permissionx:mergeDebugResources
player-feature-ipc:mergeDebugResources
player-provider-airtc-android:mergeDebugResources
player-provider-ugrtc-android:mergeDebugResources
player-runtime-android:mergeDebugResources
player-sdk-android:mergeDebugResources
push-core:mergeDebugResources
push-getui:mergeDebugResources
push-google:mergeDebugResources
push-honor:mergeDebugResources
push-huawei:mergeDebugResources
push-oppo:mergeDebugResources
push-vivo:mergeDebugResources
push-xiaomi:mergeDebugResources
qrcode:mergeDebugResources
repository:mergeDebugResources
rn-platform:mergeDebugResources
app:mergeDomesticBetaArtProfile
app:mergeDomesticBetaAssets
app:mergeDomesticBetaComposeMapping
app:mergeDomesticBetaGeneratedProguardFiles
app:mergeDomesticBetaJavaResource
app:mergeDomesticBetaJniLibFolders
app:mergeDomesticBetaNativeDebugMetadata
app:mergeDomesticBetaNativeLibs
app:mergeDomesticBetaResources
app:mergeDomesticBetaStartupProfile
app:mergeDomesticDebugAndroidTestAssets
app:mergeDomesticDebugAndroidTestGeneratedProguardFiles
app:mergeDomesticDebugAndroidTestJavaResource
app:mergeDomesticDebugAndroidTestJniLibFolders
app:mergeDomesticDebugAndroidTestNativeLibs
app:mergeDomesticDebugAndroidTestResources
app:mergeDomesticDebugArtProfile
app:mergeDomesticDebugAssets
app:mergeDomesticDebugGeneratedProguardFiles
app:mergeDomesticDebugJavaResource
app:mergeDomesticDebugJniLibFolders
app:mergeDomesticDebugNativeDebugMetadata
app:mergeDomesticDebugNativeLibs
app:mergeDomesticDebugResources
app:mergeDomesticDebugStartupProfile
app:mergeDomesticReleaseArtProfile
app:mergeDomesticReleaseAssets
app:mergeDomesticReleaseComposeMapping
app:mergeDomesticReleaseGeneratedProguardFiles
app:mergeDomesticReleaseJavaResource
app:mergeDomesticReleaseJniLibFolders
app:mergeDomesticReleaseNativeDebugMetadata
app:mergeDomesticReleaseNativeLibs
app:mergeDomesticReleaseResources
app:mergeDomesticReleaseStartupProfile
app:mergeDomesticUatArtProfile
app:mergeDomesticUatAssets
app:mergeDomesticUatComposeMapping
app:mergeDomesticUatGeneratedProguardFiles
app:mergeDomesticUatJavaResource
app:mergeDomesticUatJniLibFolders
app:mergeDomesticUatNativeDebugMetadata
app:mergeDomesticUatNativeLibs
app:mergeDomesticUatResources
app:mergeDomesticUatStartupProfile
base:mergeExtDexDebugAndroidTest
bluetooth:mergeExtDexDebugAndroidTest
calendarview:mergeExtDexDebugAndroidTest
camera:mergeExtDexDebugAndroidTest
common:mergeExtDexDebugAndroidTest
core-device:mergeExtDexDebugAndroidTest
core-device-setup:mergeExtDexDebugAndroidTest
core-log:mergeExtDexDebugAndroidTest
core-messaging:mergeExtDexDebugAndroidTest
core-ui:mergeExtDexDebugAndroidTest
core-util:mergeExtDexDebugAndroidTest
crash-report-bugly:mergeExtDexDebugAndroidTest
crash-report-core:mergeExtDexDebugAndroidTest
crash-report-firebase:mergeExtDexDebugAndroidTest
domain:mergeExtDexDebugAndroidTest
dsbridge:mergeExtDexDebugAndroidTest
net:mergeExtDexDebugAndroidTest
permissionx:mergeExtDexDebugAndroidTest
player-feature-ipc:mergeExtDexDebugAndroidTest
player-provider-airtc-android:mergeExtDexDebugAndroidTest
player-provider-ugrtc-android:mergeExtDexDebugAndroidTest
player-runtime-android:mergeExtDexDebugAndroidTest
player-sdk-android:mergeExtDexDebugAndroidTest
push-core:mergeExtDexDebugAndroidTest
push-getui:mergeExtDexDebugAndroidTest
push-google:mergeExtDexDebugAndroidTest
push-honor:mergeExtDexDebugAndroidTest
push-huawei:mergeExtDexDebugAndroidTest
push-oppo:mergeExtDexDebugAndroidTest
push-vivo:mergeExtDexDebugAndroidTest
push-xiaomi:mergeExtDexDebugAndroidTest
qrcode:mergeExtDexDebugAndroidTest
repository:mergeExtDexDebugAndroidTest
rn-platform:mergeExtDexDebugAndroidTest
app:mergeExtDexDomesticDebug
app:mergeExtDexDomesticDebugAndroidTest
app:mergeExtDexOverseasDebug
app:mergeExtDexOverseasDebugAndroidTest
base:mergeLibDexDebugAndroidTest
bluetooth:mergeLibDexDebugAndroidTest
calendarview:mergeLibDexDebugAndroidTest
camera:mergeLibDexDebugAndroidTest
common:mergeLibDexDebugAndroidTest
core-device:mergeLibDexDebugAndroidTest
core-device-setup:mergeLibDexDebugAndroidTest
core-log:mergeLibDexDebugAndroidTest
core-messaging:mergeLibDexDebugAndroidTest
core-ui:mergeLibDexDebugAndroidTest
core-util:mergeLibDexDebugAndroidTest
crash-report-bugly:mergeLibDexDebugAndroidTest
crash-report-core:mergeLibDexDebugAndroidTest
crash-report-firebase:mergeLibDexDebugAndroidTest
domain:mergeLibDexDebugAndroidTest
dsbridge:mergeLibDexDebugAndroidTest
net:mergeLibDexDebugAndroidTest
permissionx:mergeLibDexDebugAndroidTest
player-feature-ipc:mergeLibDexDebugAndroidTest
player-provider-airtc-android:mergeLibDexDebugAndroidTest
player-provider-ugrtc-android:mergeLibDexDebugAndroidTest
player-runtime-android:mergeLibDexDebugAndroidTest
player-sdk-android:mergeLibDexDebugAndroidTest
push-core:mergeLibDexDebugAndroidTest
push-getui:mergeLibDexDebugAndroidTest
push-google:mergeLibDexDebugAndroidTest
push-honor:mergeLibDexDebugAndroidTest
push-huawei:mergeLibDexDebugAndroidTest
push-oppo:mergeLibDexDebugAndroidTest
push-vivo:mergeLibDexDebugAndroidTest
push-xiaomi:mergeLibDexDebugAndroidTest
qrcode:mergeLibDexDebugAndroidTest
repository:mergeLibDexDebugAndroidTest
rn-platform:mergeLibDexDebugAndroidTest
app:mergeLibDexDomesticDebug
app:mergeLibDexDomesticDebugAndroidTest
app:mergeLibDexOverseasDebug
app:mergeLibDexOverseasDebugAndroidTest
app:mergeOverseasBetaArtProfile
app:mergeOverseasBetaAssets
app:mergeOverseasBetaComposeMapping
app:mergeOverseasBetaGeneratedProguardFiles
app:mergeOverseasBetaJavaResource
app:mergeOverseasBetaJniLibFolders
app:mergeOverseasBetaNativeDebugMetadata
app:mergeOverseasBetaNativeLibs
app:mergeOverseasBetaResources
app:mergeOverseasBetaStartupProfile
app:mergeOverseasDebugAndroidTestAssets
app:mergeOverseasDebugAndroidTestGeneratedProguardFiles
app:mergeOverseasDebugAndroidTestJavaResource
app:mergeOverseasDebugAndroidTestJniLibFolders
app:mergeOverseasDebugAndroidTestNativeLibs
app:mergeOverseasDebugAndroidTestResources
app:mergeOverseasDebugArtProfile
app:mergeOverseasDebugAssets
app:mergeOverseasDebugGeneratedProguardFiles
app:mergeOverseasDebugJavaResource
app:mergeOverseasDebugJniLibFolders
app:mergeOverseasDebugNativeDebugMetadata
app:mergeOverseasDebugNativeLibs
app:mergeOverseasDebugResources
app:mergeOverseasDebugStartupProfile
app:mergeOverseasReleaseArtProfile
app:mergeOverseasReleaseAssets
app:mergeOverseasReleaseComposeMapping
app:mergeOverseasReleaseGeneratedProguardFiles
app:mergeOverseasReleaseJavaResource
app:mergeOverseasReleaseJniLibFolders
app:mergeOverseasReleaseNativeDebugMetadata
app:mergeOverseasReleaseNativeLibs
app:mergeOverseasReleaseResources
app:mergeOverseasReleaseStartupProfile
app:mergeOverseasUatArtProfile
app:mergeOverseasUatAssets
app:mergeOverseasUatComposeMapping
app:mergeOverseasUatGeneratedProguardFiles
app:mergeOverseasUatJavaResource
app:mergeOverseasUatJniLibFolders
app:mergeOverseasUatNativeDebugMetadata
app:mergeOverseasUatNativeLibs
app:mergeOverseasUatResources
app:mergeOverseasUatStartupProfile
base:mergeProjectDexDebugAndroidTest
bluetooth:mergeProjectDexDebugAndroidTest
calendarview:mergeProjectDexDebugAndroidTest
camera:mergeProjectDexDebugAndroidTest
common:mergeProjectDexDebugAndroidTest
core-device:mergeProjectDexDebugAndroidTest
core-device-setup:mergeProjectDexDebugAndroidTest
core-log:mergeProjectDexDebugAndroidTest
core-messaging:mergeProjectDexDebugAndroidTest
core-ui:mergeProjectDexDebugAndroidTest
core-util:mergeProjectDexDebugAndroidTest
crash-report-bugly:mergeProjectDexDebugAndroidTest
crash-report-core:mergeProjectDexDebugAndroidTest
crash-report-firebase:mergeProjectDexDebugAndroidTest
domain:mergeProjectDexDebugAndroidTest
dsbridge:mergeProjectDexDebugAndroidTest
net:mergeProjectDexDebugAndroidTest
permissionx:mergeProjectDexDebugAndroidTest
player-feature-ipc:mergeProjectDexDebugAndroidTest
player-provider-airtc-android:mergeProjectDexDebugAndroidTest
player-provider-ugrtc-android:mergeProjectDexDebugAndroidTest
player-runtime-android:mergeProjectDexDebugAndroidTest
player-sdk-android:mergeProjectDexDebugAndroidTest
push-core:mergeProjectDexDebugAndroidTest
push-getui:mergeProjectDexDebugAndroidTest
push-google:mergeProjectDexDebugAndroidTest
push-honor:mergeProjectDexDebugAndroidTest
push-huawei:mergeProjectDexDebugAndroidTest
push-oppo:mergeProjectDexDebugAndroidTest
push-vivo:mergeProjectDexDebugAndroidTest
push-xiaomi:mergeProjectDexDebugAndroidTest
qrcode:mergeProjectDexDebugAndroidTest
repository:mergeProjectDexDebugAndroidTest
rn-platform:mergeProjectDexDebugAndroidTest
app:mergeProjectDexDomesticDebug
app:mergeProjectDexDomesticDebugAndroidTest
app:mergeProjectDexOverseasDebug
app:mergeProjectDexOverseasDebugAndroidTest
base:mergeReleaseAssets
bluetooth:mergeReleaseAssets
calendarview:mergeReleaseAssets
camera:mergeReleaseAssets
common:mergeReleaseAssets
core-device:mergeReleaseAssets
core-device-setup:mergeReleaseAssets
core-log:mergeReleaseAssets
core-messaging:mergeReleaseAssets
core-ui:mergeReleaseAssets
core-util:mergeReleaseAssets
crash-report-bugly:mergeReleaseAssets
crash-report-core:mergeReleaseAssets
crash-report-firebase:mergeReleaseAssets
domain:mergeReleaseAssets
dsbridge:mergeReleaseAssets
net:mergeReleaseAssets
permissionx:mergeReleaseAssets
player-feature-ipc:mergeReleaseAssets
player-provider-airtc-android:mergeReleaseAssets
player-provider-ugrtc-android:mergeReleaseAssets
player-runtime-android:mergeReleaseAssets
player-sdk-android:mergeReleaseAssets
push-core:mergeReleaseAssets
push-getui:mergeReleaseAssets
push-google:mergeReleaseAssets
push-honor:mergeReleaseAssets
push-huawei:mergeReleaseAssets
push-oppo:mergeReleaseAssets
push-vivo:mergeReleaseAssets
push-xiaomi:mergeReleaseAssets
qrcode:mergeReleaseAssets
repository:mergeReleaseAssets
rn-platform:mergeReleaseAssets
base:mergeReleaseConsumerProguardFiles
bluetooth:mergeReleaseConsumerProguardFiles
calendarview:mergeReleaseConsumerProguardFiles
camera:mergeReleaseConsumerProguardFiles
common:mergeReleaseConsumerProguardFiles
core-device:mergeReleaseConsumerProguardFiles
core-device-setup:mergeReleaseConsumerProguardFiles
core-log:mergeReleaseConsumerProguardFiles
core-messaging:mergeReleaseConsumerProguardFiles
core-ui:mergeReleaseConsumerProguardFiles
core-util:mergeReleaseConsumerProguardFiles
crash-report-bugly:mergeReleaseConsumerProguardFiles
crash-report-core:mergeReleaseConsumerProguardFiles
crash-report-firebase:mergeReleaseConsumerProguardFiles
domain:mergeReleaseConsumerProguardFiles
dsbridge:mergeReleaseConsumerProguardFiles
net:mergeReleaseConsumerProguardFiles
permissionx:mergeReleaseConsumerProguardFiles
player-feature-ipc:mergeReleaseConsumerProguardFiles
player-provider-airtc-android:mergeReleaseConsumerProguardFiles
player-provider-ugrtc-android:mergeReleaseConsumerProguardFiles
player-runtime-android:mergeReleaseConsumerProguardFiles
player-sdk-android:mergeReleaseConsumerProguardFiles
push-core:mergeReleaseConsumerProguardFiles
push-getui:mergeReleaseConsumerProguardFiles
push-google:mergeReleaseConsumerProguardFiles
push-honor:mergeReleaseConsumerProguardFiles
push-huawei:mergeReleaseConsumerProguardFiles
push-oppo:mergeReleaseConsumerProguardFiles
push-vivo:mergeReleaseConsumerProguardFiles
push-xiaomi:mergeReleaseConsumerProguardFiles
qrcode:mergeReleaseConsumerProguardFiles
repository:mergeReleaseConsumerProguardFiles
rn-platform:mergeReleaseConsumerProguardFiles
base:mergeReleaseGeneratedProguardFiles
bluetooth:mergeReleaseGeneratedProguardFiles
calendarview:mergeReleaseGeneratedProguardFiles
camera:mergeReleaseGeneratedProguardFiles
common:mergeReleaseGeneratedProguardFiles
core-device:mergeReleaseGeneratedProguardFiles
core-device-setup:mergeReleaseGeneratedProguardFiles
core-log:mergeReleaseGeneratedProguardFiles
core-messaging:mergeReleaseGeneratedProguardFiles
core-ui:mergeReleaseGeneratedProguardFiles
core-util:mergeReleaseGeneratedProguardFiles
crash-report-bugly:mergeReleaseGeneratedProguardFiles
crash-report-core:mergeReleaseGeneratedProguardFiles
crash-report-firebase:mergeReleaseGeneratedProguardFiles
domain:mergeReleaseGeneratedProguardFiles
dsbridge:mergeReleaseGeneratedProguardFiles
net:mergeReleaseGeneratedProguardFiles
permissionx:mergeReleaseGeneratedProguardFiles
player-feature-ipc:mergeReleaseGeneratedProguardFiles
player-provider-airtc-android:mergeReleaseGeneratedProguardFiles
player-provider-ugrtc-android:mergeReleaseGeneratedProguardFiles
player-runtime-android:mergeReleaseGeneratedProguardFiles
player-sdk-android:mergeReleaseGeneratedProguardFiles
push-core:mergeReleaseGeneratedProguardFiles
push-getui:mergeReleaseGeneratedProguardFiles
push-google:mergeReleaseGeneratedProguardFiles
push-honor:mergeReleaseGeneratedProguardFiles
push-huawei:mergeReleaseGeneratedProguardFiles
push-oppo:mergeReleaseGeneratedProguardFiles
push-vivo:mergeReleaseGeneratedProguardFiles
push-xiaomi:mergeReleaseGeneratedProguardFiles
qrcode:mergeReleaseGeneratedProguardFiles
repository:mergeReleaseGeneratedProguardFiles
rn-platform:mergeReleaseGeneratedProguardFiles
base:mergeReleaseJavaResource
bluetooth:mergeReleaseJavaResource
calendarview:mergeReleaseJavaResource
camera:mergeReleaseJavaResource
common:mergeReleaseJavaResource
core-device:mergeReleaseJavaResource
core-device-setup:mergeReleaseJavaResource
core-log:mergeReleaseJavaResource
core-messaging:mergeReleaseJavaResource
core-ui:mergeReleaseJavaResource
core-util:mergeReleaseJavaResource
crash-report-bugly:mergeReleaseJavaResource
crash-report-core:mergeReleaseJavaResource
crash-report-firebase:mergeReleaseJavaResource
domain:mergeReleaseJavaResource
dsbridge:mergeReleaseJavaResource
net:mergeReleaseJavaResource
permissionx:mergeReleaseJavaResource
player-feature-ipc:mergeReleaseJavaResource
player-provider-airtc-android:mergeReleaseJavaResource
player-provider-ugrtc-android:mergeReleaseJavaResource
player-runtime-android:mergeReleaseJavaResource
player-sdk-android:mergeReleaseJavaResource
push-core:mergeReleaseJavaResource
push-getui:mergeReleaseJavaResource
push-google:mergeReleaseJavaResource
push-honor:mergeReleaseJavaResource
push-huawei:mergeReleaseJavaResource
push-oppo:mergeReleaseJavaResource
push-vivo:mergeReleaseJavaResource
push-xiaomi:mergeReleaseJavaResource
qrcode:mergeReleaseJavaResource
repository:mergeReleaseJavaResource
rn-platform:mergeReleaseJavaResource
base:mergeReleaseJniLibFolders
bluetooth:mergeReleaseJniLibFolders
calendarview:mergeReleaseJniLibFolders
camera:mergeReleaseJniLibFolders
common:mergeReleaseJniLibFolders
core-device:mergeReleaseJniLibFolders
core-device-setup:mergeReleaseJniLibFolders
core-log:mergeReleaseJniLibFolders
core-messaging:mergeReleaseJniLibFolders
core-ui:mergeReleaseJniLibFolders
core-util:mergeReleaseJniLibFolders
crash-report-bugly:mergeReleaseJniLibFolders
crash-report-core:mergeReleaseJniLibFolders
crash-report-firebase:mergeReleaseJniLibFolders
domain:mergeReleaseJniLibFolders
dsbridge:mergeReleaseJniLibFolders
net:mergeReleaseJniLibFolders
permissionx:mergeReleaseJniLibFolders
player-feature-ipc:mergeReleaseJniLibFolders
player-provider-airtc-android:mergeReleaseJniLibFolders
player-provider-ugrtc-android:mergeReleaseJniLibFolders
player-runtime-android:mergeReleaseJniLibFolders
player-sdk-android:mergeReleaseJniLibFolders
push-core:mergeReleaseJniLibFolders
push-getui:mergeReleaseJniLibFolders
push-google:mergeReleaseJniLibFolders
push-honor:mergeReleaseJniLibFolders
push-huawei:mergeReleaseJniLibFolders
push-oppo:mergeReleaseJniLibFolders
push-vivo:mergeReleaseJniLibFolders
push-xiaomi:mergeReleaseJniLibFolders
qrcode:mergeReleaseJniLibFolders
repository:mergeReleaseJniLibFolders
rn-platform:mergeReleaseJniLibFolders
base:mergeReleaseNativeLibs
bluetooth:mergeReleaseNativeLibs
calendarview:mergeReleaseNativeLibs
camera:mergeReleaseNativeLibs
common:mergeReleaseNativeLibs
core-device:mergeReleaseNativeLibs
core-device-setup:mergeReleaseNativeLibs
core-log:mergeReleaseNativeLibs
core-messaging:mergeReleaseNativeLibs
core-ui:mergeReleaseNativeLibs
core-util:mergeReleaseNativeLibs
crash-report-bugly:mergeReleaseNativeLibs
crash-report-core:mergeReleaseNativeLibs
crash-report-firebase:mergeReleaseNativeLibs
domain:mergeReleaseNativeLibs
dsbridge:mergeReleaseNativeLibs
net:mergeReleaseNativeLibs
permissionx:mergeReleaseNativeLibs
player-feature-ipc:mergeReleaseNativeLibs
player-provider-airtc-android:mergeReleaseNativeLibs
player-provider-ugrtc-android:mergeReleaseNativeLibs
player-runtime-android:mergeReleaseNativeLibs
player-sdk-android:mergeReleaseNativeLibs
push-core:mergeReleaseNativeLibs
push-getui:mergeReleaseNativeLibs
push-google:mergeReleaseNativeLibs
push-honor:mergeReleaseNativeLibs
push-huawei:mergeReleaseNativeLibs
push-oppo:mergeReleaseNativeLibs
push-vivo:mergeReleaseNativeLibs
push-xiaomi:mergeReleaseNativeLibs
qrcode:mergeReleaseNativeLibs
repository:mergeReleaseNativeLibs
rn-platform:mergeReleaseNativeLibs
base:mergeReleaseResources
bluetooth:mergeReleaseResources
calendarview:mergeReleaseResources
camera:mergeReleaseResources
common:mergeReleaseResources
core-device:mergeReleaseResources
core-device-setup:mergeReleaseResources
core-log:mergeReleaseResources
core-messaging:mergeReleaseResources
core-ui:mergeReleaseResources
core-util:mergeReleaseResources
crash-report-bugly:mergeReleaseResources
crash-report-core:mergeReleaseResources
crash-report-firebase:mergeReleaseResources
domain:mergeReleaseResources
dsbridge:mergeReleaseResources
net:mergeReleaseResources
permissionx:mergeReleaseResources
player-feature-ipc:mergeReleaseResources
player-provider-airtc-android:mergeReleaseResources
player-provider-ugrtc-android:mergeReleaseResources
player-runtime-android:mergeReleaseResources
player-sdk-android:mergeReleaseResources
push-core:mergeReleaseResources
push-getui:mergeReleaseResources
push-google:mergeReleaseResources
push-honor:mergeReleaseResources
push-huawei:mergeReleaseResources
push-oppo:mergeReleaseResources
push-vivo:mergeReleaseResources
push-xiaomi:mergeReleaseResources
qrcode:mergeReleaseResources
repository:mergeReleaseResources
rn-platform:mergeReleaseResources
player-core:metadataProcessResources - Processes file collection.
app:minifyDomesticBetaWithR8
app:minifyDomesticReleaseWithR8
app:minifyDomesticUatWithR8
app:minifyOverseasBetaWithR8
app:minifyOverseasReleaseWithR8
app:minifyOverseasUatWithR8
core-device-setup:minifyReleaseWithR8
app:optimizeDomesticBetaResources
app:optimizeDomesticReleaseResources
app:optimizeDomesticUatResources
app:optimizeOverseasBetaResources
app:optimizeOverseasReleaseResources
app:optimizeOverseasUatResources
base:packageDebugAndroidTest
bluetooth:packageDebugAndroidTest
calendarview:packageDebugAndroidTest
camera:packageDebugAndroidTest
common:packageDebugAndroidTest
core-device:packageDebugAndroidTest
core-device-setup:packageDebugAndroidTest
core-log:packageDebugAndroidTest
core-messaging:packageDebugAndroidTest
core-ui:packageDebugAndroidTest
core-util:packageDebugAndroidTest
crash-report-bugly:packageDebugAndroidTest
crash-report-core:packageDebugAndroidTest
crash-report-firebase:packageDebugAndroidTest
domain:packageDebugAndroidTest
dsbridge:packageDebugAndroidTest
net:packageDebugAndroidTest
permissionx:packageDebugAndroidTest
player-feature-ipc:packageDebugAndroidTest
player-provider-airtc-android:packageDebugAndroidTest
player-provider-ugrtc-android:packageDebugAndroidTest
player-runtime-android:packageDebugAndroidTest
player-sdk-android:packageDebugAndroidTest
push-core:packageDebugAndroidTest
push-getui:packageDebugAndroidTest
push-google:packageDebugAndroidTest
push-honor:packageDebugAndroidTest
push-huawei:packageDebugAndroidTest
push-oppo:packageDebugAndroidTest
push-vivo:packageDebugAndroidTest
push-xiaomi:packageDebugAndroidTest
qrcode:packageDebugAndroidTest
repository:packageDebugAndroidTest
rn-platform:packageDebugAndroidTest
base:packageDebugAndroidTestResources
bluetooth:packageDebugAndroidTestResources
calendarview:packageDebugAndroidTestResources
camera:packageDebugAndroidTestResources
common:packageDebugAndroidTestResources
core-device:packageDebugAndroidTestResources
core-device-setup:packageDebugAndroidTestResources
core-log:packageDebugAndroidTestResources
core-messaging:packageDebugAndroidTestResources
core-ui:packageDebugAndroidTestResources
core-util:packageDebugAndroidTestResources
crash-report-bugly:packageDebugAndroidTestResources
crash-report-core:packageDebugAndroidTestResources
crash-report-firebase:packageDebugAndroidTestResources
domain:packageDebugAndroidTestResources
dsbridge:packageDebugAndroidTestResources
net:packageDebugAndroidTestResources
permissionx:packageDebugAndroidTestResources
player-feature-ipc:packageDebugAndroidTestResources
player-provider-airtc-android:packageDebugAndroidTestResources
player-provider-ugrtc-android:packageDebugAndroidTestResources
player-runtime-android:packageDebugAndroidTestResources
player-sdk-android:packageDebugAndroidTestResources
push-core:packageDebugAndroidTestResources
push-getui:packageDebugAndroidTestResources
push-google:packageDebugAndroidTestResources
push-honor:packageDebugAndroidTestResources
push-huawei:packageDebugAndroidTestResources
push-oppo:packageDebugAndroidTestResources
push-vivo:packageDebugAndroidTestResources
push-xiaomi:packageDebugAndroidTestResources
qrcode:packageDebugAndroidTestResources
repository:packageDebugAndroidTestResources
rn-platform:packageDebugAndroidTestResources
base:packageDebugRenderscript
bluetooth:packageDebugRenderscript
calendarview:packageDebugRenderscript
camera:packageDebugRenderscript
common:packageDebugRenderscript
core-device:packageDebugRenderscript
core-device-setup:packageDebugRenderscript
core-log:packageDebugRenderscript
core-messaging:packageDebugRenderscript
core-ui:packageDebugRenderscript
core-util:packageDebugRenderscript
crash-report-bugly:packageDebugRenderscript
crash-report-core:packageDebugRenderscript
crash-report-firebase:packageDebugRenderscript
domain:packageDebugRenderscript
dsbridge:packageDebugRenderscript
net:packageDebugRenderscript
permissionx:packageDebugRenderscript
player-feature-ipc:packageDebugRenderscript
player-provider-airtc-android:packageDebugRenderscript
player-provider-ugrtc-android:packageDebugRenderscript
player-runtime-android:packageDebugRenderscript
player-sdk-android:packageDebugRenderscript
push-core:packageDebugRenderscript
push-getui:packageDebugRenderscript
push-google:packageDebugRenderscript
push-honor:packageDebugRenderscript
push-huawei:packageDebugRenderscript
push-oppo:packageDebugRenderscript
push-vivo:packageDebugRenderscript
push-xiaomi:packageDebugRenderscript
qrcode:packageDebugRenderscript
repository:packageDebugRenderscript
rn-platform:packageDebugRenderscript
base:packageDebugResources
bluetooth:packageDebugResources
calendarview:packageDebugResources
camera:packageDebugResources
common:packageDebugResources
core-device:packageDebugResources
core-device-setup:packageDebugResources
core-log:packageDebugResources
core-messaging:packageDebugResources
core-ui:packageDebugResources
core-util:packageDebugResources
crash-report-bugly:packageDebugResources
crash-report-core:packageDebugResources
crash-report-firebase:packageDebugResources
domain:packageDebugResources
dsbridge:packageDebugResources
net:packageDebugResources
permissionx:packageDebugResources
player-feature-ipc:packageDebugResources
player-provider-airtc-android:packageDebugResources
player-provider-ugrtc-android:packageDebugResources
player-runtime-android:packageDebugResources
player-sdk-android:packageDebugResources
push-core:packageDebugResources
push-getui:packageDebugResources
push-google:packageDebugResources
push-honor:packageDebugResources
push-huawei:packageDebugResources
push-oppo:packageDebugResources
push-vivo:packageDebugResources
push-xiaomi:packageDebugResources
qrcode:packageDebugResources
repository:packageDebugResources
rn-platform:packageDebugResources
app:packageDomesticBeta
app:packageDomesticBetaBundle
app:packageDomesticBetaResources
app:packageDomesticBetaUniversalApk
app:packageDomesticDebug
app:packageDomesticDebugAndroidTest
app:packageDomesticDebugAndroidTestResources
app:packageDomesticDebugBundle
app:packageDomesticDebugResources
app:packageDomesticDebugUniversalApk
app:packageDomesticRelease
app:packageDomesticReleaseBundle
app:packageDomesticReleaseResources
app:packageDomesticReleaseUniversalApk
app:packageDomesticUat
app:packageDomesticUatBundle
app:packageDomesticUatResources
app:packageDomesticUatUniversalApk
app:packageOverseasBeta
app:packageOverseasBetaBundle
app:packageOverseasBetaResources
app:packageOverseasBetaUniversalApk
app:packageOverseasDebug
app:packageOverseasDebugAndroidTest
app:packageOverseasDebugAndroidTestResources
app:packageOverseasDebugBundle
app:packageOverseasDebugResources
app:packageOverseasDebugUniversalApk
app:packageOverseasRelease
app:packageOverseasReleaseBundle
app:packageOverseasReleaseResources
app:packageOverseasReleaseUniversalApk
app:packageOverseasUat
app:packageOverseasUatBundle
app:packageOverseasUatResources
app:packageOverseasUatUniversalApk
base:packageReleaseRenderscript
bluetooth:packageReleaseRenderscript
calendarview:packageReleaseRenderscript
camera:packageReleaseRenderscript
common:packageReleaseRenderscript
core-device:packageReleaseRenderscript
core-device-setup:packageReleaseRenderscript
core-log:packageReleaseRenderscript
core-messaging:packageReleaseRenderscript
core-ui:packageReleaseRenderscript
core-util:packageReleaseRenderscript
crash-report-bugly:packageReleaseRenderscript
crash-report-core:packageReleaseRenderscript
crash-report-firebase:packageReleaseRenderscript
domain:packageReleaseRenderscript
dsbridge:packageReleaseRenderscript
net:packageReleaseRenderscript
permissionx:packageReleaseRenderscript
player-feature-ipc:packageReleaseRenderscript
player-provider-airtc-android:packageReleaseRenderscript
player-provider-ugrtc-android:packageReleaseRenderscript
player-runtime-android:packageReleaseRenderscript
player-sdk-android:packageReleaseRenderscript
push-core:packageReleaseRenderscript
push-getui:packageReleaseRenderscript
push-google:packageReleaseRenderscript
push-honor:packageReleaseRenderscript
push-huawei:packageReleaseRenderscript
push-oppo:packageReleaseRenderscript
push-vivo:packageReleaseRenderscript
push-xiaomi:packageReleaseRenderscript
qrcode:packageReleaseRenderscript
repository:packageReleaseRenderscript
rn-platform:packageReleaseRenderscript
base:packageReleaseResources
bluetooth:packageReleaseResources
calendarview:packageReleaseResources
camera:packageReleaseResources
common:packageReleaseResources
core-device:packageReleaseResources
core-device-setup:packageReleaseResources
core-log:packageReleaseResources
core-messaging:packageReleaseResources
core-ui:packageReleaseResources
core-util:packageReleaseResources
crash-report-bugly:packageReleaseResources
crash-report-core:packageReleaseResources
crash-report-firebase:packageReleaseResources
domain:packageReleaseResources
dsbridge:packageReleaseResources
net:packageReleaseResources
permissionx:packageReleaseResources
player-feature-ipc:packageReleaseResources
player-provider-airtc-android:packageReleaseResources
player-provider-ugrtc-android:packageReleaseResources
player-runtime-android:packageReleaseResources
player-sdk-android:packageReleaseResources
push-core:packageReleaseResources
push-getui:packageReleaseResources
push-google:packageReleaseResources
push-honor:packageReleaseResources
push-huawei:packageReleaseResources
push-oppo:packageReleaseResources
push-vivo:packageReleaseResources
push-xiaomi:packageReleaseResources
qrcode:packageReleaseResources
repository:packageReleaseResources
rn-platform:packageReleaseResources
base:parseDebugAndroidTestLocalResources
bluetooth:parseDebugAndroidTestLocalResources
calendarview:parseDebugAndroidTestLocalResources
camera:parseDebugAndroidTestLocalResources
common:parseDebugAndroidTestLocalResources
core-device:parseDebugAndroidTestLocalResources
core-device-setup:parseDebugAndroidTestLocalResources
core-log:parseDebugAndroidTestLocalResources
core-messaging:parseDebugAndroidTestLocalResources
core-ui:parseDebugAndroidTestLocalResources
core-util:parseDebugAndroidTestLocalResources
crash-report-bugly:parseDebugAndroidTestLocalResources
crash-report-core:parseDebugAndroidTestLocalResources
crash-report-firebase:parseDebugAndroidTestLocalResources
domain:parseDebugAndroidTestLocalResources
dsbridge:parseDebugAndroidTestLocalResources
net:parseDebugAndroidTestLocalResources
permissionx:parseDebugAndroidTestLocalResources
player-feature-ipc:parseDebugAndroidTestLocalResources
player-provider-airtc-android:parseDebugAndroidTestLocalResources
player-provider-ugrtc-android:parseDebugAndroidTestLocalResources
player-runtime-android:parseDebugAndroidTestLocalResources
player-sdk-android:parseDebugAndroidTestLocalResources
push-core:parseDebugAndroidTestLocalResources
push-getui:parseDebugAndroidTestLocalResources
push-google:parseDebugAndroidTestLocalResources
push-honor:parseDebugAndroidTestLocalResources
push-huawei:parseDebugAndroidTestLocalResources
push-oppo:parseDebugAndroidTestLocalResources
push-vivo:parseDebugAndroidTestLocalResources
push-xiaomi:parseDebugAndroidTestLocalResources
qrcode:parseDebugAndroidTestLocalResources
repository:parseDebugAndroidTestLocalResources
rn-platform:parseDebugAndroidTestLocalResources
base:parseDebugLocalResources
bluetooth:parseDebugLocalResources
calendarview:parseDebugLocalResources
camera:parseDebugLocalResources
common:parseDebugLocalResources
core-device:parseDebugLocalResources
core-device-setup:parseDebugLocalResources
core-log:parseDebugLocalResources
core-messaging:parseDebugLocalResources
core-ui:parseDebugLocalResources
core-util:parseDebugLocalResources
crash-report-bugly:parseDebugLocalResources
crash-report-core:parseDebugLocalResources
crash-report-firebase:parseDebugLocalResources
domain:parseDebugLocalResources
dsbridge:parseDebugLocalResources
net:parseDebugLocalResources
permissionx:parseDebugLocalResources
player-feature-ipc:parseDebugLocalResources
player-provider-airtc-android:parseDebugLocalResources
player-provider-ugrtc-android:parseDebugLocalResources
player-runtime-android:parseDebugLocalResources
player-sdk-android:parseDebugLocalResources
push-core:parseDebugLocalResources
push-getui:parseDebugLocalResources
push-google:parseDebugLocalResources
push-honor:parseDebugLocalResources
push-huawei:parseDebugLocalResources
push-oppo:parseDebugLocalResources
push-vivo:parseDebugLocalResources
push-xiaomi:parseDebugLocalResources
qrcode:parseDebugLocalResources
repository:parseDebugLocalResources
rn-platform:parseDebugLocalResources
app:parseDomesticBetaIntegrityConfig
app:parseDomesticBetaLocalResources
app:parseDomesticDebugAndroidTestLocalResources
app:parseDomesticDebugIntegrityConfig
app:parseDomesticDebugLocalResources
app:parseDomesticReleaseIntegrityConfig
app:parseDomesticReleaseLocalResources
app:parseDomesticUatIntegrityConfig
app:parseDomesticUatLocalResources
app:parseOverseasBetaIntegrityConfig
app:parseOverseasBetaLocalResources
app:parseOverseasDebugAndroidTestLocalResources
app:parseOverseasDebugIntegrityConfig
app:parseOverseasDebugLocalResources
app:parseOverseasReleaseIntegrityConfig
app:parseOverseasReleaseLocalResources
app:parseOverseasUatIntegrityConfig
app:parseOverseasUatLocalResources
base:parseReleaseLocalResources
bluetooth:parseReleaseLocalResources
calendarview:parseReleaseLocalResources
camera:parseReleaseLocalResources
common:parseReleaseLocalResources
core-device:parseReleaseLocalResources
core-device-setup:parseReleaseLocalResources
core-log:parseReleaseLocalResources
core-messaging:parseReleaseLocalResources
core-ui:parseReleaseLocalResources
core-util:parseReleaseLocalResources
crash-report-bugly:parseReleaseLocalResources
crash-report-core:parseReleaseLocalResources
crash-report-firebase:parseReleaseLocalResources
domain:parseReleaseLocalResources
dsbridge:parseReleaseLocalResources
net:parseReleaseLocalResources
permissionx:parseReleaseLocalResources
player-feature-ipc:parseReleaseLocalResources
player-provider-airtc-android:parseReleaseLocalResources
player-provider-ugrtc-android:parseReleaseLocalResources
player-runtime-android:parseReleaseLocalResources
player-sdk-android:parseReleaseLocalResources
push-core:parseReleaseLocalResources
push-getui:parseReleaseLocalResources
push-google:parseReleaseLocalResources
push-honor:parseReleaseLocalResources
push-huawei:parseReleaseLocalResources
push-oppo:parseReleaseLocalResources
push-vivo:parseReleaseLocalResources
push-xiaomi:parseReleaseLocalResources
qrcode:parseReleaseLocalResources
repository:parseReleaseLocalResources
rn-platform:parseReleaseLocalResources
player-core:preAndroidMainBuild
app:preBuild
base:preBuild
bluetooth:preBuild
calendarview:preBuild
camera:preBuild
common:preBuild
core-device:preBuild
core-device-setup:preBuild
core-log:preBuild
core-messaging:preBuild
core-ui:preBuild
core-util:preBuild
crash-report-bugly:preBuild
crash-report-core:preBuild
crash-report-firebase:preBuild
domain:preBuild
dsbridge:preBuild
net:preBuild
permissionx:preBuild
player-feature-ipc:preBuild
player-provider-airtc-android:preBuild
player-provider-ugrtc-android:preBuild
player-runtime-android:preBuild
player-sdk-android:preBuild
push-core:preBuild
push-getui:preBuild
push-google:preBuild
push-honor:preBuild
push-huawei:preBuild
push-oppo:preBuild
push-vivo:preBuild
push-xiaomi:preBuild
qrcode:preBuild
repository:preBuild
rn-platform:preBuild
base:preDebugAndroidTestBuild
bluetooth:preDebugAndroidTestBuild
calendarview:preDebugAndroidTestBuild
camera:preDebugAndroidTestBuild
common:preDebugAndroidTestBuild
core-device:preDebugAndroidTestBuild
core-device-setup:preDebugAndroidTestBuild
core-log:preDebugAndroidTestBuild
core-messaging:preDebugAndroidTestBuild
core-ui:preDebugAndroidTestBuild
core-util:preDebugAndroidTestBuild
crash-report-bugly:preDebugAndroidTestBuild
crash-report-core:preDebugAndroidTestBuild
crash-report-firebase:preDebugAndroidTestBuild
domain:preDebugAndroidTestBuild
dsbridge:preDebugAndroidTestBuild
net:preDebugAndroidTestBuild
permissionx:preDebugAndroidTestBuild
player-feature-ipc:preDebugAndroidTestBuild
player-provider-airtc-android:preDebugAndroidTestBuild
player-provider-ugrtc-android:preDebugAndroidTestBuild
player-runtime-android:preDebugAndroidTestBuild
player-sdk-android:preDebugAndroidTestBuild
push-core:preDebugAndroidTestBuild
push-getui:preDebugAndroidTestBuild
push-google:preDebugAndroidTestBuild
push-honor:preDebugAndroidTestBuild
push-huawei:preDebugAndroidTestBuild
push-oppo:preDebugAndroidTestBuild
push-vivo:preDebugAndroidTestBuild
push-xiaomi:preDebugAndroidTestBuild
qrcode:preDebugAndroidTestBuild
repository:preDebugAndroidTestBuild
rn-platform:preDebugAndroidTestBuild
base:preDebugBuild
bluetooth:preDebugBuild
calendarview:preDebugBuild
camera:preDebugBuild
common:preDebugBuild
core-device:preDebugBuild
core-device-setup:preDebugBuild
core-log:preDebugBuild
core-messaging:preDebugBuild
core-ui:preDebugBuild
core-util:preDebugBuild
crash-report-bugly:preDebugBuild
crash-report-core:preDebugBuild
crash-report-firebase:preDebugBuild
domain:preDebugBuild
dsbridge:preDebugBuild
net:preDebugBuild
permissionx:preDebugBuild
player-feature-ipc:preDebugBuild
player-provider-airtc-android:preDebugBuild
player-provider-ugrtc-android:preDebugBuild
player-runtime-android:preDebugBuild
player-sdk-android:preDebugBuild
push-core:preDebugBuild
push-getui:preDebugBuild
push-google:preDebugBuild
push-honor:preDebugBuild
push-huawei:preDebugBuild
push-oppo:preDebugBuild
push-vivo:preDebugBuild
push-xiaomi:preDebugBuild
qrcode:preDebugBuild
repository:preDebugBuild
rn-platform:preDebugBuild
base:preDebugUnitTestBuild
bluetooth:preDebugUnitTestBuild
calendarview:preDebugUnitTestBuild
camera:preDebugUnitTestBuild
common:preDebugUnitTestBuild
core-device:preDebugUnitTestBuild
core-device-setup:preDebugUnitTestBuild
core-log:preDebugUnitTestBuild
core-messaging:preDebugUnitTestBuild
core-ui:preDebugUnitTestBuild
core-util:preDebugUnitTestBuild
crash-report-bugly:preDebugUnitTestBuild
crash-report-core:preDebugUnitTestBuild
crash-report-firebase:preDebugUnitTestBuild
domain:preDebugUnitTestBuild
dsbridge:preDebugUnitTestBuild
net:preDebugUnitTestBuild
permissionx:preDebugUnitTestBuild
player-feature-ipc:preDebugUnitTestBuild
player-provider-airtc-android:preDebugUnitTestBuild
player-provider-ugrtc-android:preDebugUnitTestBuild
player-runtime-android:preDebugUnitTestBuild
player-sdk-android:preDebugUnitTestBuild
push-core:preDebugUnitTestBuild
push-getui:preDebugUnitTestBuild
push-google:preDebugUnitTestBuild
push-honor:preDebugUnitTestBuild
push-huawei:preDebugUnitTestBuild
push-oppo:preDebugUnitTestBuild
push-vivo:preDebugUnitTestBuild
push-xiaomi:preDebugUnitTestBuild
qrcode:preDebugUnitTestBuild
repository:preDebugUnitTestBuild
rn-platform:preDebugUnitTestBuild
app:preDomesticBetaBuild
app:preDomesticDebugAndroidTestBuild
app:preDomesticDebugBuild
app:preDomesticDebugUnitTestBuild
app:preDomesticReleaseBuild
app:preDomesticUatBuild
app:preOverseasBetaBuild
app:preOverseasDebugAndroidTestBuild
app:preOverseasDebugBuild
app:preOverseasDebugUnitTestBuild
app:preOverseasReleaseBuild
app:preOverseasUatBuild
player-core:prepareAndroidMainArtProfile
base:prepareDebugArtProfile
bluetooth:prepareDebugArtProfile
calendarview:prepareDebugArtProfile
camera:prepareDebugArtProfile
common:prepareDebugArtProfile
core-device:prepareDebugArtProfile
core-device-setup:prepareDebugArtProfile
core-log:prepareDebugArtProfile
core-messaging:prepareDebugArtProfile
core-ui:prepareDebugArtProfile
core-util:prepareDebugArtProfile
crash-report-bugly:prepareDebugArtProfile
crash-report-core:prepareDebugArtProfile
crash-report-firebase:prepareDebugArtProfile
domain:prepareDebugArtProfile
dsbridge:prepareDebugArtProfile
net:prepareDebugArtProfile
permissionx:prepareDebugArtProfile
player-feature-ipc:prepareDebugArtProfile
player-provider-airtc-android:prepareDebugArtProfile
player-provider-ugrtc-android:prepareDebugArtProfile
player-runtime-android:prepareDebugArtProfile
player-sdk-android:prepareDebugArtProfile
push-core:prepareDebugArtProfile
push-getui:prepareDebugArtProfile
push-google:prepareDebugArtProfile
push-honor:prepareDebugArtProfile
push-huawei:prepareDebugArtProfile
push-oppo:prepareDebugArtProfile
push-vivo:prepareDebugArtProfile
push-xiaomi:prepareDebugArtProfile
qrcode:prepareDebugArtProfile
repository:prepareDebugArtProfile
rn-platform:prepareDebugArtProfile
prepareKotlinBuildScriptModel
player-core:prepareKotlinIdeaImport - Umbrella for all tasks required to run before IDEA/Gradle import
app:prepareLintJarForPublish
base:prepareLintJarForPublish
bluetooth:prepareLintJarForPublish
calendarview:prepareLintJarForPublish
camera:prepareLintJarForPublish
common:prepareLintJarForPublish
core-device:prepareLintJarForPublish
core-device-setup:prepareLintJarForPublish
core-log:prepareLintJarForPublish
core-messaging:prepareLintJarForPublish
core-ui:prepareLintJarForPublish
core-util:prepareLintJarForPublish
crash-report-bugly:prepareLintJarForPublish
crash-report-core:prepareLintJarForPublish
crash-report-firebase:prepareLintJarForPublish
domain:prepareLintJarForPublish
dsbridge:prepareLintJarForPublish
net:prepareLintJarForPublish
permissionx:prepareLintJarForPublish
player-core:prepareLintJarForPublish
player-feature-ipc:prepareLintJarForPublish
player-provider-airtc-android:prepareLintJarForPublish
player-provider-ugrtc-android:prepareLintJarForPublish
player-runtime-android:prepareLintJarForPublish
player-sdk-android:prepareLintJarForPublish
push-core:prepareLintJarForPublish
push-getui:prepareLintJarForPublish
push-google:prepareLintJarForPublish
push-honor:prepareLintJarForPublish
push-huawei:prepareLintJarForPublish
push-oppo:prepareLintJarForPublish
push-vivo:prepareLintJarForPublish
push-xiaomi:prepareLintJarForPublish
qrcode:prepareLintJarForPublish
repository:prepareLintJarForPublish
rn-platform:prepareLintJarForPublish
base:prepareReleaseArtProfile
bluetooth:prepareReleaseArtProfile
calendarview:prepareReleaseArtProfile
camera:prepareReleaseArtProfile
common:prepareReleaseArtProfile
core-device:prepareReleaseArtProfile
core-device-setup:prepareReleaseArtProfile
core-log:prepareReleaseArtProfile
core-messaging:prepareReleaseArtProfile
core-ui:prepareReleaseArtProfile
core-util:prepareReleaseArtProfile
crash-report-bugly:prepareReleaseArtProfile
crash-report-core:prepareReleaseArtProfile
crash-report-firebase:prepareReleaseArtProfile
domain:prepareReleaseArtProfile
dsbridge:prepareReleaseArtProfile
net:prepareReleaseArtProfile
permissionx:prepareReleaseArtProfile
player-feature-ipc:prepareReleaseArtProfile
player-provider-airtc-android:prepareReleaseArtProfile
player-provider-ugrtc-android:prepareReleaseArtProfile
player-runtime-android:prepareReleaseArtProfile
player-sdk-android:prepareReleaseArtProfile
push-core:prepareReleaseArtProfile
push-getui:prepareReleaseArtProfile
push-google:prepareReleaseArtProfile
push-honor:prepareReleaseArtProfile
push-huawei:prepareReleaseArtProfile
push-oppo:prepareReleaseArtProfile
push-vivo:prepareReleaseArtProfile
push-xiaomi:prepareReleaseArtProfile
qrcode:prepareReleaseArtProfile
repository:prepareReleaseArtProfile
rn-platform:prepareReleaseArtProfile
base:preReleaseBuild
bluetooth:preReleaseBuild
calendarview:preReleaseBuild
camera:preReleaseBuild
common:preReleaseBuild
core-device:preReleaseBuild
core-device-setup:preReleaseBuild
core-log:preReleaseBuild
core-messaging:preReleaseBuild
core-ui:preReleaseBuild
core-util:preReleaseBuild
crash-report-bugly:preReleaseBuild
crash-report-core:preReleaseBuild
crash-report-firebase:preReleaseBuild
domain:preReleaseBuild
dsbridge:preReleaseBuild
net:preReleaseBuild
permissionx:preReleaseBuild
player-feature-ipc:preReleaseBuild
player-provider-airtc-android:preReleaseBuild
player-provider-ugrtc-android:preReleaseBuild
player-runtime-android:preReleaseBuild
player-sdk-android:preReleaseBuild
push-core:preReleaseBuild
push-getui:preReleaseBuild
push-google:preReleaseBuild
push-honor:preReleaseBuild
push-huawei:preReleaseBuild
push-oppo:preReleaseBuild
push-vivo:preReleaseBuild
push-xiaomi:preReleaseBuild
qrcode:preReleaseBuild
repository:preReleaseBuild
rn-platform:preReleaseBuild
player-core:processAndroidMainJavaRes
player-core:processAndroidMainManifest
app:processApplicationManifestDomesticBetaForBundle
app:processApplicationManifestDomesticDebugForBundle
app:processApplicationManifestDomesticReleaseForBundle
app:processApplicationManifestDomesticUatForBundle
app:processApplicationManifestOverseasBetaForBundle
app:processApplicationManifestOverseasDebugForBundle
app:processApplicationManifestOverseasReleaseForBundle
app:processApplicationManifestOverseasUatForBundle
base:processDebugAndroidTestJavaRes
bluetooth:processDebugAndroidTestJavaRes
calendarview:processDebugAndroidTestJavaRes
camera:processDebugAndroidTestJavaRes
common:processDebugAndroidTestJavaRes
core-device:processDebugAndroidTestJavaRes
core-device-setup:processDebugAndroidTestJavaRes
core-log:processDebugAndroidTestJavaRes
core-messaging:processDebugAndroidTestJavaRes
core-ui:processDebugAndroidTestJavaRes
core-util:processDebugAndroidTestJavaRes
crash-report-bugly:processDebugAndroidTestJavaRes
crash-report-core:processDebugAndroidTestJavaRes
crash-report-firebase:processDebugAndroidTestJavaRes
domain:processDebugAndroidTestJavaRes
dsbridge:processDebugAndroidTestJavaRes
net:processDebugAndroidTestJavaRes
permissionx:processDebugAndroidTestJavaRes
player-feature-ipc:processDebugAndroidTestJavaRes
player-provider-airtc-android:processDebugAndroidTestJavaRes
player-provider-ugrtc-android:processDebugAndroidTestJavaRes
player-runtime-android:processDebugAndroidTestJavaRes
player-sdk-android:processDebugAndroidTestJavaRes
push-core:processDebugAndroidTestJavaRes
push-getui:processDebugAndroidTestJavaRes
push-google:processDebugAndroidTestJavaRes
push-honor:processDebugAndroidTestJavaRes
push-huawei:processDebugAndroidTestJavaRes
push-oppo:processDebugAndroidTestJavaRes
push-vivo:processDebugAndroidTestJavaRes
push-xiaomi:processDebugAndroidTestJavaRes
qrcode:processDebugAndroidTestJavaRes
repository:processDebugAndroidTestJavaRes
rn-platform:processDebugAndroidTestJavaRes
base:processDebugAndroidTestManifest
bluetooth:processDebugAndroidTestManifest
calendarview:processDebugAndroidTestManifest
camera:processDebugAndroidTestManifest
common:processDebugAndroidTestManifest
core-device:processDebugAndroidTestManifest
core-device-setup:processDebugAndroidTestManifest
core-log:processDebugAndroidTestManifest
core-messaging:processDebugAndroidTestManifest
core-ui:processDebugAndroidTestManifest
core-util:processDebugAndroidTestManifest
crash-report-bugly:processDebugAndroidTestManifest
crash-report-core:processDebugAndroidTestManifest
crash-report-firebase:processDebugAndroidTestManifest
domain:processDebugAndroidTestManifest
dsbridge:processDebugAndroidTestManifest
net:processDebugAndroidTestManifest
permissionx:processDebugAndroidTestManifest
player-feature-ipc:processDebugAndroidTestManifest
player-provider-airtc-android:processDebugAndroidTestManifest
player-provider-ugrtc-android:processDebugAndroidTestManifest
player-runtime-android:processDebugAndroidTestManifest
player-sdk-android:processDebugAndroidTestManifest
push-core:processDebugAndroidTestManifest
push-getui:processDebugAndroidTestManifest
push-google:processDebugAndroidTestManifest
push-honor:processDebugAndroidTestManifest
push-huawei:processDebugAndroidTestManifest
push-oppo:processDebugAndroidTestManifest
push-vivo:processDebugAndroidTestManifest
push-xiaomi:processDebugAndroidTestManifest
qrcode:processDebugAndroidTestManifest
repository:processDebugAndroidTestManifest
rn-platform:processDebugAndroidTestManifest
base:processDebugAndroidTestNavigationResources
bluetooth:processDebugAndroidTestNavigationResources
calendarview:processDebugAndroidTestNavigationResources
camera:processDebugAndroidTestNavigationResources
common:processDebugAndroidTestNavigationResources
core-device:processDebugAndroidTestNavigationResources
core-device-setup:processDebugAndroidTestNavigationResources
core-log:processDebugAndroidTestNavigationResources
core-messaging:processDebugAndroidTestNavigationResources
core-ui:processDebugAndroidTestNavigationResources
core-util:processDebugAndroidTestNavigationResources
crash-report-bugly:processDebugAndroidTestNavigationResources
crash-report-core:processDebugAndroidTestNavigationResources
crash-report-firebase:processDebugAndroidTestNavigationResources
domain:processDebugAndroidTestNavigationResources
dsbridge:processDebugAndroidTestNavigationResources
net:processDebugAndroidTestNavigationResources
permissionx:processDebugAndroidTestNavigationResources
player-feature-ipc:processDebugAndroidTestNavigationResources
player-provider-airtc-android:processDebugAndroidTestNavigationResources
player-provider-ugrtc-android:processDebugAndroidTestNavigationResources
player-runtime-android:processDebugAndroidTestNavigationResources
player-sdk-android:processDebugAndroidTestNavigationResources
push-core:processDebugAndroidTestNavigationResources
push-getui:processDebugAndroidTestNavigationResources
push-google:processDebugAndroidTestNavigationResources
push-honor:processDebugAndroidTestNavigationResources
push-huawei:processDebugAndroidTestNavigationResources
push-oppo:processDebugAndroidTestNavigationResources
push-vivo:processDebugAndroidTestNavigationResources
push-xiaomi:processDebugAndroidTestNavigationResources
qrcode:processDebugAndroidTestNavigationResources
repository:processDebugAndroidTestNavigationResources
rn-platform:processDebugAndroidTestNavigationResources
base:processDebugAndroidTestResources
bluetooth:processDebugAndroidTestResources
calendarview:processDebugAndroidTestResources
camera:processDebugAndroidTestResources
common:processDebugAndroidTestResources
core-device:processDebugAndroidTestResources
core-device-setup:processDebugAndroidTestResources
core-log:processDebugAndroidTestResources
core-messaging:processDebugAndroidTestResources
core-ui:processDebugAndroidTestResources
core-util:processDebugAndroidTestResources
crash-report-bugly:processDebugAndroidTestResources
crash-report-core:processDebugAndroidTestResources
crash-report-firebase:processDebugAndroidTestResources
domain:processDebugAndroidTestResources
dsbridge:processDebugAndroidTestResources
net:processDebugAndroidTestResources
permissionx:processDebugAndroidTestResources
player-feature-ipc:processDebugAndroidTestResources
player-provider-airtc-android:processDebugAndroidTestResources
player-provider-ugrtc-android:processDebugAndroidTestResources
player-runtime-android:processDebugAndroidTestResources
player-sdk-android:processDebugAndroidTestResources
push-core:processDebugAndroidTestResources
push-getui:processDebugAndroidTestResources
push-google:processDebugAndroidTestResources
push-honor:processDebugAndroidTestResources
push-huawei:processDebugAndroidTestResources
push-oppo:processDebugAndroidTestResources
push-vivo:processDebugAndroidTestResources
push-xiaomi:processDebugAndroidTestResources
qrcode:processDebugAndroidTestResources
repository:processDebugAndroidTestResources
rn-platform:processDebugAndroidTestResources
base:processDebugJavaRes
bluetooth:processDebugJavaRes
calendarview:processDebugJavaRes
camera:processDebugJavaRes
common:processDebugJavaRes
core-device:processDebugJavaRes
core-device-setup:processDebugJavaRes
core-log:processDebugJavaRes
core-messaging:processDebugJavaRes
core-ui:processDebugJavaRes
core-util:processDebugJavaRes
crash-report-bugly:processDebugJavaRes
crash-report-core:processDebugJavaRes
crash-report-firebase:processDebugJavaRes
domain:processDebugJavaRes
dsbridge:processDebugJavaRes
net:processDebugJavaRes
permissionx:processDebugJavaRes
player-feature-ipc:processDebugJavaRes
player-provider-airtc-android:processDebugJavaRes
player-provider-ugrtc-android:processDebugJavaRes
player-runtime-android:processDebugJavaRes
player-sdk-android:processDebugJavaRes
push-core:processDebugJavaRes
push-getui:processDebugJavaRes
push-google:processDebugJavaRes
push-honor:processDebugJavaRes
push-huawei:processDebugJavaRes
push-oppo:processDebugJavaRes
push-vivo:processDebugJavaRes
push-xiaomi:processDebugJavaRes
qrcode:processDebugJavaRes
repository:processDebugJavaRes
rn-platform:processDebugJavaRes
base:processDebugManifest
bluetooth:processDebugManifest
calendarview:processDebugManifest
camera:processDebugManifest
common:processDebugManifest
core-device:processDebugManifest
core-device-setup:processDebugManifest
core-log:processDebugManifest
core-messaging:processDebugManifest
core-ui:processDebugManifest
core-util:processDebugManifest
crash-report-bugly:processDebugManifest
crash-report-core:processDebugManifest
crash-report-firebase:processDebugManifest
domain:processDebugManifest
dsbridge:processDebugManifest
net:processDebugManifest
permissionx:processDebugManifest
player-feature-ipc:processDebugManifest
player-provider-airtc-android:processDebugManifest
player-provider-ugrtc-android:processDebugManifest
player-runtime-android:processDebugManifest
player-sdk-android:processDebugManifest
push-core:processDebugManifest
push-getui:processDebugManifest
push-google:processDebugManifest
push-honor:processDebugManifest
push-huawei:processDebugManifest
push-oppo:processDebugManifest
push-vivo:processDebugManifest
push-xiaomi:processDebugManifest
qrcode:processDebugManifest
repository:processDebugManifest
rn-platform:processDebugManifest
base:processDebugNavigationResources
bluetooth:processDebugNavigationResources
calendarview:processDebugNavigationResources
camera:processDebugNavigationResources
common:processDebugNavigationResources
core-device:processDebugNavigationResources
core-device-setup:processDebugNavigationResources
core-log:processDebugNavigationResources
core-messaging:processDebugNavigationResources
core-ui:processDebugNavigationResources
core-util:processDebugNavigationResources
crash-report-bugly:processDebugNavigationResources
crash-report-core:processDebugNavigationResources
crash-report-firebase:processDebugNavigationResources
domain:processDebugNavigationResources
dsbridge:processDebugNavigationResources
net:processDebugNavigationResources
permissionx:processDebugNavigationResources
player-feature-ipc:processDebugNavigationResources
player-provider-airtc-android:processDebugNavigationResources
player-provider-ugrtc-android:processDebugNavigationResources
player-runtime-android:processDebugNavigationResources
player-sdk-android:processDebugNavigationResources
push-core:processDebugNavigationResources
push-getui:processDebugNavigationResources
push-google:processDebugNavigationResources
push-honor:processDebugNavigationResources
push-huawei:processDebugNavigationResources
push-oppo:processDebugNavigationResources
push-vivo:processDebugNavigationResources
push-xiaomi:processDebugNavigationResources
qrcode:processDebugNavigationResources
repository:processDebugNavigationResources
rn-platform:processDebugNavigationResources
base:processDebugUnitTestJavaRes
bluetooth:processDebugUnitTestJavaRes
calendarview:processDebugUnitTestJavaRes
camera:processDebugUnitTestJavaRes
common:processDebugUnitTestJavaRes
core-device:processDebugUnitTestJavaRes
core-device-setup:processDebugUnitTestJavaRes
core-log:processDebugUnitTestJavaRes
core-messaging:processDebugUnitTestJavaRes
core-ui:processDebugUnitTestJavaRes
core-util:processDebugUnitTestJavaRes
crash-report-bugly:processDebugUnitTestJavaRes
crash-report-core:processDebugUnitTestJavaRes
crash-report-firebase:processDebugUnitTestJavaRes
domain:processDebugUnitTestJavaRes
dsbridge:processDebugUnitTestJavaRes
net:processDebugUnitTestJavaRes
permissionx:processDebugUnitTestJavaRes
player-feature-ipc:processDebugUnitTestJavaRes
player-provider-airtc-android:processDebugUnitTestJavaRes
player-provider-ugrtc-android:processDebugUnitTestJavaRes
player-runtime-android:processDebugUnitTestJavaRes
player-sdk-android:processDebugUnitTestJavaRes
push-core:processDebugUnitTestJavaRes
push-getui:processDebugUnitTestJavaRes
push-google:processDebugUnitTestJavaRes
push-honor:processDebugUnitTestJavaRes
push-huawei:processDebugUnitTestJavaRes
push-oppo:processDebugUnitTestJavaRes
push-vivo:processDebugUnitTestJavaRes
push-xiaomi:processDebugUnitTestJavaRes
qrcode:processDebugUnitTestJavaRes
repository:processDebugUnitTestJavaRes
rn-platform:processDebugUnitTestJavaRes
app:processDomesticBetaGoogleServices
app:processDomesticBetaJavaRes
app:processDomesticBetaMainManifest
app:processDomesticBetaManifest
app:processDomesticBetaManifestForPackage
app:processDomesticBetaNavigationResources
app:processDomesticBetaResources
app:processDomesticDebugAndroidTestJavaRes
app:processDomesticDebugAndroidTestManifest
app:processDomesticDebugAndroidTestNavigationResources
app:processDomesticDebugAndroidTestResources
app:processDomesticDebugGoogleServices
app:processDomesticDebugJavaRes
app:processDomesticDebugMainManifest
app:processDomesticDebugManifest
app:processDomesticDebugManifestForPackage
app:processDomesticDebugNavigationResources
app:processDomesticDebugResources
app:processDomesticDebugUnitTestJavaRes
app:processDomesticReleaseGoogleServices
app:processDomesticReleaseJavaRes
app:processDomesticReleaseMainManifest
app:processDomesticReleaseManifest
app:processDomesticReleaseManifestForPackage
app:processDomesticReleaseNavigationResources
app:processDomesticReleaseResources
app:processDomesticUatGoogleServices
app:processDomesticUatJavaRes
app:processDomesticUatMainManifest
app:processDomesticUatManifest
app:processDomesticUatManifestForPackage
app:processDomesticUatNavigationResources
app:processDomesticUatResources
app:processManifestDomesticBetaForFeature
app:processManifestDomesticDebugForFeature
app:processManifestDomesticReleaseForFeature
app:processManifestDomesticUatForFeature
app:processManifestOverseasBetaForFeature
app:processManifestOverseasDebugForFeature
app:processManifestOverseasReleaseForFeature
app:processManifestOverseasUatForFeature
app:processOverseasBetaGoogleServices
app:processOverseasBetaJavaRes
app:processOverseasBetaMainManifest
app:processOverseasBetaManifest
app:processOverseasBetaManifestForPackage
app:processOverseasBetaNavigationResources
app:processOverseasBetaResources
app:processOverseasDebugAndroidTestJavaRes
app:processOverseasDebugAndroidTestManifest
app:processOverseasDebugAndroidTestNavigationResources
app:processOverseasDebugAndroidTestResources
app:processOverseasDebugGoogleServices
app:processOverseasDebugJavaRes
app:processOverseasDebugMainManifest
app:processOverseasDebugManifest
app:processOverseasDebugManifestForPackage
app:processOverseasDebugNavigationResources
app:processOverseasDebugResources
app:processOverseasDebugUnitTestJavaRes
app:processOverseasReleaseGoogleServices
app:processOverseasReleaseJavaRes
app:processOverseasReleaseMainManifest
app:processOverseasReleaseManifest
app:processOverseasReleaseManifestForPackage
app:processOverseasReleaseNavigationResources
app:processOverseasReleaseResources
app:processOverseasUatGoogleServices
app:processOverseasUatJavaRes
app:processOverseasUatMainManifest
app:processOverseasUatManifest
app:processOverseasUatManifestForPackage
app:processOverseasUatNavigationResources
app:processOverseasUatResources
base:processReleaseJavaRes
bluetooth:processReleaseJavaRes
calendarview:processReleaseJavaRes
camera:processReleaseJavaRes
common:processReleaseJavaRes
core-device:processReleaseJavaRes
core-device-setup:processReleaseJavaRes
core-log:processReleaseJavaRes
core-messaging:processReleaseJavaRes
core-ui:processReleaseJavaRes
core-util:processReleaseJavaRes
crash-report-bugly:processReleaseJavaRes
crash-report-core:processReleaseJavaRes
crash-report-firebase:processReleaseJavaRes
domain:processReleaseJavaRes
dsbridge:processReleaseJavaRes
net:processReleaseJavaRes
permissionx:processReleaseJavaRes
player-feature-ipc:processReleaseJavaRes
player-provider-airtc-android:processReleaseJavaRes
player-provider-ugrtc-android:processReleaseJavaRes
player-runtime-android:processReleaseJavaRes
player-sdk-android:processReleaseJavaRes
push-core:processReleaseJavaRes
push-getui:processReleaseJavaRes
push-google:processReleaseJavaRes
push-honor:processReleaseJavaRes
push-huawei:processReleaseJavaRes
push-oppo:processReleaseJavaRes
push-vivo:processReleaseJavaRes
push-xiaomi:processReleaseJavaRes
qrcode:processReleaseJavaRes
repository:processReleaseJavaRes
rn-platform:processReleaseJavaRes
base:processReleaseManifest
bluetooth:processReleaseManifest
calendarview:processReleaseManifest
camera:processReleaseManifest
common:processReleaseManifest
core-device:processReleaseManifest
core-device-setup:processReleaseManifest
core-log:processReleaseManifest
core-messaging:processReleaseManifest
core-ui:processReleaseManifest
core-util:processReleaseManifest
crash-report-bugly:processReleaseManifest
crash-report-core:processReleaseManifest
crash-report-firebase:processReleaseManifest
domain:processReleaseManifest
dsbridge:processReleaseManifest
net:processReleaseManifest
permissionx:processReleaseManifest
player-feature-ipc:processReleaseManifest
player-provider-airtc-android:processReleaseManifest
player-provider-ugrtc-android:processReleaseManifest
player-runtime-android:processReleaseManifest
player-sdk-android:processReleaseManifest
push-core:processReleaseManifest
push-getui:processReleaseManifest
push-google:processReleaseManifest
push-honor:processReleaseManifest
push-huawei:processReleaseManifest
push-oppo:processReleaseManifest
push-vivo:processReleaseManifest
push-xiaomi:processReleaseManifest
qrcode:processReleaseManifest
repository:processReleaseManifest
rn-platform:processReleaseManifest
base:processReleaseNavigationResources
bluetooth:processReleaseNavigationResources
calendarview:processReleaseNavigationResources
camera:processReleaseNavigationResources
common:processReleaseNavigationResources
core-device:processReleaseNavigationResources
core-device-setup:processReleaseNavigationResources
core-log:processReleaseNavigationResources
core-messaging:processReleaseNavigationResources
core-ui:processReleaseNavigationResources
core-util:processReleaseNavigationResources
crash-report-bugly:processReleaseNavigationResources
crash-report-core:processReleaseNavigationResources
crash-report-firebase:processReleaseNavigationResources
domain:processReleaseNavigationResources
dsbridge:processReleaseNavigationResources
net:processReleaseNavigationResources
permissionx:processReleaseNavigationResources
player-feature-ipc:processReleaseNavigationResources
player-provider-airtc-android:processReleaseNavigationResources
player-provider-ugrtc-android:processReleaseNavigationResources
player-runtime-android:processReleaseNavigationResources
player-sdk-android:processReleaseNavigationResources
push-core:processReleaseNavigationResources
push-getui:processReleaseNavigationResources
push-google:processReleaseNavigationResources
push-honor:processReleaseNavigationResources
push-huawei:processReleaseNavigationResources
push-oppo:processReleaseNavigationResources
push-vivo:processReleaseNavigationResources
push-xiaomi:processReleaseNavigationResources
qrcode:processReleaseNavigationResources
repository:processReleaseNavigationResources
rn-platform:processReleaseNavigationResources
core-ui:lint:processResources - Processes main resources.
core-ui:lint:processTestResources - Processes test resources.
app:produceDomesticBetaBundleIdeListingFile
app:produceDomesticBetaComposeMapping
app:produceDomesticDebugBundleIdeListingFile
app:produceDomesticReleaseBundleIdeListingFile
app:produceDomesticReleaseComposeMapping
app:produceDomesticUatBundleIdeListingFile
app:produceDomesticUatComposeMapping
app:produceOverseasBetaBundleIdeListingFile
app:produceOverseasBetaComposeMapping
app:produceOverseasDebugBundleIdeListingFile
app:produceOverseasReleaseBundleIdeListingFile
app:produceOverseasReleaseComposeMapping
app:produceOverseasUatBundleIdeListingFile
app:produceOverseasUatComposeMapping
app:reportDomesticBetaComposeMappingErrors
app:reportDomesticReleaseComposeMappingErrors
app:reportDomesticUatComposeMappingErrors
app:reportOverseasBetaComposeMappingErrors
app:reportOverseasReleaseComposeMappingErrors
app:reportOverseasUatComposeMappingErrors
app:resolveConfigAttr
base:resolveConfigAttr
bluetooth:resolveConfigAttr
calendarview:resolveConfigAttr
camera:resolveConfigAttr
common:resolveConfigAttr
core-device:resolveConfigAttr
core-device-setup:resolveConfigAttr
core-log:resolveConfigAttr
core-messaging:resolveConfigAttr
core-ui:resolveConfigAttr
core-util:resolveConfigAttr
crash-report-bugly:resolveConfigAttr
crash-report-core:resolveConfigAttr
crash-report-firebase:resolveConfigAttr
domain:resolveConfigAttr
dsbridge:resolveConfigAttr
net:resolveConfigAttr
permissionx:resolveConfigAttr
player-core:resolveConfigAttr
player-feature-ipc:resolveConfigAttr
player-provider-airtc-android:resolveConfigAttr
player-provider-ugrtc-android:resolveConfigAttr
player-runtime-android:resolveConfigAttr
player-sdk-android:resolveConfigAttr
push-core:resolveConfigAttr
push-getui:resolveConfigAttr
push-google:resolveConfigAttr
push-honor:resolveConfigAttr
push-huawei:resolveConfigAttr
push-oppo:resolveConfigAttr
push-vivo:resolveConfigAttr
push-xiaomi:resolveConfigAttr
qrcode:resolveConfigAttr
repository:resolveConfigAttr
rn-platform:resolveConfigAttr
app:sdkDomesticBetaDependencyData
app:sdkDomesticReleaseDependencyData
app:sdkDomesticUatDependencyData
app:sdkOverseasBetaDependencyData
app:sdkOverseasReleaseDependencyData
app:sdkOverseasUatDependencyData
player-core:setupLldbScript - Generate lldbinit file with imported konan_lldb.py script
app:signDomesticBetaBundle
app:signDomesticDebugBundle
app:signDomesticReleaseBundle
app:signDomesticUatBundle
base:signingConfigWriterDebugAndroidTest
bluetooth:signingConfigWriterDebugAndroidTest
calendarview:signingConfigWriterDebugAndroidTest
camera:signingConfigWriterDebugAndroidTest
common:signingConfigWriterDebugAndroidTest
core-device:signingConfigWriterDebugAndroidTest
core-device-setup:signingConfigWriterDebugAndroidTest
core-log:signingConfigWriterDebugAndroidTest
core-messaging:signingConfigWriterDebugAndroidTest
core-ui:signingConfigWriterDebugAndroidTest
core-util:signingConfigWriterDebugAndroidTest
crash-report-bugly:signingConfigWriterDebugAndroidTest
crash-report-core:signingConfigWriterDebugAndroidTest
crash-report-firebase:signingConfigWriterDebugAndroidTest
domain:signingConfigWriterDebugAndroidTest
dsbridge:signingConfigWriterDebugAndroidTest
net:signingConfigWriterDebugAndroidTest
permissionx:signingConfigWriterDebugAndroidTest
player-feature-ipc:signingConfigWriterDebugAndroidTest
player-provider-airtc-android:signingConfigWriterDebugAndroidTest
player-provider-ugrtc-android:signingConfigWriterDebugAndroidTest
player-runtime-android:signingConfigWriterDebugAndroidTest
player-sdk-android:signingConfigWriterDebugAndroidTest
push-core:signingConfigWriterDebugAndroidTest
push-getui:signingConfigWriterDebugAndroidTest
push-google:signingConfigWriterDebugAndroidTest
push-honor:signingConfigWriterDebugAndroidTest
push-huawei:signingConfigWriterDebugAndroidTest
push-oppo:signingConfigWriterDebugAndroidTest
push-vivo:signingConfigWriterDebugAndroidTest
push-xiaomi:signingConfigWriterDebugAndroidTest
qrcode:signingConfigWriterDebugAndroidTest
repository:signingConfigWriterDebugAndroidTest
rn-platform:signingConfigWriterDebugAndroidTest
app:signingConfigWriterDomesticBeta
app:signingConfigWriterDomesticDebug
app:signingConfigWriterDomesticDebugAndroidTest
app:signingConfigWriterDomesticRelease
app:signingConfigWriterDomesticUat
app:signingConfigWriterOverseasBeta
app:signingConfigWriterOverseasDebug
app:signingConfigWriterOverseasDebugAndroidTest
app:signingConfigWriterOverseasRelease
app:signingConfigWriterOverseasUat
permissionx:signMavenPublication - Signs all artifacts in the 'maven' publication.
app:signOverseasBetaBundle
app:signOverseasDebugBundle
app:signOverseasReleaseBundle
app:signOverseasUatBundle
permissionx:sourceReleaseJar
base:stripDebugAndroidTestDebugSymbols
bluetooth:stripDebugAndroidTestDebugSymbols
calendarview:stripDebugAndroidTestDebugSymbols
camera:stripDebugAndroidTestDebugSymbols
common:stripDebugAndroidTestDebugSymbols
core-device:stripDebugAndroidTestDebugSymbols
core-device-setup:stripDebugAndroidTestDebugSymbols
core-log:stripDebugAndroidTestDebugSymbols
core-messaging:stripDebugAndroidTestDebugSymbols
core-ui:stripDebugAndroidTestDebugSymbols
core-util:stripDebugAndroidTestDebugSymbols
crash-report-bugly:stripDebugAndroidTestDebugSymbols
crash-report-core:stripDebugAndroidTestDebugSymbols
crash-report-firebase:stripDebugAndroidTestDebugSymbols
domain:stripDebugAndroidTestDebugSymbols
dsbridge:stripDebugAndroidTestDebugSymbols
net:stripDebugAndroidTestDebugSymbols
permissionx:stripDebugAndroidTestDebugSymbols
player-feature-ipc:stripDebugAndroidTestDebugSymbols
player-provider-airtc-android:stripDebugAndroidTestDebugSymbols
player-provider-ugrtc-android:stripDebugAndroidTestDebugSymbols
player-runtime-android:stripDebugAndroidTestDebugSymbols
player-sdk-android:stripDebugAndroidTestDebugSymbols
push-core:stripDebugAndroidTestDebugSymbols
push-getui:stripDebugAndroidTestDebugSymbols
push-google:stripDebugAndroidTestDebugSymbols
push-honor:stripDebugAndroidTestDebugSymbols
push-huawei:stripDebugAndroidTestDebugSymbols
push-oppo:stripDebugAndroidTestDebugSymbols
push-vivo:stripDebugAndroidTestDebugSymbols
push-xiaomi:stripDebugAndroidTestDebugSymbols
qrcode:stripDebugAndroidTestDebugSymbols
repository:stripDebugAndroidTestDebugSymbols
rn-platform:stripDebugAndroidTestDebugSymbols
base:stripDebugDebugSymbols
bluetooth:stripDebugDebugSymbols
calendarview:stripDebugDebugSymbols
camera:stripDebugDebugSymbols
common:stripDebugDebugSymbols
core-device:stripDebugDebugSymbols
core-device-setup:stripDebugDebugSymbols
core-log:stripDebugDebugSymbols
core-messaging:stripDebugDebugSymbols
core-ui:stripDebugDebugSymbols
core-util:stripDebugDebugSymbols
crash-report-bugly:stripDebugDebugSymbols
crash-report-core:stripDebugDebugSymbols
crash-report-firebase:stripDebugDebugSymbols
domain:stripDebugDebugSymbols
dsbridge:stripDebugDebugSymbols
net:stripDebugDebugSymbols
permissionx:stripDebugDebugSymbols
player-feature-ipc:stripDebugDebugSymbols
player-provider-airtc-android:stripDebugDebugSymbols
player-provider-ugrtc-android:stripDebugDebugSymbols
player-runtime-android:stripDebugDebugSymbols
player-sdk-android:stripDebugDebugSymbols
push-core:stripDebugDebugSymbols
push-getui:stripDebugDebugSymbols
push-google:stripDebugDebugSymbols
push-honor:stripDebugDebugSymbols
push-huawei:stripDebugDebugSymbols
push-oppo:stripDebugDebugSymbols
push-vivo:stripDebugDebugSymbols
push-xiaomi:stripDebugDebugSymbols
qrcode:stripDebugDebugSymbols
repository:stripDebugDebugSymbols
rn-platform:stripDebugDebugSymbols
app:stripDomesticBetaDebugSymbols
app:stripDomesticDebugAndroidTestDebugSymbols
app:stripDomesticDebugDebugSymbols
app:stripDomesticReleaseDebugSymbols
app:stripDomesticUatDebugSymbols
app:stripOverseasBetaDebugSymbols
app:stripOverseasDebugAndroidTestDebugSymbols
app:stripOverseasDebugDebugSymbols
app:stripOverseasReleaseDebugSymbols
app:stripOverseasUatDebugSymbols
base:stripReleaseDebugSymbols
bluetooth:stripReleaseDebugSymbols
calendarview:stripReleaseDebugSymbols
camera:stripReleaseDebugSymbols
common:stripReleaseDebugSymbols
core-device:stripReleaseDebugSymbols
core-device-setup:stripReleaseDebugSymbols
core-log:stripReleaseDebugSymbols
core-messaging:stripReleaseDebugSymbols
core-ui:stripReleaseDebugSymbols
core-util:stripReleaseDebugSymbols
crash-report-bugly:stripReleaseDebugSymbols
crash-report-core:stripReleaseDebugSymbols
crash-report-firebase:stripReleaseDebugSymbols
domain:stripReleaseDebugSymbols
dsbridge:stripReleaseDebugSymbols
net:stripReleaseDebugSymbols
permissionx:stripReleaseDebugSymbols
player-feature-ipc:stripReleaseDebugSymbols
player-provider-airtc-android:stripReleaseDebugSymbols
player-provider-ugrtc-android:stripReleaseDebugSymbols
player-runtime-android:stripReleaseDebugSymbols
player-sdk-android:stripReleaseDebugSymbols
push-core:stripReleaseDebugSymbols
push-getui:stripReleaseDebugSymbols
push-google:stripReleaseDebugSymbols
push-honor:stripReleaseDebugSymbols
push-huawei:stripReleaseDebugSymbols
push-oppo:stripReleaseDebugSymbols
push-vivo:stripReleaseDebugSymbols
push-xiaomi:stripReleaseDebugSymbols
qrcode:stripReleaseDebugSymbols
repository:stripReleaseDebugSymbols
rn-platform:stripReleaseDebugSymbols
player-core:syncAndroidMainLibJars
base:syncDebugLibJars
bluetooth:syncDebugLibJars
calendarview:syncDebugLibJars
camera:syncDebugLibJars
common:syncDebugLibJars
core-device:syncDebugLibJars
core-device-setup:syncDebugLibJars
core-log:syncDebugLibJars
core-messaging:syncDebugLibJars
core-ui:syncDebugLibJars
core-util:syncDebugLibJars
crash-report-bugly:syncDebugLibJars
crash-report-core:syncDebugLibJars
crash-report-firebase:syncDebugLibJars
domain:syncDebugLibJars
dsbridge:syncDebugLibJars
net:syncDebugLibJars
permissionx:syncDebugLibJars
player-feature-ipc:syncDebugLibJars
player-provider-airtc-android:syncDebugLibJars
player-provider-ugrtc-android:syncDebugLibJars
player-runtime-android:syncDebugLibJars
player-sdk-android:syncDebugLibJars
push-core:syncDebugLibJars
push-getui:syncDebugLibJars
push-google:syncDebugLibJars
push-honor:syncDebugLibJars
push-huawei:syncDebugLibJars
push-oppo:syncDebugLibJars
push-vivo:syncDebugLibJars
push-xiaomi:syncDebugLibJars
qrcode:syncDebugLibJars
repository:syncDebugLibJars
rn-platform:syncDebugLibJars
player-core:syncPersistedPackageResolvedToSynthetic
base:syncReleaseLibJars
bluetooth:syncReleaseLibJars
calendarview:syncReleaseLibJars
camera:syncReleaseLibJars
common:syncReleaseLibJars
core-device:syncReleaseLibJars
core-device-setup:syncReleaseLibJars
core-log:syncReleaseLibJars
core-messaging:syncReleaseLibJars
core-ui:syncReleaseLibJars
core-util:syncReleaseLibJars
crash-report-bugly:syncReleaseLibJars
crash-report-core:syncReleaseLibJars
crash-report-firebase:syncReleaseLibJars
domain:syncReleaseLibJars
dsbridge:syncReleaseLibJars
net:syncReleaseLibJars
permissionx:syncReleaseLibJars
player-feature-ipc:syncReleaseLibJars
player-provider-airtc-android:syncReleaseLibJars
player-provider-ugrtc-android:syncReleaseLibJars
player-runtime-android:syncReleaseLibJars
player-sdk-android:syncReleaseLibJars
push-core:syncReleaseLibJars
push-getui:syncReleaseLibJars
push-google:syncReleaseLibJars
push-honor:syncReleaseLibJars
push-huawei:syncReleaseLibJars
push-oppo:syncReleaseLibJars
push-vivo:syncReleaseLibJars
push-xiaomi:syncReleaseLibJars
qrcode:syncReleaseLibJars
repository:syncReleaseLibJars
rn-platform:syncReleaseLibJars
player-core:syncSyntheticPackageResolvedToPersisted
base:updateLintBaselineDebug - Update the lint baseline using the debug variant
bluetooth:updateLintBaselineDebug - Update the lint baseline using the debug variant
calendarview:updateLintBaselineDebug - Update the lint baseline using the debug variant
camera:updateLintBaselineDebug - Update the lint baseline using the debug variant
common:updateLintBaselineDebug - Update the lint baseline using the debug variant
core-device:updateLintBaselineDebug - Update the lint baseline using the debug variant
core-device-setup:updateLintBaselineDebug - Update the lint baseline using the debug variant
core-log:updateLintBaselineDebug - Update the lint baseline using the debug variant
core-messaging:updateLintBaselineDebug - Update the lint baseline using the debug variant
core-ui:updateLintBaselineDebug - Update the lint baseline using the debug variant
core-util:updateLintBaselineDebug - Update the lint baseline using the debug variant
crash-report-bugly:updateLintBaselineDebug - Update the lint baseline using the debug variant
crash-report-core:updateLintBaselineDebug - Update the lint baseline using the debug variant
crash-report-firebase:updateLintBaselineDebug - Update the lint baseline using the debug variant
domain:updateLintBaselineDebug - Update the lint baseline using the debug variant
dsbridge:updateLintBaselineDebug - Update the lint baseline using the debug variant
net:updateLintBaselineDebug - Update the lint baseline using the debug variant
permissionx:updateLintBaselineDebug - Update the lint baseline using the debug variant
player-feature-ipc:updateLintBaselineDebug - Update the lint baseline using the debug variant
player-provider-airtc-android:updateLintBaselineDebug - Update the lint baseline using the debug variant
player-provider-ugrtc-android:updateLintBaselineDebug - Update the lint baseline using the debug variant
player-runtime-android:updateLintBaselineDebug - Update the lint baseline using the debug variant
player-sdk-android:updateLintBaselineDebug - Update the lint baseline using the debug variant
push-core:updateLintBaselineDebug - Update the lint baseline using the debug variant
push-getui:updateLintBaselineDebug - Update the lint baseline using the debug variant
push-google:updateLintBaselineDebug - Update the lint baseline using the debug variant
push-honor:updateLintBaselineDebug - Update the lint baseline using the debug variant
push-huawei:updateLintBaselineDebug - Update the lint baseline using the debug variant
push-oppo:updateLintBaselineDebug - Update the lint baseline using the debug variant
push-vivo:updateLintBaselineDebug - Update the lint baseline using the debug variant
push-xiaomi:updateLintBaselineDebug - Update the lint baseline using the debug variant
qrcode:updateLintBaselineDebug - Update the lint baseline using the debug variant
repository:updateLintBaselineDebug - Update the lint baseline using the debug variant
rn-platform:updateLintBaselineDebug - Update the lint baseline using the debug variant
app:updateLintBaselineDomesticBeta - Update the lint baseline using the domesticBeta variant
app:updateLintBaselineDomesticDebug - Update the lint baseline using the domesticDebug variant
app:updateLintBaselineDomesticRelease - Update the lint baseline using the domesticRelease variant
app:updateLintBaselineDomesticUat - Update the lint baseline using the domesticUat variant
app:updateLintBaselineOverseasBeta - Update the lint baseline using the overseasBeta variant
app:updateLintBaselineOverseasDebug - Update the lint baseline using the overseasDebug variant
app:updateLintBaselineOverseasRelease - Update the lint baseline using the overseasRelease variant
app:updateLintBaselineOverseasUat - Update the lint baseline using the overseasUat variant
base:updateLintBaselineRelease - Update the lint baseline using the release variant
bluetooth:updateLintBaselineRelease - Update the lint baseline using the release variant
calendarview:updateLintBaselineRelease - Update the lint baseline using the release variant
camera:updateLintBaselineRelease - Update the lint baseline using the release variant
common:updateLintBaselineRelease - Update the lint baseline using the release variant
core-device:updateLintBaselineRelease - Update the lint baseline using the release variant
core-device-setup:updateLintBaselineRelease - Update the lint baseline using the release variant
core-log:updateLintBaselineRelease - Update the lint baseline using the release variant
core-messaging:updateLintBaselineRelease - Update the lint baseline using the release variant
core-ui:updateLintBaselineRelease - Update the lint baseline using the release variant
core-util:updateLintBaselineRelease - Update the lint baseline using the release variant
crash-report-bugly:updateLintBaselineRelease - Update the lint baseline using the release variant
crash-report-core:updateLintBaselineRelease - Update the lint baseline using the release variant
crash-report-firebase:updateLintBaselineRelease - Update the lint baseline using the release variant
domain:updateLintBaselineRelease - Update the lint baseline using the release variant
dsbridge:updateLintBaselineRelease - Update the lint baseline using the release variant
net:updateLintBaselineRelease - Update the lint baseline using the release variant
permissionx:updateLintBaselineRelease - Update the lint baseline using the release variant
player-feature-ipc:updateLintBaselineRelease - Update the lint baseline using the release variant
player-provider-airtc-android:updateLintBaselineRelease - Update the lint baseline using the release variant
player-provider-ugrtc-android:updateLintBaselineRelease - Update the lint baseline using the release variant
player-runtime-android:updateLintBaselineRelease - Update the lint baseline using the release variant
player-sdk-android:updateLintBaselineRelease - Update the lint baseline using the release variant
push-core:updateLintBaselineRelease - Update the lint baseline using the release variant
push-getui:updateLintBaselineRelease - Update the lint baseline using the release variant
push-google:updateLintBaselineRelease - Update the lint baseline using the release variant
push-honor:updateLintBaselineRelease - Update the lint baseline using the release variant
push-huawei:updateLintBaselineRelease - Update the lint baseline using the release variant
push-oppo:updateLintBaselineRelease - Update the lint baseline using the release variant
push-vivo:updateLintBaselineRelease - Update the lint baseline using the release variant
push-xiaomi:updateLintBaselineRelease - Update the lint baseline using the release variant
qrcode:updateLintBaselineRelease - Update the lint baseline using the release variant
repository:updateLintBaselineRelease - Update the lint baseline using the release variant
rn-platform:updateLintBaselineRelease - Update the lint baseline using the release variant
base:validateSigningDebugAndroidTest
bluetooth:validateSigningDebugAndroidTest
calendarview:validateSigningDebugAndroidTest
camera:validateSigningDebugAndroidTest
common:validateSigningDebugAndroidTest
core-device:validateSigningDebugAndroidTest
core-device-setup:validateSigningDebugAndroidTest
core-log:validateSigningDebugAndroidTest
core-messaging:validateSigningDebugAndroidTest
core-ui:validateSigningDebugAndroidTest
core-util:validateSigningDebugAndroidTest
crash-report-bugly:validateSigningDebugAndroidTest
crash-report-core:validateSigningDebugAndroidTest
crash-report-firebase:validateSigningDebugAndroidTest
domain:validateSigningDebugAndroidTest
dsbridge:validateSigningDebugAndroidTest
net:validateSigningDebugAndroidTest
permissionx:validateSigningDebugAndroidTest
player-feature-ipc:validateSigningDebugAndroidTest
player-provider-airtc-android:validateSigningDebugAndroidTest
player-provider-ugrtc-android:validateSigningDebugAndroidTest
player-runtime-android:validateSigningDebugAndroidTest
player-sdk-android:validateSigningDebugAndroidTest
push-core:validateSigningDebugAndroidTest
push-getui:validateSigningDebugAndroidTest
push-google:validateSigningDebugAndroidTest
push-honor:validateSigningDebugAndroidTest
push-huawei:validateSigningDebugAndroidTest
push-oppo:validateSigningDebugAndroidTest
push-vivo:validateSigningDebugAndroidTest
push-xiaomi:validateSigningDebugAndroidTest
qrcode:validateSigningDebugAndroidTest
repository:validateSigningDebugAndroidTest
rn-platform:validateSigningDebugAndroidTest
base:verifyReleaseResources
bluetooth:verifyReleaseResources
calendarview:verifyReleaseResources
camera:verifyReleaseResources
common:verifyReleaseResources
core-device:verifyReleaseResources
core-device-setup:verifyReleaseResources
core-log:verifyReleaseResources
core-messaging:verifyReleaseResources
core-ui:verifyReleaseResources
core-util:verifyReleaseResources
crash-report-bugly:verifyReleaseResources
crash-report-core:verifyReleaseResources
crash-report-firebase:verifyReleaseResources
domain:verifyReleaseResources
dsbridge:verifyReleaseResources
net:verifyReleaseResources
permissionx:verifyReleaseResources
player-feature-ipc:verifyReleaseResources
player-provider-airtc-android:verifyReleaseResources
player-provider-ugrtc-android:verifyReleaseResources
player-runtime-android:verifyReleaseResources
player-sdk-android:verifyReleaseResources
push-core:verifyReleaseResources
push-getui:verifyReleaseResources
push-google:verifyReleaseResources
push-honor:verifyReleaseResources
push-huawei:verifyReleaseResources
push-oppo:verifyReleaseResources
push-vivo:verifyReleaseResources
push-xiaomi:verifyReleaseResources
qrcode:verifyReleaseResources
repository:verifyReleaseResources
rn-platform:verifyReleaseResources
player-core:writeAndroidMainAarMetadata
base:writeDebugAarMetadata
bluetooth:writeDebugAarMetadata
calendarview:writeDebugAarMetadata
camera:writeDebugAarMetadata
common:writeDebugAarMetadata
core-device:writeDebugAarMetadata
core-device-setup:writeDebugAarMetadata
core-log:writeDebugAarMetadata
core-messaging:writeDebugAarMetadata
core-ui:writeDebugAarMetadata
core-util:writeDebugAarMetadata
crash-report-bugly:writeDebugAarMetadata
crash-report-core:writeDebugAarMetadata
crash-report-firebase:writeDebugAarMetadata
domain:writeDebugAarMetadata
dsbridge:writeDebugAarMetadata
net:writeDebugAarMetadata
permissionx:writeDebugAarMetadata
player-feature-ipc:writeDebugAarMetadata
player-provider-airtc-android:writeDebugAarMetadata
player-provider-ugrtc-android:writeDebugAarMetadata
player-runtime-android:writeDebugAarMetadata
player-sdk-android:writeDebugAarMetadata
push-core:writeDebugAarMetadata
push-getui:writeDebugAarMetadata
push-google:writeDebugAarMetadata
push-honor:writeDebugAarMetadata
push-huawei:writeDebugAarMetadata
push-oppo:writeDebugAarMetadata
push-vivo:writeDebugAarMetadata
push-xiaomi:writeDebugAarMetadata
qrcode:writeDebugAarMetadata
repository:writeDebugAarMetadata
rn-platform:writeDebugAarMetadata
base:writeDebugAndroidTestSigningConfigVersions
bluetooth:writeDebugAndroidTestSigningConfigVersions
calendarview:writeDebugAndroidTestSigningConfigVersions
camera:writeDebugAndroidTestSigningConfigVersions
common:writeDebugAndroidTestSigningConfigVersions
core-device:writeDebugAndroidTestSigningConfigVersions
core-device-setup:writeDebugAndroidTestSigningConfigVersions
core-log:writeDebugAndroidTestSigningConfigVersions
core-messaging:writeDebugAndroidTestSigningConfigVersions
core-ui:writeDebugAndroidTestSigningConfigVersions
core-util:writeDebugAndroidTestSigningConfigVersions
crash-report-bugly:writeDebugAndroidTestSigningConfigVersions
crash-report-core:writeDebugAndroidTestSigningConfigVersions
crash-report-firebase:writeDebugAndroidTestSigningConfigVersions
domain:writeDebugAndroidTestSigningConfigVersions
dsbridge:writeDebugAndroidTestSigningConfigVersions
net:writeDebugAndroidTestSigningConfigVersions
permissionx:writeDebugAndroidTestSigningConfigVersions
player-feature-ipc:writeDebugAndroidTestSigningConfigVersions
player-provider-airtc-android:writeDebugAndroidTestSigningConfigVersions
player-provider-ugrtc-android:writeDebugAndroidTestSigningConfigVersions
player-runtime-android:writeDebugAndroidTestSigningConfigVersions
player-sdk-android:writeDebugAndroidTestSigningConfigVersions
push-core:writeDebugAndroidTestSigningConfigVersions
push-getui:writeDebugAndroidTestSigningConfigVersions
push-google:writeDebugAndroidTestSigningConfigVersions
push-honor:writeDebugAndroidTestSigningConfigVersions
push-huawei:writeDebugAndroidTestSigningConfigVersions
push-oppo:writeDebugAndroidTestSigningConfigVersions
push-vivo:writeDebugAndroidTestSigningConfigVersions
push-xiaomi:writeDebugAndroidTestSigningConfigVersions
qrcode:writeDebugAndroidTestSigningConfigVersions
repository:writeDebugAndroidTestSigningConfigVersions
rn-platform:writeDebugAndroidTestSigningConfigVersions
base:writeDebugLintModelMetadata
bluetooth:writeDebugLintModelMetadata
calendarview:writeDebugLintModelMetadata
camera:writeDebugLintModelMetadata
common:writeDebugLintModelMetadata
core-device:writeDebugLintModelMetadata
core-device-setup:writeDebugLintModelMetadata
core-log:writeDebugLintModelMetadata
core-messaging:writeDebugLintModelMetadata
core-ui:writeDebugLintModelMetadata
core-util:writeDebugLintModelMetadata
crash-report-bugly:writeDebugLintModelMetadata
crash-report-core:writeDebugLintModelMetadata
crash-report-firebase:writeDebugLintModelMetadata
domain:writeDebugLintModelMetadata
dsbridge:writeDebugLintModelMetadata
net:writeDebugLintModelMetadata
permissionx:writeDebugLintModelMetadata
player-feature-ipc:writeDebugLintModelMetadata
player-provider-airtc-android:writeDebugLintModelMetadata
player-provider-ugrtc-android:writeDebugLintModelMetadata
player-runtime-android:writeDebugLintModelMetadata
player-sdk-android:writeDebugLintModelMetadata
push-core:writeDebugLintModelMetadata
push-getui:writeDebugLintModelMetadata
push-google:writeDebugLintModelMetadata
push-honor:writeDebugLintModelMetadata
push-huawei:writeDebugLintModelMetadata
push-oppo:writeDebugLintModelMetadata
push-vivo:writeDebugLintModelMetadata
push-xiaomi:writeDebugLintModelMetadata
qrcode:writeDebugLintModelMetadata
repository:writeDebugLintModelMetadata
rn-platform:writeDebugLintModelMetadata
app:writeDomesticBetaApplicationId
app:writeDomesticBetaAppMetadata
app:writeDomesticBetaModuleMetadata
app:writeDomesticBetaSigningConfigVersions
app:writeDomesticDebugAndroidTestSigningConfigVersions
app:writeDomesticDebugApplicationId
app:writeDomesticDebugAppMetadata
app:writeDomesticDebugModuleMetadata
app:writeDomesticDebugSigningConfigVersions
app:writeDomesticReleaseApplicationId
app:writeDomesticReleaseAppMetadata
app:writeDomesticReleaseModuleMetadata
app:writeDomesticReleaseSigningConfigVersions
app:writeDomesticUatApplicationId
app:writeDomesticUatAppMetadata
app:writeDomesticUatModuleMetadata
app:writeDomesticUatSigningConfigVersions
app:writeOverseasBetaApplicationId
app:writeOverseasBetaAppMetadata
app:writeOverseasBetaModuleMetadata
app:writeOverseasBetaSigningConfigVersions
app:writeOverseasDebugAndroidTestSigningConfigVersions
app:writeOverseasDebugApplicationId
app:writeOverseasDebugAppMetadata
app:writeOverseasDebugModuleMetadata
app:writeOverseasDebugSigningConfigVersions
app:writeOverseasReleaseApplicationId
app:writeOverseasReleaseAppMetadata
app:writeOverseasReleaseModuleMetadata
app:writeOverseasReleaseSigningConfigVersions
app:writeOverseasUatApplicationId
app:writeOverseasUatAppMetadata
app:writeOverseasUatModuleMetadata
app:writeOverseasUatSigningConfigVersions
base:writeReleaseAarMetadata
bluetooth:writeReleaseAarMetadata
calendarview:writeReleaseAarMetadata
camera:writeReleaseAarMetadata
common:writeReleaseAarMetadata
core-device:writeReleaseAarMetadata
core-device-setup:writeReleaseAarMetadata
core-log:writeReleaseAarMetadata
core-messaging:writeReleaseAarMetadata
core-ui:writeReleaseAarMetadata
core-util:writeReleaseAarMetadata
crash-report-bugly:writeReleaseAarMetadata
crash-report-core:writeReleaseAarMetadata
crash-report-firebase:writeReleaseAarMetadata
domain:writeReleaseAarMetadata
dsbridge:writeReleaseAarMetadata
net:writeReleaseAarMetadata
permissionx:writeReleaseAarMetadata
player-feature-ipc:writeReleaseAarMetadata
player-provider-airtc-android:writeReleaseAarMetadata
player-provider-ugrtc-android:writeReleaseAarMetadata
player-runtime-android:writeReleaseAarMetadata
player-sdk-android:writeReleaseAarMetadata
push-core:writeReleaseAarMetadata
push-getui:writeReleaseAarMetadata
push-google:writeReleaseAarMetadata
push-honor:writeReleaseAarMetadata
push-huawei:writeReleaseAarMetadata
push-oppo:writeReleaseAarMetadata
push-vivo:writeReleaseAarMetadata
push-xiaomi:writeReleaseAarMetadata
qrcode:writeReleaseAarMetadata
repository:writeReleaseAarMetadata
rn-platform:writeReleaseAarMetadata
base:writeReleaseLintModelMetadata
bluetooth:writeReleaseLintModelMetadata
calendarview:writeReleaseLintModelMetadata
camera:writeReleaseLintModelMetadata
common:writeReleaseLintModelMetadata
core-device:writeReleaseLintModelMetadata
core-device-setup:writeReleaseLintModelMetadata
core-log:writeReleaseLintModelMetadata
core-messaging:writeReleaseLintModelMetadata
core-ui:writeReleaseLintModelMetadata
core-util:writeReleaseLintModelMetadata
crash-report-bugly:writeReleaseLintModelMetadata
crash-report-core:writeReleaseLintModelMetadata
crash-report-firebase:writeReleaseLintModelMetadata
domain:writeReleaseLintModelMetadata
dsbridge:writeReleaseLintModelMetadata
net:writeReleaseLintModelMetadata
permissionx:writeReleaseLintModelMetadata
player-feature-ipc:writeReleaseLintModelMetadata
player-provider-airtc-android:writeReleaseLintModelMetadata
player-provider-ugrtc-android:writeReleaseLintModelMetadata
player-runtime-android:writeReleaseLintModelMetadata
player-sdk-android:writeReleaseLintModelMetadata
push-core:writeReleaseLintModelMetadata
push-getui:writeReleaseLintModelMetadata
push-google:writeReleaseLintModelMetadata
push-honor:writeReleaseLintModelMetadata
push-huawei:writeReleaseLintModelMetadata
push-oppo:writeReleaseLintModelMetadata
push-vivo:writeReleaseLintModelMetadata
push-xiaomi:writeReleaseLintModelMetadata
qrcode:writeReleaseLintModelMetadata
repository:writeReleaseLintModelMetadata
rn-platform:writeReleaseLintModelMetadata
app:zipApksForDomesticBeta
app:zipApksForDomesticDebug
app:zipApksForDomesticRelease
app:zipApksForDomesticUat
app:zipApksForOverseasBeta
app:zipApksForOverseasDebug
app:zipApksForOverseasRelease
app:zipApksForOverseasUat

[Incubating] Problems report is available at: file:///private/tmp/ugreen-android-architecture-20260914/android/build/reports/problems/problems-report.html

Deprecated Gradle features were used in this build, making it incompatible with Gradle 10.

You can use '--warning-mode all' to show the individual deprecation warnings and determine if they come from your own scripts or plugins.

For more on this, please refer to https://docs.gradle.org/9.4.1/userguide/command_line_interface.html#sec:command_line_warnings in the Gradle documentation.

BUILD SUCCESSFUL in 17s
1 actionable task: 1 executed
]9;4;0exit_code=0
elapsed_seconds=18
ended_at=2026-09-14T14:26:13+08:00
